Time (s),Reference (N),Estimate (N),uc (N),Extended estimate (N),Extended uc (N)
0.66,180.37744779893805,179.01573072741547,0.8974010690840917,178.95377109310047,1.2002799449056003
0.661,173.94687902893696,172.81133691621758,0.8974010690840917,172.73016994679276,1.1447579875279463
0.662,166.97588292222034,166.7604847004923,0.8974010690840917,166.5540169234431,1.1204100417559886
0.663,159.74896529605832,157.71502221530028,0.8974010690840917,157.57978203653178,1.063439379606848
0.664,152.58385947221558,151.0814518936823,0.8974010690840917,150.90604200908862,1.0093817768404498
0.665,145.80431222618887,144.13907536421092,0.8974010690840917,144.0538828066777,0.9927810454266932
0.666,139.70157121986716,140.27140950628635,0.8974010690840917,140.12403465054746,1.0148696002731856
0.667,134.50416134262184,135.0482500153234,0.8974010690840917,134.8996573817982,1.0515796244303657
0.668,130.32672384862107,129.8986226131771,0.8974010690840917,129.84056489309884,1.0434731469038183
0.669,127.17824914495904,127.4306049040857,0.8974010690840917,127.41994005759261,1.0015286224765436
0.67,124.96198989050242,125.88941130405397,0.8974010690840917,125.93156881887377,0.9674830880646706
0.671,123.49953835315326,125.31613517643817,0.8974010690840917,125.30034643627205,0.9485661505492137
0.672,122.566005199408,122.87972743486708,0.8974010690840917,122.87224040057907,0.9521001243635022
0.673,121.00013930759896,120.50236076299706,0.8974010690840917,120.57122540821632,0.9363691866287784
0.674,119.3213791901766,119.6319544886033,0.8974010690840917,119.6476511277052,0.9343878904497621
0.675,117.56324211580409,117.349416521639,0.8974010690840917,117.37123281656143,0.9392403650038644
0.676,115.8356166026852,115.17303108934875,0.8974010690840917,115.25008729282553,0.935235299861878
0.677,114.28944934481213,114.28528565206136,0.8974010690840917,114.36029468553095,0.9335600911703625
0.678,113.10560474197251,112.92207162840764,0.8974010690840917,113.00253237505117,0.9357103719155093
0.679,112.4691669032654,111.51435194795194,0.8974010690840917,111.61884221284474,0.9363091463927694
0.68,112.5515527438502,110.9858640244634,0.8974010690840917,111.19754966266298,0.9354001887175627
0.681,113.4923396119764,113.18120359594084,0.8974010690840917,113.3652731544995,0.9376620862791267
0.682,115.38341925329549,114.65061456401386,0.8974010690840917,114.88031818007464,0.9371086794045242
0.683,118.25664311853744,117.23325854123544,0.8974010690840917,117.50470191170197,0.9475735017300517
0.684,122.07572656557592,121.23551415378452,0.8974010690840917,121.5764679179098,0.972596600462892
0.685,126.7328204196968,127.3896014365828,0.8974010690840917,127.71920777059935,0.9881882576654412
0.686,132.04983164124127,132.74779845286488,0.8974010690840917,133.11111385658788,0.9965580761758432
0.687,137.78430042718514,139.04938744033078,0.8974010690840917,139.34083146734048,1.0016027324994055
0.6880000000000001,143.6394290466987,143.85214627466326,0.8974010690840917,144.12777265128744,0.9974653766584715
0.6890000000000001,149.27770889652987,148.18587674772172,0.8974010690840917,148.48522992748724,1.0122026468059748
0.6900000000000001,154.33749941517016,152.6887764056665,0.8974010690840917,153.0359238455291,1.0414054421885235
0.6910000000000001,158.45186208622926,158.43736540101398,0.8974010690840917,158.65098235660096,1.046912533328629
0.6920000000000001,161.26892718131924,160.6502993491536,0.8974010690840917,160.8278797938545,1.036562109841661
0.6930000000000001,162.4730509695974,161.87380424551986,0.8974010690840917,162.00350352012805,1.0336392694237277
0.6940000000000001,161.8049023384404,162.3305280068947,0.8974010690840917,162.27615600336904,1.046983391963737
0.6950000000000001,159.06653130031475,157.91713947383784,0.8974010690840917,157.93926400633677,1.0579362106460861
0.6960000000000001,154.13040361573246,156.14763016181496,0.8974010690840917,155.9749516582325,1.0887952029430472
0.6970000000000001,149.0464639642843,149.57618029390147,0.8974010690840917,149.43680837262545,1.1125895794122012
0.6980000000000001,142.68468294835466,143.99031290345542,0.8974010690840917,143.71359391260688,1.120275039956944
0.6990000000000001,135.21098559238644,134.65575902047897,0.8974010690840917,134.45741197247293,1.0925258237617634
0.7000000000000001,126.82311127874203,127.67598909447506,0.8974010690840917,127.34940739148374,1.0625564181099318
0.7010000000000001,117.75205646259354,117.82877889580506,0.8974010690840917,117.49420063685491,1.089265762341364
0.7020000000000001,108.23911194193988,108.2894024870228,0.8974010690840917,107.95018291340521,1.1015488902741404
0.7030000000000001,98.48489995368442,98.7212110596208,0.8974010690840917,98.35685965773708,1.152921331115063
0.704,88.68971172489722,88.68257243495421,0.8974010690840917,88.33992093980454,1.2005266069147262
0.705,79.03491803859532,79.1236163318225,0.8974010690840917,78.81931487694177,1.233302566920261
0.706,69.6906330035956,70.42861424384044,0.8974010690840917,70.1126124788383,1.2776042542464985
0.707,60.82617851982482,61.02643048084047,0.8974010690840917,60.79031379951666,1.3068835287635403
0.708,52.607858638555385,53.76180606898404,0.8974010690840917,53.52000723953079,1.3329741407059115
0.709,45.21574512675973,46.48577065950503,0.8974010690840917,46.27115593033342,1.3711633126774305
0.71,38.84269522560459,39.34554048355083,0.8974010690840917,39.22274446806814,1.393906821592245
0.711,33.69246536188456,33.58947855135142,0.8974010690840917,33.57859702544096,1.40300802171875
0.712,29.971801570243755,30.29383540943058,0.8974010690840917,30.36242944371615,1.4086802910249199
0.713,27.88273806177256,28.95745030958168,0.8974010690840917,29.071482656491092,1.4037437152822594
0.714,27.610991510116065,28.17985049758565,0.8974010690840917,28.422437359084714,1.3879998811926828
0.715,29.30455058857845,30.48327402048965,0.8974010690840917,30.825095085788938,1.3450777626168835
0.716,33.05576054586889,34.94780713558556,0.8974010690840917,35.338608471384624,1.2779055906143881
0.717,38.88901746882024,40.11149859366312,0.8974010690840917,40.59273869887192,1.212977321508005
0.718,46.7595884321621,46.82117931673993,0.8974010690840917,47.46416521750111,1.190874505349372
0.719,56.53849317332464,57.456916377559416,0.8974010690840917,58.125441055462446,1.185997442966536
0.72,68.02315222082808,68.23713711272268,0.8974010690840917,68.87659775636423,1.1269181170099978
0.721,76.51409027682016,77.46306714227536,0.8974010690840917,78.05193256469798,1.0586177077233059
0.722,85.34493635164773,84.58089410074358,0.8974010690840917,85.23441575035926,1.0514284923398252
0.723,94.3055618324675,93.59846765230604,0.8974010690840917,94.26386409385346,1.070981983554373
0.724,103.23576950423288,102.54266075657506,0.8974010690840917,103.22700825824683,1.0782827604510128
0.725,112.02352264950324,112.16683813674015,0.8974010690840917,112.80725554770592,1.071322779822889
0.726,120.60002384431246,120.31305587477264,0.8974010690840917,120.91288397224675,1.0419062561538621
0.727,128.9332525154242,127.09828990281125,0.8974010690840917,127.79090233274738,1.0691714249461814
0.728,137.00920405119408,136.66155153033864,0.8974010690840917,137.26341936560937,1.0991132899634284
0.729,144.82266762974749,144.13675036341277,0.8974010690840917,144.77996640972594,1.1190000654476657
0.73,152.36954935608003,152.94158407940142,0.8974010690840917,153.5385162714477,1.1709012874152296
0.731,159.6354876899106,160.5877940987126,0.8974010690840917,161.1119745815073,1.1897573436066011
0.732,166.6028571577882,166.07141897683456,0.8974010690840917,166.6341823775577,1.218700368236178
0.733,173.24784296618014,173.31272462204709,0.8974010690840917,173.7959594359552,1.2698241871546876
0.734,179.52471633898725,178.63562365075327,0.8974010690840917,179.11923290280401,1.2519458824179734
0.735,185.39905778330163,184.47003613171188,0.8974010690840917,184.93488798314715,1.2437480503023695
0.736,190.8208813963672,190.36199628819804,0.8974010690840917,190.79304720075024,1.2334296153272308
0.737,195.69677975533503,196.21668819111716,0.8974010690840917,196.581955659994,1.2161832026284105
0.738,199.89157255083936,200.8911807599473,0.8974010690840917,201.16841843248304,1.1999067450909884
0.739,203.2152849499477,203.905832567286,0.8974010690840917,204.15088608879,1.211615200994765
0.74,205.42123815591523,206.04782327744576,0.8974010690840917,206.20698870751033,1.2183665160401593
0.741,206.2324399415483,206.3127148226669,0.8974010690840917,206.45519375755566,1.2549510706442155
0.742,205.3409758245118,206.46141308186327,0.8974010690840917,206.46031723575953,1.287162787649822
0.743,202.45139892956888,203.0912267410678,0.8974010690840917,202.994691515688,1.3098450628716725
0.744,197.312813672159,197.386643656514,0.8974010690840917,197.19307847898762,1.3155225685730465
0.745,189.98594955049012,189.1977236234394,0.8974010690840917,188.96025684489763,1.2896214120678464
0.746,181.5097332660592,180.0924102360366,0.8974010690840917,179.8440698134336,1.2271873750605453
0.747,172.3089694211136,171.24837874591478,0.8974010690840917,170.9593666123708,1.1450313086593216
0.748,162.79869426673227,162.39716294612543,0.8974010690840917,162.05402007061662,1.1118210645075761
0.749,153.35172073345572,152.21317262558463,0.8974010690840917,151.95246584470038,1.065737179636938
0.75,144.27593722747042,144.71794930057428,0.8974010690840917,144.37595252158158,1.0531005691490682
0.751,135.80849561852835,135.53374817625013,0.8974010690840917,135.2493198482284,1.0714408112280813
0.752,128.12811721618988,128.43317725960011,0.8974010690840917,128.15391005067053,1.0506123513146686
0.753,121.29878777359656,121.12706348458826,0.8974010690840917,120.92552915359506,1.0279766855744465
0.754,115.29853780836636,115.537166992933,0.8974010690840917,115.3330637616591,1.003328032907169
0.755,110.05228282367918,109.5969602617518,0.8974010690840917,109.41399461760865,0.9991217450943072
0.756,105.4646999766436,103.75251826275812,0.8974010690840917,103.67606203759784,0.9716504636545614
0.757,101.4296673026534,100.56351987355605,0.8974010690840917,100.46458299203012,0.9632526216735247
0.758,97.8696375302889,96.78308879866591,0.8974010690840917,96.70112422414005,0.9823934895273541
0.759,94.72865652983604,93.5206321218434,0.8974010690840917,93.50136223232262,0.9886163639526723
0.76,91.9373869480565,91.76747860617814,0.8974010690840917,91.69785335567484,1.0101233344143141
0.761,89.42401740647404,88.57829949628348,0.8974010690840917,88.56048845579816,1.0331032567775553
0.762,87.10608717283486,86.86764646358152,0.8974010690840917,86.81180512242784,1.0379491818641895
0.763,84.89379016769604,83.65568063752747,0.8974010690840917,83.67680993767902,1.0478515675040827
0.764,82.70912078848204,82.18361351065855,0.8974010690840917,82.23036259118267,1.045733149627348
0.765,80.49377223981887,81.1141829264585,0.8974010690840917,81.10469714739331,1.053025816161325
0.766,78.21331746335879,78.18840068055842,0.8974010690840917,78.1636312074958,1.0649396380574983
0.767,75.8457973134941,74.47055910093916,0.8974010690840917,74.5423861947572,1.0414831696466498
0.768,73.37069568880304,73.38196928266574,0.8974010690840917,73.30750587313273,1.010711552707359
0.769,68.44254565957111,67.29698707262133,0.8974010690840917,67.32834747769688,1.0115759614906055
0.77,64.07966937895077,63.41959550064748,0.8974010690840917,63.496098461710304,0.9787232195302787
0.771,60.22038064881578,60.75459882834542,0.8974010690840917,60.74705432077118,1.0026810760234255
0.772,56.86164677862232,55.84563489596793,0.8974010690840917,55.96214888352737,1.0298282138028942
0.773,54.01651761804479,54.52778776211151,0.8974010690840917,54.54478497345232,1.0800029485750187
0.774,51.7293326757995,50.38993953920188,0.8974010690840917,50.51112837964536,1.165071989004658
0.775,50.06163674675842,49.07446850785278,0.8974010690840917,49.28588801895697,1.2306683938015892
0.776,49.077610712192126,50.035703602476346,0.8974010690840917,50.148972712043744,1.2864683211469148
0.777,48.83630795014493,48.2054216640032,0.8974010690840917,48.47045538199278,1.2915553747435455
0.778,49.35434219284295,49.93709473441946,0.8974010690840917,50.203464587040536,1.2697442432065107
0.779,50.63447379922904,51.43250385501018,0.8974010690840917,51.75271602217355,1.231557394205152
0.78,52.67950994264136,54.00385534901893,0.8974010690840917,54.30482072253422,1.1803649350853067
0.781,55.496589979501096,55.3858060610233,0.8974010690840917,55.81536172790627,1.1542719663419685
0.782,59.10960966685773,59.68367945258157,0.8974010690840917,60.1563015639698,1.1444674066658362
0.783,63.55612306755497,64.86777385206346,0.8974010690840917,65.37410958800164,1.1145679219203866
0.784,68.86755601546015,70.1627652534856,0.8974010690840917,70.6966053944516,1.0870201461649163
0.785,75.06012240689199,75.74727004474633,0.8974010690840917,76.3573865671825,1.0805624199193653
0.786,82.12669428970392,83.24220703578905,0.8974010690840917,83.83721527729197,1.0673758040997667
0.787,90.02850512760116,90.19474884965965,0.8974010690840917,90.9065292641408,1.0806899117589568
0.788,98.6871795264492,100.36964757533532,0.8974010690840917,100.99199725054443,1.0618963126051026
0.789,107.97899982480322,107.14003002428436,0.8974010690840917,107.8987677450942,1.0641018685542787
0.79,117.74860627749428,117.63241920973424,0.8974010690840917,118.42825969231777,1.1374845540582026
0.791,127.81672410745996,129.36295259043968,0.8974010690840917,130.05182704821982,1.111819891470383
0.792,137.96643254992924,138.2607263416251,0.8974010690840917,138.9307963256298,1.0658220429556555
0.793,146.6420545669749,146.8373859096364,0.8974010690840917,147.51353271829382,1.0729422252195364
0.794,154.9708438643342,155.8069037358626,0.8974010690840917,156.4572769536047,1.0954806098787713
0.795,162.88103973308264,163.9630939635283,0.8974010690840917,164.53702822132067,1.1233589450355328
0.796,170.29981719540717,169.58305456500042,0.8974010690840917,170.27222728221415,1.2117131120845783
0.797,177.17098725462023,178.66114158322864,0.8974010690840917,179.1891923074999,1.3061137937640594
0.798,183.46772560061805,183.64680641089848,0.8974010690840917,184.18052703771494,1.3787378277243987
0.799,189.16336144157077,188.8697161666068,0.8974010690840917,189.4131395380747,1.4656703626256034
0.8,194.2489859003825,194.69410703888929,0.8974010690840917,195.1492642265236,1.481688574661358
0.801,198.7497004380869,199.10595676774932,0.8974010690840917,199.47489015914007,1.4428305055059056
0.802,202.6986568990274,201.87904594189,0.8974010690840917,202.28208551843565,1.4312612054707123
0.803,206.09153029543896,205.949503252748,0.8974010690840917,206.2538138970516,1.4089209585399698
0.804,208.8877433872321,208.1605640591371,0.8974010690840917,208.45168597277032,1.3993380685962666
0.805,210.990027495688,210.7217123532334,0.8974010690840917,210.94784195963769,1.4059630557840168
0.806,212.2531301548998,212.25129582873015,0.8974010690840917,212.39865195816014,1.4000982824036257
0.807,212.50010909331127,212.4401958115093,0.8974010690840917,212.54235797051714,1.3906656359793472
0.808,211.53017244656056,211.98710204961452,0.8974010690840917,211.9471135525963,1.3853482808909061
0.809,209.1287115997586,207.913339962372,0.8974010690840917,207.85926308388005,1.3498883316887642
0.81,205.08032497724307,204.3708384201265,0.8974010690840917,204.21781277322083,1.322335548809981
0.811,199.18476915660145,198.58722037844657,0.8974010690840917,198.332541816063,1.2999288980686434
0.812,191.2756075664748,190.7083737344942,0.8974010690840917,190.38766096131883,1.278144300533018
0.8130000000000001,181.24109842762812,181.30518981359012,0.8974010690840917,180.88509872960756,1.272406967616541
0.8140000000000001,169.0465705397041,169.28844010151667,0.8974010690840917,168.7950920592444,1.2663088138946283
0.8150000000000001,154.7571830970228,156.12859132648666,0.8974010690840917,155.47274660740862,1.3149000485755613
0.8160000000000001,138.55956851433734,138.89487716643774,0.8974010690840917,138.34420803244507,1.296399693893879
0.8170000000000001,125.88739018362917,125.28439583666432,0.8974010690840917,124.80465488827916,1.1881141913698958
0.8180000000000001,113.6381535798526,113.87194443484084,0.8974010690840917,113.3830680598704,1.1709229658093008
0.8190000000000001,102.09168764219004,102.27372080874471,0.8974010690840917,101.79393596598293,1.2025145582191088
0.8200000000000001,91.46103003418575,90.7300591008694,0.8974010690840917,90.35530167802341,1.2003145324728468
0.8210000000000001,81.89839878140194,82.36992777352322,0.8974010690840917,82.00778779656605,1.1975636479347338
0.8220000000000001,73.50319106163553,74.42938203261288,0.8974010690840917,74.11038447789123,1.2255114464810881
0.8230000000000001,66.33101105839985,67.52714477935572,0.8974010690840917,67.23814850453046,1.2490342597588997
0.8240000000000001,60.4029080732064,60.904782662090426,0.8974010690840917,60.68556292883593,1.2695528602433106
0.8250000000000001,55.71522365798423,55.42483862546725,0.8974010690840917,55.32626675634565,1.2881636363099818
0.8260000000000001,52.264087717784776,52.74141166270569,0.8974010690840917,52.65220436438054,1.344005935631599
0.8270000000000001,50.06937279301776,49.943315451439545,0.8974010690840917,49.92068739033421,1.4209287083890472
0.8280000000000001,49.15909760549154,48.238955323369765,0.8974010690840917,48.31682701763291,1.5071798472225637
0.8290000000000001,49.56372896161996,48.93684946726447,0.8974010690840917,49.09077087715827,1.523801245520316
0.8300000000000001,51.266752803725126,50.89879910395561,0.8974010690840917,51.12265109421362,1.498457307148103
0.8310000000000001,54.20675389294516,53.82664137253645,0.8974010690840917,54.11580853016192,1.4313402123257446
0.8320000000000001,58.290703352029325,57.52274788763542,0.8974010690840917,57.936714526224684,1.3228810192219822
0.833,63.37653995465895,63.87310756837957,0.8974010690840917,64.23251524638121,1.1913364680386727
0.834,69.3055959256278,67.51477854472601,0.8974010690840917,68.04802767167753,1.1164511140432103
0.835,75.92002977076268,75.18874119752375,0.8974010690840917,75.69215009420935,1.0677591669964583
0.836,83.06812617622722,81.17534340239831,0.8974010690840917,81.73990367921881,1.0380343945667931
0.837,90.61770727983232,88.51477487012647,0.8974010690840917,89.14083269542233,1.0597710581987325
0.838,98.45139252515196,97.33671382917947,0.8974010690840917,97.96569501840315,1.0689549550733883
0.839,106.4335780295003,106.12230756106914,0.8974010690840917,106.6801267339677,1.0368098605119893
0.84,114.4002434600138,112.89960747479346,0.8974010690840917,113.565255335489,1.0475116476138633
0.841,123.6057782631954,122.51819836870726,0.8974010690840917,123.21293288035925,1.107359803120806
0.842,132.8047986165331,132.92748590426524,0.8974010690840917,133.53846268273466,1.106265301388201
0.843,141.73854445567164,141.1433163282504,0.8974010690840917,141.79714119466377,1.1246394121565804
0.844,150.16062411362392,150.1223913303093,0.8974010690840917,150.70822885101094,1.1816321804057395
0.845,157.8210182938506,157.44832601099148,0.8974010690840917,158.00508091381835,1.2561971306142161
0.846,164.476292194594,164.1690941509079,0.8974010690840917,164.66594917597166,1.3397418857235144
0.847,169.92170842431568,169.67206409922207,0.8974010690840917,170.1357531534483,1.4101726601512057
0.848,174.00425480592713,174.5604570155774,0.8974010690840917,174.94432774796178,1.434931701109368
0.849,176.6312691062398,178.061901967807,0.8974010690840917,178.3234818787361,1.3714395168683953
0.85,177.79562990854265,178.90488169336078,0.8974010690840917,179.03846919204364,1.275669188292619
0.851,177.53611714334954,177.06872469743303,0.8974010690840917,177.17084326384378,1.196951027037863
0.852,175.89746481168905,174.9113952991953,0.8974010690840917,174.98662856624122,1.1236438628583805
0.853,172.9325204578388,172.71404852737638,0.8974010690840917,172.68799291350402,1.0796195939457212
0.854,168.7035880143961,168.074724116837,0.8974010690840917,167.98178903353875,1.061231342504306
0.855,163.27513083895974,162.20767462232297,0.8974010690840917,162.05298191026483,1.067648424097723
0.856,156.7082462005825,154.86378270041916,0.8974010690840917,154.76441651655256,1.0463200267700823
0.857,149.0853652871326,149.4688319972235,0.8974010690840917,149.2751307375801,1.0400871099626676
0.858,140.534909123643,141.76904046780973,0.8974010690840917,141.46897751063722,1.080126863921311
0.859,131.2484420138044,131.55258319520692,0.8974010690840917,131.26115050571434,1.0924305357914044
0.86,121.476555766065,122.04527245274316,0.8974010690840917,121.7607676474624,1.0746533450264828
0.861,111.52096526724414,113.0399746104055,0.8974010690840917,112.63932923000603,1.1253962602900076
0.862,101.731643796825,100.8832224513449,0.8974010690840917,100.63476322975477,1.1342045610606772
0.863,92.50193133316348,93.15976621182286,0.8974010690840917,92.89239572245441,1.1221569824930935
0.864,84.28069965397573,84.78705632224133,0.8974010690840917,84.67641366960224,1.170324089746082
0.865,80.00388742968022,81.00599834148284,0.8974010690840917,80.87880917422133,1.2315342549639243
0.866,77.20974078104906,76.63631626161343,0.8974010690840917,76.6523333048779,1.3240830445937652
0.867,75.96191454243694,76.27788376069772,0.8974010690840917,76.3399727834156,1.392444064189708
0.868,76.2787721173745,76.61501459882868,0.8974010690840917,76.77563152359244,1.4111409281239327
0.869,78.09934517496808,79.31723520967066,0.8974010690840917,79.52659425153435,1.3115230536751856
0.87,81.26701216856407,82.05485364147683,0.8974010690840917,82.35315996049485,1.2095763393480163
0.871,85.58973578004486,86.4343229431023,0.8974010690840917,86.75954862839885,1.1160492217395703
0.872,90.87666367017292,90.75414537014458,0.8974010690840917,91.20387500859677,1.0594250872789193
0.873,96.94265118050816,97.9451812846808,0.8974010690840917,98.36628568248459,1.0155548144270996
0.874,103.6103016517278,103.60668606464893,0.8974010690840917,104.1042950734488,1.0030371116705576
0.875,110.712061279143,111.05983982876704,0.8974010690840917,111.55528589007957,1.0268089171393533
0.876,118.1524283315977,118.14739731821982,0.8974010690840917,118.64841489023947,1.025305770890031
0.877,125.90536299111176,125.49511284625942,0.8974010690840917,125.9895345234065,1.0287165295464722
0.878,133.929511272502,132.70909763612465,0.8974010690840917,133.29138237019293,1.0671326797012544
0.879,142.13915345043443,142.1800815252444,0.8974010690840917,142.67968282298216,1.092749232298745
0.88,150.41515106394152,149.50198513374352,0.8974010690840917,150.03494562549218,1.1054727180713277
0.881,158.61460102339208,157.92887558570413,0.8974010690840917,158.4643929673431,1.1570388058613452
0.882,166.56724779095566,166.44305334944522,0.8974010690840917,166.94304532069256,1.1903425225192372
0.883,174.07303546344352,174.14016968667107,0.8974010690840917,174.59484664129775,1.212708867430894
0.884,180.8997649448711,180.89803871583717,0.8974010690840917,181.25707000761287,1.248000396318186
0.885,186.7556052692161,185.4968376230834,0.8974010690840917,185.91034510292295,1.350986869356231
0.886,191.2855086362985,191.711910160506,0.8974010690840917,191.9936923930068,1.4644689969553382
0.887,194.12032179352624,194.80447797789196,0.8974010690840917,195.00763780326207,1.554065463464527
0.888,194.8990503212542,196.09339381575725,0.8974010690840917,196.2234797891171,1.6391066041537572
0.889,195.93514935156853,196.14309561464813,0.8974010690840917,196.16618373527263,1.724000646170685
0.89,194.6429975762533,193.76006375345656,0.8974010690840917,193.75716815386116,1.7890400488343743
0.891,191.02459775752035,191.36315502855103,0.8974010690840917,191.19116790540212,1.8638301397739583
0.892,185.13941281275456,184.78339020313564,0.8974010690840917,184.52122476828168,1.709745282258078
0.893,177.1979064207136,177.143709461893,0.8974010690840917,176.7777899763457,1.5627785909709804
0.894,167.44662428815263,167.5748191759162,0.8974010690840917,167.13466445613324,1.4268731637560284
0.895,156.14103694312712,156.96970627565065,0.8974010690840917,156.4287271553185,1.3110577040138696
0.896,143.54268965372,145.02809839495856,0.8974010690840917,144.39791534973335,1.2556022924823718
0.897,129.91914698631666,131.4318303850718,0.8974010690840917,130.7026018200483,1.272297524305388
0.898,115.54610194479469,115.96214431189534,0.8974010690840917,115.2624033315889,1.304335464645507
0.899,100.70877940092764,101.62581675327084,0.8974010690840917,100.88806581155951,1.352505590698586
0.9,85.6605797014054,86.40477251776943,0.8974010690840917,85.66998364301168,1.4347692947480446
0.901,70.6431134112353,70.73121104040494,0.8974010690840917,70.07350121063101,1.4883950992481159
0.902,55.92564922810246,57.13130204511364,0.8974010690840917,56.45667812136831,1.550766116190954
0.903,41.80737145331568,42.65626393509275,0.8974010690840917,42.00800868373952,1.6545274569474548
0.904,28.617970936159026,28.13083886117655,0.8974010690840917,27.606140680847034,1.7164004389040075
0.905,16.7152300773986,16.42752004698962,0.8974010690840917,15.97920492110493,1.7526374117973664
0.906,6.479002995605001,6.2068529389442775,0.8974010690840917,5.933785584535633,1.7733925778810642
0.907,0.0,-0.1140963351783295,0.8974010690840917,-0.15194023134857645,1.7654047139547833
0.908,0.0,-0.2852592105275398,0.8974010690840917,-0.30329094109235927,1.7366040731251204
0.909,0.0,-1.008276833842326,0.8974010690840917,-0.9610347234076864,1.7204393914892568
0.91,0.0,-1.106528711892422,0.8974010690840917,-0.9950169774648755,1.6975453451651752
0.911,0.0,-0.6614801460805229,0.8974010690840917,-0.4923619425570497,1.678409705107358
0.912,0.0,0.5740828324500198,0.8974010690840917,0.764585662478634,1.6545559479305048
0.913,1.4801060889843,1.6724856053971138,0.8974010690840917,2.045567992693973,1.6383038855069973
0.914,6.393363608662938,7.154671676257733,0.8974010690840917,7.582456477833117,1.583393433289661
0.915,12.77222725626254,12.686374737558676,0.8974010690840917,13.177098721952053,1.5299749849118043
0.916,20.33070651727861,19.269086515272072,0.8974010690840917,19.88550113266379,1.4818179565436451
0.917,28.82660695351862,28.194386595912142,0.8974010690840917,28.83482731137419,1.4165545256367618
0.918,38.06874376397893,36.73540751226523,0.8974010690840917,37.48192108307223,1.3661924690161622
0.919,47.92108615829983,47.46846710810835,0.8974010690840917,48.21283750072209,1.3078603444274335
0.92,58.30022128588732,57.23900792203143,0.8974010690840917,58.08725080410761,1.2851877393425366
0.921,69.17428503011112,69.73818381148165,0.8974010690840917,70.56176646208324,1.2756233541091098
0.922,80.57447676484881,81.43662963502643,0.8974010690840917,82.28392149089991,1.2529033701640366
0.923,92.57041450808724,93.68726602459246,0.8974010690840917,94.52934041584696,1.2146852984865446
0.924,105.19846195498408,105.44034211345864,0.8974010690840917,106.37790528331143,1.2192126410154247
0.925,118.46717304646543,119.66254166050996,0.8974010690840917,120.56525865061674,1.226997080279037
0.926,132.33327712545304,132.3936355027992,0.8974010690840917,133.3113376141268,1.2335391733618
0.927,146.69890563364936,145.1761062217079,0.8974010690840917,146.21697739347115,1.3586936094615587
0.928,161.40625336122145,160.94652899494514,0.8974010690840917,161.9508470287424,1.4741410118344864
0.929,176.2799643282955,175.85987810201613,0.8974010690840917,176.85229452135277,1.5683340024397774
0.93,191.07197784477148,190.34789138528703,0.8974010690840917,191.28597217049997,1.5918705682331564
0.931,205.50091807319768,204.40560875717415,0.8974010690840917,205.32427958100806,1.667074989658827
0.932,219.183269029427,218.63702032247937,0.8974010690840917,219.40409430177814,1.7346429804841044
0.933,231.62167054406572,228.8941975618885,0.8974010690840917,229.65884393005217,1.7795288007208365
0.934,242.24883757342832,239.77644822850343,0.8974010690840917,240.51165362716642,1.8729673511359095
0.935,250.4458045365355,250.22361856510912,0.8974010690840917,250.71631055642223,1.8964534695663469
0.936,255.56450080232963,254.95183069507704,0.8974010690840917,255.16770163362037,1.8668638850388801
0.937,252.7528813812185,253.0249522638173,0.8974010690840917,253.0401334285558,1.835292687880793
0.938,246.7158300175074,246.6887330742489,0.8974010690840917,246.6029892559754,1.7772447731887822
0.939,237.98820315159145,238.97595919872631,0.8974010690840917,238.67870233995558,1.7317218729598896
0.94,227.11934449279505,226.5686647380317,0.8974010690840917,226.23552540575528,1.6734393855157934
0.941,214.6477531319292,213.77900365478092,0.8974010690840917,213.4182200696645,1.5346206830913705
0.942,201.097207048414,201.6969580207289,0.8974010690840917,201.23108874405904,1.4147160411468314
0.943,186.9800259086732,187.71002343824983,0.8974010690840917,187.18895021050523,1.331949160266145
0.944,172.77856399924684,172.99672219313,0.8974010690840917,172.43261159278777,1.291883335959513
0.945,158.90017262747256,157.62213059372618,0.8974010690840917,157.1888064724895,1.2101113475421013
0.946,145.64493325900185,146.42895791365737,0.8974010690840917,145.9405613355322,1.1753591555005778
0.947,133.2695245773151,134.20788377110992,0.8974010690840917,133.73073966850959,1.2336429333038772
0.948,121.97385120475997,122.73683847362102,0.8974010690840917,122.34351149885289,1.1996561105766403
0.949,111.82165747064712,113.5958575545332,0.8974010690840917,113.11885556804909,1.2208751151468211
0.95,102.8345582904327,101.8888354881468,0.8974010690840917,101.62761957665909,1.1821071608287235
0.951,94.97741088044316,95.1297874698776,0.8974010690840917,94.86145190958752,1.1117886691533698
0.952,88.17469339644578,87.69346918865513,0.8974010690840917,87.46129990238283,1.0976567093399048
0.953,82.32785201010003,80.46525721507088,0.8974010690840917,80.3777241263432,1.0434207230898012
0.954,77.33745256256799,76.75019073471175,0.8974010690840917,76.59806426596694,1.0791773321506584
0.955,73.19775750458348,71.23866550813793,0.8974010690840917,71.25248934854861,1.1208539407852232
0.956,69.89819266946006,70.44957849636697,0.8974010690840917,70.36436948034378,1.1298779456587735
0.957,67.39434527440619,66.44914487811894,0.8974010690840917,66.47922624599089,1.1512683696197503
0.958,65.61763007085702,65.32891442457804,0.8974010690840917,65.3300914552466,1.1503592694759393
0.959,64.49351072017271,63.10442776391404,0.8974010690840917,63.212382062816054,1.1495463242308974
0.96,63.94591115620015,62.93096330581085,0.8974010690840917,62.834017019028494,1.1590881596112874
0.961,56.65087969740151,56.249679006083554,0.8974010690840917,56.170951111504635,1.2443057528925991
0.962,50.69763720162493,50.01073345346152,0.8974010690840917,50.00405770557428,1.266297076797808
0.963,46.12505152983627,45.50550232187996,0.8974010690840917,45.631995585200315,1.2501766428255738
0.964,42.90517774001072,44.720841261435126,0.8974010690840917,44.783622363116386,1.2030876859215145
0.965,40.94696522466808,41.82998392437446,0.8974010690840917,41.94117368325273,1.1587607665224935
0.966,40.11810344722478,39.62076254991865,0.8974010690840917,39.88078568867016,1.0902473497588312
0.967,40.2660748698591,40.429353658335714,0.8974010690840917,40.73298349113891,1.032246672653105
0.968,41.23251741582135,42.35804292727671,0.8974010690840917,42.67689753470668,0.9943770266873063
0.969,42.893412134134266,44.29823449519914,0.8974010690840917,44.58255344970735,1.010786584634997
0.97,45.224588398497005,45.31772902447521,0.8974010690840917,45.70417543030891,1.0578546665887396
0.971,48.24663788649861,49.07302011526807,0.8974010690840917,49.43118962925709,1.0979970672207924
0.972,51.98424183001086,51.80570818048479,0.8974010690840917,52.25502468126752,1.1212997354604533
0.973,56.43955758149572,56.74230236875165,0.8974010690840917,57.23879869677661,1.1452059029244948
0.974,61.60004482905361,62.73624354095069,0.8974010690840917,63.191831028733326,1.159728512459336
0.975,67.45950812772914,67.74395314653755,0.8974010690840917,68.31010396598457,1.1049075978609977
0.976,73.93523873148762,74.48490321322808,0.8974010690840917,75.07023592403098,1.1022306124699404
0.977,80.9454225734801,81.69481251754569,0.8974010690840917,82.28006652778724,1.065938776394926
0.978,88.3885559876737,88.30553995488211,0.8974010690840917,88.93554053661971,1.0517954868645234
0.979,96.14416972800176,96.10043131339155,0.8974010690840917,96.79513980161981,1.071539928788994
0.98,104.0714373069507,105.61340541898367,0.8974010690840917,106.22122265062904,1.055166272319712
0.981,112.00557979915573,112.9229660034863,0.8974010690840917,113.56659434737469,1.0361637168397597
0.982,119.75721124037368,120.83212500361311,0.8974010690840917,121.4397077772002,1.0357865977915581
0.983,127.1146365189056,127.12373958293736,0.8974010690840917,127.78204023358863,1.046972400054676
0.984,133.85177733500066,135.0427568680039,0.8974010690840917,135.5383434805885,1.0317569746898714
0.985,137.73579654024124,138.66374034671077,0.8974010690840917,139.0840235083953,0.9917571308721368
0.986,141.042460267021,140.29788730075404,0.8974010690840917,140.79602053237224,1.0026193467720543
0.987,143.8771493841865,144.13009358102164,0.8974010690840917,144.5757386874292,1.0147494830393513
0.988,146.37241374216535,146.85691353989898,0.8974010690840917,147.24892964870355,1.0372591705935295
0.989,148.63276566579643,148.16161651318478,0.8974010690840917,148.5639733495155,1.0405249832637464
0.99,150.78214394759146,150.19492554533224,0.8974010690840917,150.62247901869105,1.0880741430731014
0.991,152.9096380630306,153.1237974430482,0.8974010690840917,153.5339592813962,1.1200072677139814
0.992,155.09739451227023,156.1687154800651,0.8974010690840917,156.52128367292653,1.107997037417844
0.993,157.4520140415817,158.24905302129915,0.8974010690840917,158.62081840308662,1.0850187289895437
0.994,160.06639953113438,161.75238627224198,0.8974010690840917,162.07345922298407,1.1021886283957192
0.995,162.96950459132097,163.88715570503038,0.8974010690840917,164.2127606125037,1.1231905616278368
0.996,166.1218891128946,166.44872325311837,0.8974010690840917,166.76907306596698,1.1359976733152524
0.997,169.4559135968446,169.2067779132848,0.8974010690840917,169.5589586523382,1.1261780152841427
0.998,172.88650536067195,173.75849296629298,0.8974010690840917,174.0569768093815,1.1475119034210435
0.999,176.27174376768244,177.14033742290928,0.8974010690840917,177.43161549495696,1.1596345182126997
1.0,179.42050006777933,180.5744288776263,0.8974010690840917,180.76815386717598,1.1652928049667437
1.001,182.10606435360305,181.8588257080391,0.8974010690840917,182.11285203473258,1.1702200199217059
1.002,184.07532778492376,185.1994409997427,0.8974010690840917,185.33642184288223,1.1856007041250773
1.003,185.0588491952359,185.53243576775924,0.8974010690840917,185.64406601880205,1.177566286398063
1.004,184.7836317868949,185.58196898119823,0.8974010690840917,185.56898714204175,1.178040392878362
1.005,182.98868174209983,182.29005175483707,0.8974010690840917,182.22855157242662,1.165780219087047
1.006,179.44299085724546,178.10243566313824,0.8974010690840917,178.03016791515833,1.1482673820400136
1.007,173.96161060098188,173.70015585744858,0.8974010690840917,173.49722856962433,1.146802581500303
1.008,166.4316419845485,166.04190763929086,0.8974010690840917,165.9013316533676,1.1228171864789154
1.009,161.6757725717768,160.53141977681136,0.8974010690840917,160.43877318601272,1.033639184262053
1.01,156.70615981697875,157.13166405194715,0.8974010690840917,156.9853845596228,0.9994499636028462
1.011,151.70197582147716,152.40212048868975,0.8974010690840917,152.19023331030198,0.9881440097788262
1.012,146.821973516693,146.59143988162757,0.8974010690840917,146.3864267697854,0.9916765755458373
1.013,142.21149260982477,141.01078173581095,0.8974010690840917,140.86078148496964,0.9830232143765489
1.014,137.90972122396374,136.6569967442298,0.8974010690840917,136.53680218145283,0.9895584469587332
1.015,133.94803831780018,133.3626492577153,0.8974010690840917,133.2457798962005,1.0177122792263265
1.016,130.34628169077894,130.35041282798673,0.8974010690840917,130.24804085063585,1.0285696661682378
1.017,127.05641142789293,127.96464487461496,0.8974010690840917,127.84316568082336,1.019487104797884
1.018,123.9832968101926,124.87874568395392,0.8974010690840917,124.75890050844446,0.9989994397847356
1.019,120.9886321322367,121.40093714413152,0.8974010690840917,121.32102310574861,0.9736928976544403
1.02,117.92146291897012,118.2349698818484,0.8974010690840917,118.19134824659531,0.9546762464883509
1.021,114.65281769584146,115.7902365603908,0.8974010690840917,115.68792276994913,0.9571034335983416
1.022,111.1031083425144,111.98330408903516,0.8974010690840917,111.91010353511507,0.9653998946548588
1.023,107.23803003403316,108.70717367808793,0.8974010690840917,108.57877787000383,0.9792898542221864
1.024,103.05563739439094,103.8881248268417,0.8974010690840917,103.77881125066477,0.9991986913799422
1.025,98.58300018274954,99.38671294504682,0.8974010690840917,99.28486918303264,1.018525287567618
1.026,93.90049509534732,94.95387903479052,0.8974010690840917,94.79241034122616,1.0829886681869423
1.027,89.15929496841268,88.8035967844444,0.8974010690840917,88.7313846862207,1.1574688993201192
1.028,84.55524700845953,84.7812051711171,0.8974010690840917,84.69970200574417,1.237193926788633
1.029,80.31742721587382,80.41961182397975,0.8974010690840917,80.41960316796079,1.320167810834448
1.03,76.68724513082026,78.25795345034429,0.8974010690840917,78.20983901965236,1.3311525883479116
1.031,73.86905909640058,74.21163572946904,0.8974010690840917,74.2583781476262,1.2908008101762194
1.032,72.01819962436821,71.62670795341052,0.8974010690840917,71.89805557147986,1.2046522198205998
1.033,75.07814631376209,74.4508865356202,0.8974010690840917,74.82954325559211,1.132201979989694
1.034,79.68011938967153,79.62166307756463,0.8974010690840917,80.03037318043938,1.06241366870336
1.035,85.4884037403315,84.941286640759,0.8974010690840917,85.46444882929677,1.0332308793303635
1.036,92.15712493752392,93.05575284790964,0.8974010690840917,93.57839028398156,1.0315263469753218
1.037,99.35426261011584,100.39041233794472,0.8974010690840917,100.84085386900131,0.9999974253245888
1.038,106.8401881702087,105.7108039929649,0.8974010690840917,106.24699575980267,1.0041669520465653
1.039,114.4262351164979,113.45138963375778,0.8974010690840917,114.02978921560536,1.0506530500969526
1.04,121.93903659905918,122.5581406157341,0.8974010690840917,123.06298987978614,1.0448520412116034
1.041,129.20552314495214,129.53592515542186,0.8974010690840917,129.98104254526208,1.0088578187335346
1.042,136.04385306361206,134.57726382059957,0.8974010690840917,135.0991129376477,1.0229833292596033
1.043,142.27862266667893,141.594636040048,0.8974010690840917,142.04109018271396,1.0438015522951056
1.044,147.74920139458288,146.95945720919943,0.8974010690840917,147.39112471216464,1.05845822809751
1.045,152.28536279298498,152.21449237741393,0.8974010690840917,152.5733755859191,1.1130194814609313
1.046,155.69286876769326,155.72454775614855,0.8974010690840917,156.0172188597912,1.177317330620811
1.047,157.78927785711306,157.57897761555168,0.8974010690840917,157.86419811980173,1.2558272846131178
1.048,158.41980582415695,159.3733440336834,0.8974010690840917,159.5091728988082,1.3415825534145382
1.049,157.46283241192464,157.05728611074414,0.8974010690840917,157.17328389060654,1.4056129197626133
1.05,154.84735452429538,154.63257980040854,0.8974010690840917,154.64852334018298,1.3658135605806092
1.051,150.6296474999513,150.29056168297603,0.8974010690840917,150.24799967275604,1.2535398393823078
1.052,144.9834727874275,145.3315062333088,0.8974010690840917,145.19319114619302,1.1571907810593218
1.053,138.14631428260208,138.726772394968,0.8974010690840917,138.5318830087594,1.0922144215667815
1.054,130.41323526039716,131.12987504209468,0.8974010690840917,130.8784829497064,1.0550413231015814
1.055,122.13718979530027,122.70833814223926,0.8974010690840917,122.39990665661193,1.0670927899775133
1.056,113.72585200577862,113.10954293484784,0.8974010690840917,112.97314822109146,1.0486742690123545
1.057,108.3903474947466,108.70643451674955,0.8974010690840917,108.561822313671,1.0077211914618096
1.058,103.59051143781988,104.19299520799896,0.8974010690840917,104.06017667221543,1.0106049070689613
1.059,99.38959042337495,99.74250806022432,0.8974010690840917,99.63905212051779,1.0101119150903508
1.06,95.83328339689386,95.83435374073412,0.8974010690840917,95.81375119059015,1.0043916690676902
1.061,92.96484465000384,94.02950392660571,0.8974010690840917,93.9945118907416,1.0050063420799702
1.062,90.82173997933748,91.80904487846628,0.8974010690840917,91.79422254355201,1.0190146100789268
1.063,89.4475123127869,89.78101567961471,0.8974010690840917,89.82097585596824,1.0472888192388952
1.064,88.90754862569291,89.14913202911356,0.8974010690840917,89.22457436074332,1.0783070672303579
1.065,89.27174851877967,89.35600141914888,0.8974010690840917,89.5281770164289,1.1017308463672764
1.066,90.5948890937403,91.95792823999116,0.8974010690840917,92.03935704096004,1.0929598600307495
1.067,92.90949212393603,91.4026540677752,0.8974010690840917,91.70093762051678,1.0610490033104143
1.068,96.18568669397814,96.28068555561065,0.8974010690840917,96.57437233090843,1.0142702420177392
1.069,100.34932090132244,100.4131712164245,0.8974010690840917,100.74109709549289,0.971399215089765
1.07,105.32023600030276,104.95694366332724,0.8974010690840917,105.29115444506057,0.9628545270501397
1.071,111.02720300123562,109.38457949654004,0.8974010690840917,109.84682156168715,1.0012690805130195
1.072,117.39640997726376,117.15542292304946,0.8974010690840917,117.57936323830897,1.0402148494431385
1.073,124.38436180120304,124.14271689317503,0.8974010690840917,124.59984710836342,1.0556790081336476
1.074,131.9373977878011,132.12725036969937,0.8974010690840917,132.57482288221843,1.083774624073376
1.075,139.96578537524766,139.83564935807203,0.8974010690840917,140.3212321732421,1.1032094685847642
1.076,148.35854974159204,149.0196675845018,0.8974010690840917,149.49301504793223,1.1342652995624618
1.077,156.95788658443888,158.27880472439134,0.8974010690840917,158.6435766067306,1.120350687644358
1.078,165.53627943782655,164.80508103939096,0.8974010690840917,165.26323533016497,1.1482661436493218
1.079,173.7897780005703,173.6820676367903,0.8974010690840917,174.06904770183155,1.1996816218285395
1.08,181.3603095891116,180.32255840612856,0.8974010690840917,180.7887378960146,1.2410461358692004
1.081,189.104741696452,189.45394301448795,0.8974010690840917,189.78324658388794,1.2854922767331738
1.082,195.30645667278225,195.11733016493872,0.8974010690840917,195.39791098074056,1.2834842542748994
1.083,199.86073892160164,199.9546034216164,0.8974010690840917,200.12711174488672,1.2910594512373088
1.084,202.7043930786064,202.42349914836743,0.8974010690840917,202.55386389738945,1.3177026061183854
1.085,203.78545454175455,203.86571583138536,0.8974010690840917,203.910326499032,1.3818087792773914
1.086,203.04049015730584,203.33064722589475,0.8974010690840917,203.23807974941255,1.457275572099125
1.087,200.4123118972156,199.41231448665388,0.8974010690840917,199.31133566696576,1.5004035626167596
1.088,195.87881396161063,195.42058801372605,0.8974010690840917,195.25713507598894,1.4951335188718071
1.089,189.46572750423957,190.6220560057489,0.8974010690840917,190.27251917156605,1.420599167934856
1.09,181.2924367226948,181.54372380737303,0.8974010690840917,181.06637800166808,1.3369876397484233
1.091,171.5304868137023,170.21998107917756,0.8974010690840917,169.76057259999905,1.234836146375757
1.092,160.37045367926788,159.81798250814916,0.8974010690840917,159.30185185691263,1.1541526725678517
1.093,148.02350776243009,148.8576956034244,0.8974010690840917,148.22654434103654,1.187275213752716
1.094,134.72622732811084,135.0569171451029,0.8974010690840917,134.43631017197225,1.2640225916758252
1.095,120.7459696716196,121.59421603308448,0.8974010690840917,120.92909944649513,1.3374572059045484
1.096,106.335439780552,107.42165146601144,0.8974010690840917,106.75593202421074,1.3862855151600848
1.097,91.70883615834842,93.17290679138024,0.8974010690840917,92.52310365892102,1.4114842189039227
1.098,77.10974296969954,79.25825567169528,0.8974010690840917,78.55478310684262,1.4676553506969854
1.099,62.8355604020681,62.876054851747945,0.8974010690840917,62.3222991691852,1.5061006998111606
1.1,49.26321100527112,50.25372234604946,0.8974010690840917,49.71379372351034,1.5278834784157473
1.101,36.84960755005977,38.01279935496397,0.8974010690840917,37.57146185244176,1.5766895064453632
1.102,26.095711677356988,27.936086134785462,0.8974010690840917,27.557288892642408,1.6458495716971961
1.103,17.55367623558014,19.30293397160065,0.8974010690840917,19.03140330586498,1.7609534666838214
1.104,11.816034713394984,12.863390205133015,0.8974010690840917,12.617100486518758,1.8847558904057558
1.105,6.252924481819463,6.067812771812843,0.8974010690840917,6.008753828316667,2.005828968421182
1.106,2.960183834328788,3.38141809556911,0.8974010690840917,3.4234390026017993,2.102355650989708
1.107,1.9353842752453545,2.7980436893945893,0.8974010690840917,2.8976634925773035,2.184152767232354
1.108,3.147730423045914,2.568202061878964,0.8974010690840917,2.8379670039363543,2.267863369606226
1.109,6.550784143165103,6.009967357847515,0.8974010690840917,6.392712564398487,2.270200286839927
1.11,12.043133459785407,11.084997790089028,0.8974010690840917,11.626076957274027,2.101379796000212
1.111,19.419334063389,18.907537634781534,0.8974010690840917,19.51150176837301,1.912580664907369
1.112,28.47098934408189,26.729844999932958,0.8974010690840917,27.49675820074009,1.7376583513685304
1.113,38.99971090557364,37.282843238441785,0.8974010690840917,38.14710101953574,1.58762953795919
1.114,50.81511090632665,49.233165120836176,0.8974010690840917,50.12074464506941,1.4301142135927107
1.115,63.73003657377286,60.79855719518338,0.8974010690840917,61.883496876580885,1.3618077638767367
1.116,77.55375906581472,76.81942224319053,0.8974010690840917,77.84122378015441,1.3144662425902545
1.117,92.09458053574376,90.73837183651278,0.8974010690840917,91.80989756446603,1.2795709377381932
1.118,107.2099830460214,105.94037123585134,0.8974010690840917,107.05978239679122,1.3212062127388058
1.119,122.73102793193851,121.9374544950036,0.8974010690840917,123.06951451071139,1.3718234096586064
1.12,138.44376140419504,138.61277663675574,0.8974010690840917,139.71253979132257,1.4331723194620916
1.121,154.0564649960807,154.78405182571538,0.8974010690840917,155.85056054172074,1.5321665113247211
1.122,169.18469568063773,170.0436149324767,0.8974010690840917,171.06260298890084,1.6619929124634973
1.123,183.3884149256551,184.36268604434105,0.8974010690840917,185.3456449386879,1.8221275352304038
1.124,196.1851419148776,198.3140319862357,0.8974010690840917,199.13227784750933,1.9683336949142656
1.125,207.06105684176944,208.09031079748505,0.8974010690840917,208.84252479710722,2.0955934736976047
1.126,215.48816066034027,216.68639744283308,0.8974010690840917,217.26198176598635,2.2298439915135484
1.127,220.96868036229404,221.1178315540339,0.8974010690840917,221.57617877542884,2.116935967726101
1.128,223.1674806915533,223.84507653325016,0.8974010690840917,224.16516186920433,2.008420190824141
1.129,224.7135595693768,223.895802403853,0.8974010690840917,224.16645677019662,1.881638467669164
1.13,223.81588034498108,223.88235904331208,0.8974010690840917,223.92963749004036,1.760670712835523
1.131,220.85932323066456,218.9214818661091,0.8974010690840917,219.05027201332956,1.600729474807859
1.132,216.24266062186007,217.65877553306345,0.8974010690840917,217.54885614215425,1.4797124449568893
1.133,210.35537471719016,211.0612907690476,0.8974010690840917,210.8440818711213,1.3738996268859611
1.134,203.54644592034387,202.60666251479176,0.8974010690840917,202.43280092299938,1.3393987351015462
1.135,196.03773421618413,195.75493655702,0.8974010690840917,195.51762136405702,1.29942381850656
1.136,188.0050088451614,187.61482685810984,0.8974010690840917,187.3254029396475,1.2647221262750419
1.137,179.60100819695572,178.4373781272724,0.8974010690840917,178.16030794159266,1.1875649771408952
1.138,170.96370343072766,170.2870379134213,0.8974010690840917,169.97911196800072,1.0911715010661822
1.139,162.23388532571903,162.36757166407776,0.8974010690840917,162.00035639587264,1.0599777501108647
1.14,153.52662184033812,153.47219829274613,0.8974010690840917,153.09216672690698,1.076774188363083
1.141,144.9279814895955,144.60699568589476,0.8974010690840917,144.2525085566517,1.1120376971077095
1.142,136.50349391511597,136.59477968962378,0.8974010690840917,136.25770907927105,1.176184143073134
1.143,128.3073635921811,129.13795229858232,0.8974010690840917,128.7426241371182,1.2942356445415297
1.144,120.37825254049476,120.07309645879522,0.8974010690840917,119.83033996800837,1.2789525271902158
1.145,112.6524752720278,114.65487914294108,0.8974010690840917,114.30170566409491,1.2432154077352937
1.146,105.04456687134537,105.60100428938192,0.8974010690840917,105.29717147744297,1.2581572061004098
1.147,97.50058115110974,96.91470618555836,0.8974010690840917,96.68901814522499,1.2201554510861912
1.148,90.00732914088131,90.02732721079113,0.8974010690840917,89.78607845386101,1.1865585493378012
1.149,82.59989543508766,81.90249246245763,0.8974010690840917,81.7072911166768,1.1746661428883851
1.15,75.36690605111488,74.50232198124418,0.8974010690840917,74.38837920186862,1.128557909434478
1.151,68.46144531436646,68.97566101492158,0.8974010690840917,68.86333267312374,1.1512916091430274
1.152,62.1688460191304,63.34862219048744,0.8974010690840917,63.28868081482279,1.1897965058755597
1.153,57.97855943958161,58.93214807877961,0.8974010690840917,58.923399929325036,1.2036325581260312
1.154,55.85636994986349,55.996777536001645,0.8974010690840917,56.11849256680546,1.1705563554384004
1.155,55.68329649283628,56.04346967821875,0.8974010690840917,56.242850698659694,1.094794709515831
1.156,57.237504420277055,57.46229303810187,0.8974010690840917,57.742112087225955,1.02950539709135
1.157,60.24810197273375,60.24587559182303,0.8974010690840917,60.574158760335806,0.9814314213220452
1.158,64.41656849466449,63.576030837865126,0.8974010690840917,64.00894287306453,0.9734214272764453
1.159,69.42931267638767,69.68493312799367,0.8974010690840917,70.10346435008755,0.9913800406172939
1.16,74.96797511499616,75.3617679147504,0.8974010690840917,75.76784085262152,1.0114935605167312
1.161,80.71769204246337,79.93770141276823,0.8974010690840917,80.44292144400075,1.0834668847605242
1.162,86.37366722482517,87.43453820107139,0.8974010690840917,87.84121461552661,1.1549590477901779
1.163,91.6904331376228,92.42864217066038,0.8974010690840917,92.8037164089853,1.0991155337974297
1.164,96.54972963497376,96.68268037642684,0.8974010690840917,97.09081072426382,1.0697711981921387
1.165,100.86433314379524,102.72688756257382,0.8974010690840917,102.9982258474203,1.034705778443753
1.166,104.56620156543391,105.58113888188304,0.8974010690840917,105.81098476818761,0.9817749683386782
1.167,107.60797848426036,107.71369303747892,0.8974010690840917,107.93418041362875,0.9553731954184037
1.168,109.96469491943004,109.59922281293083,0.8974010690840917,109.83822943659118,0.9422531672721527
1.169,111.63564235209934,112.39445139434991,0.8974010690840917,112.57103214927993,0.9350268609788872
1.17,112.6463192158606,113.729632564645,0.8974010690840917,113.83845013163251,0.9328549325460164
1.171,113.04024052091692,113.45408002827097,0.8974010690840917,113.56245735789891,0.9374675731215864
1.172,112.86004678127726,113.0091655407996,0.8974010690840917,113.13310766521843,0.9606645135127346
1.173,112.21583932606622,112.89033369926418,0.8974010690840917,112.9656171158937,0.9962089559283475
1.174,111.25506835412844,111.08042631718382,0.8974010690840917,111.19690942039668,1.0536850833312974
1.175,110.15536510726486,110.5355054484738,0.8974010690840917,110.60635997482105,1.1153243709633385
1.176,109.12118670914124,108.63729805469724,0.8974010690840917,108.846732240188,1.1902189122844502
1.177,110.668098451421,110.53312248153031,0.8974010690840917,110.72523760597494,1.2481802349942015
1.178,112.50821687299867,111.55671432642367,0.8974010690840917,111.86325411711528,1.3148586148603036
1.179,114.65914700588613,115.35337033125928,0.8974010690840917,115.63183331372387,1.3254415783183011
1.18,117.09730203561192,118.19888686934844,0.8974010690840917,118.43818340885102,1.2134136173946561
1.181,119.71279393346713,119.47769508675566,0.8974010690840917,119.84971564174731,1.1198274788556175
1.182,122.40451957785494,122.95700595375492,0.8974010690840917,123.33353954397052,1.0480037087589738
1.183,125.08951677080576,126.01669512316414,0.8974010690840917,126.37312430733738,0.9858866511920482
1.184,127.70157170964396,128.15915449546128,0.8974010690840917,128.55360649700097,0.9542622067300689
1.185,130.1889121948582,131.21628598251328,0.8974010690840917,131.61130730563235,0.9466780164261412
1.186,132.5113086480121,133.97810041631834,0.8974010690840917,134.3702981227584,0.9573902661008746
1.187,134.63687092168047,136.5340537102684,0.8974010690840917,136.91213781938137,0.9839754230230051
1.188,136.56128968035492,138.16463615447694,0.8974010690840917,138.47000243025056,0.9839625372862186
1.189,138.32085746132023,138.26928385239214,0.8974010690840917,138.60485731972923,1.0159856509583378
1.19,139.9111610066005,138.97908071603362,0.8974010690840917,139.35781244276524,1.0754575647842526
1.191,141.29810549644705,140.73356196294793,0.8974010690840917,141.11204688532615,1.1440313489898613
1.192,142.44108357335122,143.0021399942125,0.8974010690840917,143.2442140625192,1.2234167490455774
1.193,143.29203695911272,141.33021977512152,0.8974010690840917,141.71743610694162,1.2843780484556
1.194,143.79536185315342,144.10792823110032,0.8974010690840917,144.3973996015534,1.3802460737772773
1.195,143.89914672561457,144.78402734718787,0.8974010690840917,144.96981763540043,1.3169077551305877
1.196,143.64988085171152,143.97008727630762,0.8974010690840917,144.14247168860916,1.222574334338038
1.197,143.1393877744573,143.52373781494737,0.8974010690840917,143.63405174611893,1.1405441978419661
1.198,142.45206410491687,141.99181534690496,0.8974010690840917,142.11319107378876,1.0648594329009666
1.199,141.66504433927958,141.30518203404873,0.8974010690840917,141.3795034363027,1.007007955045076
1.2,140.84846108524607,139.7720750294894,0.8974010690840917,140.01090198210565,0.9610520512888555
1.201,143.34096725234426,143.79692215716435,0.8974010690840917,144.00618791289668,0.9774533695754747
1.202,145.85984486472915,146.95440559073782,0.8974010690840917,147.11433889734764,0.9754303691690498
1.203,148.3132750480273,148.9583559109314,0.8974010690840917,149.06570309057648,0.9750293079991593
1.204,150.60519819210913,149.75697176284194,0.8974010690840917,149.9210984606833,0.97860763489206
1.205,152.64453824902392,152.35007634830737,0.8974010690840917,152.50829890439454,0.9933574454993884
1.206,154.34183493127273,154.96313478211087,0.8974010690840917,155.0659557837076,0.9966787779952262
1.207,155.60967603875997,156.23523670206006,0.8974010690840917,156.318278498807,0.9955001390702243
1.208,156.36369891931702,157.29905857725203,0.8974010690840917,157.3530075833096,0.997183409582578
1.209,156.52375555523005,157.71720060846874,0.8974010690840917,157.6544922511168,1.0001769675330825
1.21,156.01538110128936,154.78374667424478,0.8974010690840917,154.78048059440505,0.9942060907614011
1.211,154.7716877936139,153.4647768556048,0.8974010690840917,153.4507552728673,0.9838261175560862
1.212,152.73577966755926,152.04142587155962,0.8974010690840917,151.97977346912262,0.9805229774078107
1.213,149.86374802268438,149.57399757275584,0.8974010690840917,149.4719067554836,0.9801953482002674
1.214,146.12826224721564,146.1529392455519,0.8974010690840917,145.99719783291232,0.9818847577324653
1.215,141.52271454155695,141.62354578347475,0.8974010690840917,141.44191037103477,0.9836857585166088
1.216,136.06580955094745,136.64303384181417,0.8974010690840917,136.36998004606815,1.0049907607794895
1.217,129.80641084884513,129.07844679560614,0.8974010690840917,128.88839235231026,1.003746022877966
1.218,122.84016195005394,123.821762759346,0.8974010690840917,123.53549477138048,1.0181688544409246
1.219,115.34823378811394,116.18172497225068,0.8974010690840917,115.85517851846275,1.108004122389918
1.22,107.575955952983,107.49401844668849,0.8974010690840917,107.20454910283304,1.1948379727042122
1.221,99.80976349863158,100.01462705214712,0.8974010690840917,99.72881659699088,1.2904015821749222
1.222,92.37395269322066,92.64149162579304,0.8974010690840917,92.40230418730435,1.4040133649674942
1.223,85.62512722539981,86.28279577756621,0.8974010690840917,86.07686615667023,1.5212009852497
1.224,79.94276821070287,80.47757316017002,0.8974010690840917,80.36272737053464,1.5425998323802481
1.225,76.83479059781,76.38113949467652,0.8974010690840917,76.3475812150832,1.4569432455997855
1.226,74.93542304042202,73.39720464772674,0.8974010690840917,73.49968136015559,1.3638475695619334
1.227,74.10304939897742,72.98831646188535,0.8974010690840917,73.1926800972539,1.2694348569351324
1.228,74.17676010829975,74.608144500584,0.8974010690840917,74.80802138311725,1.176238193393539
1.229,74.98637565426094,75.42983075934579,0.8974010690840917,75.66201973239824,1.0975738653167042
1.23,76.3605003159392,76.58164289840342,0.8974010690840917,76.82070873021073,1.0335829802778662
1.231,78.13370865193446,77.64338942668964,0.8974010690840917,78.00568347215504,1.0133062771518855
1.232,80.2021388325341,81.61698718687911,0.8974010690840917,81.91291203463385,1.0226051692141784
1.233,82.53328711024787,83.82654601213406,0.8974010690840917,84.15113426173055,1.0109900442762387
1.234,85.08219923992024,86.69500945771108,0.8974010690840917,86.99920461692774,0.9981153238532637
1.235,87.80237489008027,88.81264500809263,0.8974010690840917,89.13557681876601,0.9849366380791688
1.236,90.65305513228236,90.99221779834366,0.8974010690840917,91.32892569883471,0.96684398777902
1.237,93.57042819420045,93.31685483102596,0.8974010690840917,93.69824862379009,0.9459337750154434
1.238,96.45251708158447,96.14436796188411,0.8974010690840917,96.52070358516774,0.9461446143655307
1.239,99.19527777574768,98.65343150514784,0.8974010690840917,99.07720475064234,0.9731106428353661
1.24,101.7001623361932,102.1736492856003,0.8974010690840917,102.55269478564189,1.0152508087969456
1.241,103.87403852097547,104.9202135225895,0.8974010690840917,105.24189955600764,1.06690427946173
1.242,105.6296006413526,105.9097697656619,0.8974010690840917,106.23054362189563,1.1290559679377903
1.243,106.8864157570004,106.8344611560089,0.8974010690840917,107.14964334599676,1.202108541138649
1.244,107.58183174389752,107.72317692635018,0.8974010690840917,107.96375752565253,1.166916167560164
1.245,107.76513025526415,107.1247672694312,0.8974010690840917,107.31685491093941,1.0883178882161177
1.246,107.55087551130588,106.02506466997268,0.8974010690840917,106.31462459553266,1.0225154322489858
1.247,107.06189643690826,108.3266704342326,0.8974010690840917,108.43366524708988,0.9832649875183451
1.248,106.4282350123854,105.96628452127916,0.8974010690840917,106.0522334851091,0.955690375273184
1.249,105.28962905389936,103.28927310023788,0.8974010690840917,103.48877299516843,0.928994725862065
1.25,103.80092485162048,104.25949467051228,0.8974010690840917,104.34864967076396,0.9314439089636808
1.251,102.08542766392742,102.57844942688884,0.8974010690840917,102.66746382164462,0.9556622835492059
1.252,100.26830952085731,101.130926988757,0.8974010690840917,101.12346717094037,0.9684930278427992
1.253,98.43193601330564,96.91327685609392,0.8974010690840917,97.0246252525722,0.9774806155517898
1.254,96.6683591345622,96.01397749405972,0.8974010690840917,96.1453620520203,0.9679006269096525
1.255,95.08365443149758,95.30463652952676,0.8974010690840917,95.40686378211586,0.9708391972847817
1.256,93.79555528854712,93.59796140957305,0.8974010690840917,93.76757448497932,0.9729902493380159
1.257,92.93060435073562,93.42875882494803,0.8974010690840917,93.59353064595221,0.9714403709669029
1.258,92.62073582735168,92.98489803051756,0.8974010690840917,93.14876306298157,0.9751337805740514
1.259,93.00747658917555,92.4508909418441,0.8974010690840917,92.71202956950815,0.9944724165913085
1.26,94.25952154614674,94.54703611958152,0.8974010690840917,94.81749575780321,1.030381300588405
1.261,96.56518331246022,96.90670723390213,0.8974010690840917,97.21055531883573,1.0739134030639885
1.262,100.10613964595744,100.19768734451218,0.8974010690840917,100.55702244944092,1.1234794034613171
1.263,105.03634305347028,104.94880664102892,0.8974010690840917,105.38843116748585,1.122361748201345
1.264,111.41359747773132,111.19304320145392,0.8974010690840917,111.67070090350539,1.0717907086928598
1.265,119.17672070995756,117.44551962533544,0.8974010690840917,118.04025130804737,1.0536093081405575
1.266,128.18458566727057,126.6222747324312,0.8974010690840917,127.29028961736053,1.0932929803778235
1.267,138.22959068374436,137.24499259949454,0.8974010690840917,137.93750436033017,1.1419807559724813
1.268,149.06654902484053,148.56423677198572,0.8974010690840917,149.2635332122893,1.1857180169278214
1.269,160.41999088550153,160.51256063378375,0.8974010690840917,161.2166338296565,1.2492753903109652
1.27,171.9256230716445,172.54597300675127,0.8974010690840917,173.22684085098788,1.3393406428310994
1.271,183.1067129234143,184.01651601294532,0.8974010690840917,184.66407543990002,1.4152245131130565
1.272,193.4320962303817,194.5813645111841,0.8974010690840917,194.98874290457186,1.3897948235884934
1.273,199.27105705540615,198.67682643827325,0.8974010690840917,199.0472030176446,1.3644684380084433
1.274,203.75462897242767,201.98324085045007,0.8974010690840917,202.41146533716216,1.3794865961491816
1.275,206.97003524771756,207.4982268731925,0.8974010690840917,207.72058805921685,1.399327717205055
1.276,209.00842445782985,207.73594580130532,0.8974010690840917,207.96385806235733,1.3841289493556814
1.277,209.95772093925052,208.63581170902884,0.8974010690840917,208.8016359639709,1.3828243849301325
1.278,209.8942621826602,208.289577202511,0.8974010690840917,208.45975077840137,1.3667673510422684
1.279,208.8746968056348,208.9329845264972,0.8974010690840917,208.93073157917482,1.3707345409335112
1.28,206.924851051424,205.297798054369,0.8974010690840917,205.3044404928628,1.3691396283446458
1.281,204.02808750749665,202.4203445516348,0.8974010690840917,202.34668057096314,1.3417133737868296
1.282,200.1555678727101,198.1899711780554,0.8974010690840917,198.129547816611,1.2996564944794928
1.283,195.2711346974194,195.08607455844765,0.8974010690840917,194.87706452550887,1.2388091657225568
1.284,189.3564839610081,188.64392693482972,0.8974010690840917,188.36287342723176,1.2081871684065708
1.285,182.37288387688625,181.03472749917623,0.8974010690840917,180.78542210999836,1.116037425153657
1.286,174.30034578557076,175.09679660500433,0.8974010690840917,174.6449474350466,1.1021161988958217
1.287,165.1310075064271,163.97062057331576,0.8974010690840917,163.5857297839599,1.104705493977593
1.288,154.86829476336027,155.2156005983461,0.8974010690840917,154.72900321705578,1.1069047163749772
1.289,143.53593890307965,143.99386717900103,0.8974010690840917,143.42164793170028,1.2087980778107816
1.29,131.19676387184285,130.9008420853362,0.8974010690840917,130.3936991448243,1.2417873098390189
1.291,117.9056909033842,119.37702488507708,0.8974010690840917,118.7439830984447,1.2932520047981966
1.292,103.73605632216216,103.87924129408154,0.8974010690840917,103.30241995023763,1.366878405307171
1.293,88.83877045945793,89.56437665742375,0.8974010690840917,88.93965851610778,1.4028643152205742
1.294,73.45874325795901,73.49449935290018,0.8974010690840917,72.91475355705438,1.469371394239231
1.295,57.95924285992637,58.364570544251634,0.8974010690840917,57.778046873174105,1.5327831774919929
1.296,42.8207988804198,42.99280986681276,0.8974010690840917,42.44217498523535,1.6226871628770099
1.297,26.61646933458105,28.176772850653776,0.8974010690840917,27.636292979107893,1.7197472367806896
1.298,12.401867074103237,13.47671701489433,0.8974010690840917,13.069200176361438,1.7843041832843856
1.299,0.44826803152759,2.0730986605949067,0.8974010690840917,2.0078051342498524,1.7557844521245656
1.3,0.0,-0.0919152093114715,0.8974010690840917,-0.0052482769539671514,1.71302152651932
1.301,0.0,1.0951620474987385,0.8974010690840917,1.1855965716339165,1.6806231789611354
1.302,0.0,1.1980540469294725,0.8974010690840917,1.3132702516452293,1.6855504149507528
1.303,0.0,1.112779121050366,0.8974010690840917,1.2573608923248971,1.7363157061005512
1.304,0.0,1.1374664274280413,0.8974010690840917,1.3081328122800582,1.7954719880590089
1.305,0.0,0.7565641954197986,0.8974010690840917,0.9853618764192734,1.875461619684955
1.306,0.0,1.1250539082488658,0.8974010690840917,1.3593675247821053,1.9114483897519823
1.307,0.0,0.4505671548372305,0.8974010690840917,0.7427822563991249,1.9003433927120696
1.308,0.0,0.2841437473784083,0.8974010690840917,0.9912097837751628,1.83932891251286
1.309,9.850423236630547,10.87420149441332,0.8974010690840917,11.736680491414319,1.7557706025291029
1.31,22.4580894132163,24.66565427103945,0.8974010690840917,25.516999083349646,1.5775960595965124
1.311,36.21287545550494,37.095548424798814,0.8974010690840917,38.067245970246915,1.427423584819624
1.312,50.62853202182606,51.65051715060078,0.8974010690840917,52.63015007466587,1.324585662783859
1.313,65.21642850094793,65.32388598007807,0.8974010690840917,66.38240987965531,1.2812302070697883
1.314,79.53823087570113,80.53438302380626,0.8974010690840917,81.5427189846624,1.267144631843375
1.315,93.262950040675,94.01266569181766,0.8974010690840917,94.95715003930441,1.203896151346324
1.316,106.14931787419498,105.57285249775968,0.8974010690840917,106.55818359958964,1.201143792165396
1.317,118.0424017323792,118.59727656391748,0.8974010690840917,119.4942162175672,1.1994507823598972
1.318,128.87453996739035,129.3427200093657,0.8974010690840917,130.23233725327225,1.1835745823624368
1.319,138.652216881971,139.8895630405197,0.8974010690840917,140.68463335064874,1.182184634692504
1.32,147.45607124509883,147.8376285908142,0.8974010690840917,148.72377551063283,1.2203719021126886
1.321,158.69390972062152,158.7089592482546,0.8974010690840917,159.62517740379442,1.3375120830989002
1.322,170.6771730654332,170.7496577850095,0.8974010690840917,171.6836775597549,1.4609384781693833
1.323,183.3292845688617,183.681587657498,0.8974010690840917,184.58804767389535,1.5821146520755545
1.324,196.46610187502037,196.03429070881603,0.8974010690840917,196.97614164623897,1.7345139551257749
1.325,209.78585858277836,209.70626238955435,0.8974010690840917,210.59928737433074,1.9122046553504413
1.326,222.8708626574253,222.7366417090672,0.8974010690840917,223.64752240718818,2.0827242844317704
1.327,235.23668103460943,237.20143877116809,0.8974010690840917,237.92871318761587,2.1226698668291712
1.328,246.42002785045085,247.8791726584484,0.8974010690840917,248.4942559301291,2.0709130303252974
1.329,255.95899685796772,256.9748770101946,0.8974010690840917,257.521944464635,2.127805800702657
1.33,263.3152374261141,264.70354306418056,0.8974010690840917,265.0697553531502,2.149988467719769
1.331,267.9732448372306,268.5565939062012,0.8974010690840917,268.7978760728547,2.150643296237888
1.332,269.4849400511109,269.70159893369214,0.8974010690840917,269.79164760079783,2.164729657417739
1.333,267.44329133256537,267.4314775167636,0.8974010690840917,267.3275847554537,2.0593403420220118
1.334,261.6091417794207,261.1956781554018,0.8974010690840917,260.9527351350275,1.8964798832077074
1.335,251.90806229276305,252.7985729522732,0.8974010690840917,252.27983649656827,1.8143766917404698
1.336,238.3712175990513,237.9385183276576,0.8974010690840917,237.28697675944292,1.8194827670418707
1.337,221.1344131764443,219.8974252674004,0.8974010690840917,219.16216752722846,1.7424451122197404
1.338,200.5021620427126,200.8279097643387,0.8974010690840917,199.8662363886559,1.7392387128327755
1.339,176.95030455643672,176.60488642853454,0.8974010690840917,175.6238315386407,1.7323804508074316
1.34,151.1238805071947,153.15133125220615,0.8974010690840917,151.9560567977297,1.8031838837341307
1.341,123.83049020494109,123.91068183575292,0.8974010690840917,122.75845295870604,1.899338825942047
1.342,96.02640611676516,96.619675001379,0.8974010690840917,95.48399057786048,1.895658276309019
1.343,68.79415016016291,69.7342463924181,0.8974010690840917,68.6494375812357,1.9560531007635809
1.344,43.31020839767908,44.13384998428077,0.8974010690840917,43.55688633300395,1.7833252462321623
1.345,33.02894847858329,33.16147378512503,0.8974010690840917,32.76400528613676,1.5985276510589235
1.346,26.318502838721145,26.466174567536,0.8974010690840917,26.172675911593064,1.5967022668465543
1.347,22.975603144652094,22.073285852516584,0.8974010690840917,21.971749929591624,1.5833778291104277
1.348,22.697493378672903,21.901244142373997,0.8974010690840917,21.933794974400538,1.5615341927666875
1.349,25.11742258562261,24.43661558356577,0.8974010690840917,24.608452959762737,1.5069930279120944
1.35,29.811578905616106,29.848706033819617,0.8974010690840917,30.065486523782123,1.4175871482206244
1.351,36.32487080913204,35.421028156343326,0.8974010690840917,35.76991126453555,1.3131580027692935
1.352,44.19227408334123,43.25588072694843,0.8974010690840917,43.66997367230883,1.2419313556872527
1.353,52.971177275406575,52.3294530762605,0.8974010690840917,52.79606911621628,1.2081018988879384
1.354,62.29045505475192,62.34689628263303,0.8974010690840917,62.798816896929914,1.1403269061428825
1.355,71.81207372526008,71.1843194771256,0.8974010690840917,71.68576891587311,1.1040625232131587
1.356,81.26124668635231,80.58211961893844,0.8974010690840917,81.09225378176987,1.0905280690668784
1.357,90.406713946405,89.87626111722841,0.8974010690840917,90.35200560102346,1.0703727388568227
1.358,99.07591505011862,98.24726997570176,0.8974010690840917,98.71577123665983,1.0467461932738487
1.359,107.1267999611657,106.18846009797656,0.8974010690840917,106.63633413179456,1.0255576345412563
1.36,114.4349881815574,113.22484186965708,0.8974010690840917,113.6829798563987,1.0098204183995174
1.361,120.89476424877114,119.95399254664456,0.8974010690840917,120.39307151561414,1.0048389667835067
1.362,126.41726988283972,126.5128324501944,0.8974010690840917,126.91022104171165,0.9968586565443099
1.363,130.9265840076758,132.03616509070088,0.8974010690840917,132.3093159298442,0.9682644007553931
1.364,134.36986531012369,134.41783811136605,0.8974010690840917,134.70029030276856,0.9585218671990373
1.365,136.71862447234133,137.16231932985085,0.8974010690840917,137.40791904823843,0.9653703271027282
1.366,137.9731629499163,138.86398194789965,0.8974010690840917,139.03689163742942,0.9642518995285249
1.367,138.17625721502634,138.28395443352997,0.8974010690840917,138.4132347942618,0.9603830139079146
1.368,137.42221607834503,136.47817435191,0.8974010690840917,136.882529348525,0.9546136614387207
1.369,143.57705105553487,142.8310244574932,0.8974010690840917,143.24120991663509,1.0210105853479456
1.37,148.8235484143021,149.75387595044066,0.8974010690840917,150.015994018811,0.984619374082308
1.371,153.04940596856505,152.5984142090386,0.8974010690840917,152.88463503374106,0.9572563436625796
1.372,156.17932474620733,156.3371291044493,0.8974010690840917,156.56143940166936,0.9523989059705579
1.373,158.1679978914865,158.37432237307357,0.8974010690840917,158.57201080067586,0.9465429232611207
1.374,158.98577948101635,159.83195174728047,0.8974010690840917,159.99407293494673,0.9518658301888072
1.375,158.6186531362274,160.49508270295462,0.8974010690840917,160.54720054311775,0.9617722463764641
1.376,157.07997530685248,158.06573059985067,0.8974010690840917,158.07309357767488,0.9778073106097293
1.377,154.41218581879593,154.61524925438513,0.8974010690840917,154.66480258119057,0.9829457859379417
1.378,150.6774917625687,152.4274335168209,0.8974010690840917,152.33049267241216,1.0066841472269363
1.379,145.9682837019688,146.2297171291789,0.8974010690840917,146.1995736152647,1.0139090198882112
1.38,140.4184645247436,141.86344941403124,0.8974010690840917,141.70022737726006,1.0174938307260035
1.381,134.20493721711168,133.9485465785515,0.8974010690840917,133.8885363945558,1.0013989449200857
1.382,127.53114065614729,129.53126760204404,0.8974010690840917,129.3710729806947,0.985439333406436
1.383,120.62011130575408,122.71770826639045,0.8974010690840917,122.53102790990322,1.0176638575174408
1.384,113.71205840240351,115.12603417331408,0.8974010690840917,114.91359235602653,1.0410146758279595
1.385,107.06106737720869,106.84831690344774,0.8974010690840917,106.76613167024979,1.0219055774135062
1.386,100.93789733725328,102.06296067838385,0.8974010690840917,101.96121209446278,1.0203504693379197
1.387,95.6458058534285,97.00214461916914,0.8974010690840917,96.96088735434702,1.0620236497453888
1.388,91.50405232960102,94.01146609973004,0.8974010690840917,93.92944516362746,1.1192252078353138
1.389,88.82024962640719,89.97927510374944,0.8974010690840917,89.98560315267935,1.1644715357042696
1.39,87.84068872984679,88.53358991118557,0.8974010690840917,88.64392792629066,1.1924114115877296
1.391,88.76252693312294,89.18140041478681,0.8974010690840917,89.40960457966142,1.1581233731630698
1.392,91.66614711760424,92.17777246118182,0.8974010690840917,92.49764512619785,1.0996077117226066
1.393,97.34345617567531,97.075164364002,0.8974010690840917,97.44774748063165,1.0429076166146367
1.394,103.8975170082023,102.75632579816012,0.8974010690840917,103.24231178623496,1.0259048836391857
1.395,111.00185638567552,110.93640989846342,0.8974010690840917,111.40547680016036,1.033706864300223
1.396,118.37655402540776,118.53293234218852,0.8974010690840917,118.98112861991304,1.0198105659946255
1.397,125.79534996858663,125.09875004239728,0.8974010690840917,125.5605301317835,1.0218856579575633
1.398,133.08088030001724,131.92169998674146,0.8974010690840917,132.41801382980304,1.0502983074528938
1.399,140.09608212368678,140.04365168154123,0.8974010690840917,140.46791281065777,1.0559411142063901
1.4,146.73979150091793,146.2611876410732,0.8974010690840917,146.71059807043062,1.059681986747391
1.401,152.92408613381826,153.70197424907104,0.8974010690840917,154.05980017503006,1.0726142065566093
1.402,158.56635254820384,158.5335547443475,0.8974010690840917,158.89417596781934,1.0734091545007078
1.403,163.5923617595601,163.42280184464903,0.8974010690840917,163.7633699530604,1.0942137189437906
1.404,167.9361708610515,167.93118150191938,0.8974010690840917,168.21636379467702,1.1053732926663455
1.405,171.53638118895967,171.097809983563,0.8974010690840917,171.38240027272238,1.114022412886816
1.406,174.33298319372423,174.7501383867655,0.8974010690840917,174.9549192049296,1.124220478169672
1.407,176.26522349816182,176.65443368654357,0.8974010690840917,176.7878268407461,1.120302115847
1.408,177.27083533158822,177.05242683622734,0.8974010690840917,177.14676136245356,1.1147995559909576
1.409,177.28817209235012,176.7631068314465,0.8974010690840917,176.81647992488553,1.1142263492430373
1.41,176.25858544907248,175.12902149682628,0.8974010690840917,175.18579059435677,1.0924671194084792
1.411,174.13458208512444,174.14797994049724,0.8974010690840917,174.11534189773406,1.0504994853335579
1.412,170.90809390132728,171.54218185440232,0.8974010690840917,171.44832778319025,1.0323618276868936
1.413,166.58203310553583,167.35921930863168,0.8974010690840917,167.2037684773601,1.01682113206922
1.414,161.17630623846247,161.91285135237106,0.8974010690840917,161.70139160971019,1.0029256310807948
1.415,154.7664852956065,155.4875321976943,0.8974010690840917,155.22235098087876,1.0207875966753153
1.416,147.4320603607485,147.58284113995873,0.8974010690840917,147.3371845486118,1.0313983252398915
1.417,139.60859530883218,140.17370651048037,0.8974010690840917,139.8615096266995,1.0487448074746653
1.418,131.12694238931817,131.0063024009417,0.8974010690840917,130.71924906318293,1.066156516426152
1.419,122.20600311771716,122.59788744984246,0.8974010690840917,122.32032129912386,1.0577444498675597
1.42,113.05030068190553,114.62101142841252,0.8974010690840917,114.28402533360924,1.0835751162183906
1.421,103.851586928647,105.22552558705496,0.8974010690840917,104.92865062104686,1.1034146376708218
1.422,94.77761527262248,96.79141645519304,0.8974010690840917,96.44018312192692,1.136731122060494
1.423,85.99060335291395,86.61875097220174,0.8974010690840917,86.34626761001523,1.1714910898949789
1.424,77.645112501623,78.3636884273042,0.8974010690840917,78.10048714770723,1.186397490870285
1.425,69.8839273879868,69.59834656087588,0.8974010690840917,69.42886668089552,1.2062986047279858
1.426,62.83114204848697,63.03368626697172,0.8974010690840917,62.85637270105754,1.2097734674928722
1.427,56.58494632014765,55.880687460242,0.8974010690840917,55.77431834148165,1.1931461450204568
1.428,51.20253724145786,49.91525306645575,0.8974010690840917,49.8947484612774,1.1468763669879136
1.429,46.72302006701557,46.120878104597,0.8974010690840917,46.15895714080458,1.1120792625827118
1.43,43.20207482591364,43.84217843178592,0.8974010690840917,43.885413270877656,1.071936849272089
1.431,40.68847521961524,41.22048108352143,0.8974010690840917,41.323211942972556,1.0422620239974754
1.432,39.22763127317987,39.97258596260848,0.8974010690840917,40.10411400308588,1.006671675742494
1.433,38.85628858725168,38.90486684732991,0.8974010690840917,39.12746646748939,0.9999677619373725
1.434,39.63578529498666,39.96812021789758,0.8974010690840917,40.187929413133126,1.0237793616680362
1.435,41.67006749525956,40.324947503487046,0.8974010690840917,40.6795608028244,1.069863545647977
1.436,45.04949742060623,44.62243843581143,0.8974010690840917,44.994561250055355,1.11460353081838
1.437,49.83427829317773,49.08544768727533,0.8974010690840917,49.52921999566924,1.1463117800930684
1.438,56.028033261499125,55.19481186366818,0.8974010690840917,55.70538502162551,1.1786233844231666
1.439,63.5636055599447,62.90220885167937,0.8974010690840917,63.458111630849594,1.1842978011289698
1.44,72.2887792993429,71.45105205464633,0.8974010690840917,71.88777481431548,1.1148776906387408
1.441,77.07102303876178,76.05421729751214,0.8974010690840917,76.53161826086614,1.058019848677221
1.442,81.88796768271695,81.13698303080477,0.8974010690840917,81.63667163277137,1.0421369748283513
1.443,86.56694128416427,86.60211917402302,0.8974010690840917,87.05265616091353,1.015353245422118
1.444,90.98592521576754,90.73696029846326,0.8974010690840917,91.21536855524329,0.9910283545722788
1.445,95.06311638527735,95.28699342837496,0.8974010690840917,95.73080929759618,0.970123526421178
1.446,98.75222977590415,98.71082882397288,0.8974010690840917,99.17213926339718,0.95713003505155
1.447,102.0450575280884,102.41474027508566,0.8974010690840917,102.811884952611,0.9476750156291355
1.448,104.99292797716252,104.2988248128825,0.8974010690840917,104.74283597432166,0.9462582484911743
1.449,107.69180845489956,107.58925505267588,0.8974010690840917,108.03282836618541,0.9538315890061512
1.45,110.3016891986799,111.17170242166593,0.8974010690840917,111.56576907340678,0.9509387439805445
1.451,113.02112779018223,113.645492243322,0.8974010690840917,114.022837800194,0.9437088728826825
1.452,116.02017718078956,115.13900192375225,0.8974010690840917,115.58291877414858,0.9529381860061591
1.453,119.45607446021438,118.6415811723493,0.8974010690840917,119.15908629755668,0.9761325317016538
1.454,123.44855834616124,124.3302956727906,0.8974010690840917,124.77684943251164,0.972084816024606
1.455,128.06361448649355,128.08230446294218,0.8974010690840917,128.6434532323259,0.9825387415448744
1.456,133.32534767723405,134.80357575194105,0.8974010690840917,135.3664101250369,1.0242514523573771
1.457,139.2079127021822,141.52464214175856,0.8974010690840917,142.00903793007265,1.0285570885176123
1.458,145.63316413434416,146.52399284030207,0.8974010690840917,147.0518018371742,1.0578385927789602
1.459,152.46862763171825,152.62072470417846,0.8974010690840917,153.183430964359,1.112239721426035
1.46,159.54302300030642,159.65585365654826,0.8974010690840917,160.2293897829113,1.1613463107004904
1.461,166.63887540732364,167.03350318204227,0.8974010690840917,167.61530195912994,1.2083327826230073
1.462,173.48088644970306,175.28596034177502,0.8974010690840917,175.78389588468318,1.2438591344187429
1.463,179.74077520524082,181.2038850277053,0.8974010690840917,181.61213767203748,1.227805072194111
1.464,185.0591566595992,185.37870172852288,0.8974010690840917,185.66823120702531,1.1991403285432118
1.465,185.71890452838687,186.6953492186717,0.8974010690840917,186.91768786894906,1.1525104846705043
1.466,185.5571396692647,186.76148945996235,0.8974010690840917,186.92882864786787,1.125371192248421
1.467,184.827898255793,185.81065262540943,0.8974010690840917,185.91680360899446,1.1460673893207716
1.468,183.7125262769616,183.33138123787725,0.8974010690840917,183.4356459710994,1.147925651418505
1.469,182.3570361323788,181.078402994153,0.8974010690840917,181.22590561194053,1.1846856819437233
1.47,180.84204875689431,180.0016756307773,0.8974010690840917,180.0772193323965,1.2074364511814104
1.471,179.22365880018205,177.23035252360475,0.8974010690840917,177.3348710702008,1.1866621183423154
1.472,177.55080344166294,175.9714346803187,0.8974010690840917,176.08221208308254,1.2317252665634513
1.473,175.78667812772602,174.71585662392644,0.8974010690840917,174.76378915795425,1.2058195432400156
1.474,173.90522247022375,172.96233299698287,0.8974010690840917,172.96935477760331,1.1540055348638782
1.475,171.88531461732515,170.50093341829248,0.8974010690840917,170.4927542864205,1.1136230335621065
1.476,169.6462487771571,168.13248384039733,0.8974010690840917,168.10563757177974,1.0793391624065714
1.477,167.07794188797592,165.53200453314915,0.8974010690840917,165.45674980348576,1.0530220128954104
1.478,164.03861447025065,162.10103297135285,0.8974010690840917,162.02373504777407,1.0322734859230938
1.479,160.35827821685496,159.05533780621175,0.8974010690840917,158.944901682748,1.0173654543691926
1.48,155.85433539288695,155.49439116718324,0.8974010690840917,155.3437373392816,1.005398757091687
1.481,150.34611303528584,151.74442698107083,0.8974010690840917,151.4710035254798,1.022410690624722
1.482,143.6690588001425,144.64407015671927,0.8974010690840917,144.29512624894878,1.0572682817537036
1.483,135.70380554100396,135.85245234532468,0.8974010690840917,135.51531956786556,1.0600784955082438
1.484,126.38580670437808,127.60467908182414,0.8974010690840917,127.13143626945185,1.1075378813547434
1.485,115.73599841484923,115.54516162977193,0.8974010690840917,115.04946819441273,1.2071481045443802
1.486,103.84567360987334,102.2091879491165,0.8974010690840917,101.78540279218234,1.232842390353931
1.487,90.89177004489132,91.08488415069992,0.8974010690840917,90.54193797270611,1.3345783333873826
1.488,77.19386744325732,76.4460410062669,0.8974010690840917,75.89035036080624,1.500423040827406
1.489,62.24717335933476,61.28470015916875,0.8974010690840917,60.81235995623282,1.594857834705399
1.49,48.46431775105269,48.57301385149633,0.8974010690840917,48.120010239981916,1.6389818616309173
1.491,36.05694450363683,36.1751785207517,0.8974010690840917,35.758552764761546,1.7023658018695251
1.492,25.15967299906524,24.46556132169291,0.8974010690840917,24.19707455819757,1.6875589080568005
1.493,15.835347425321116,16.13771291927107,0.8974010690840917,15.904912502596929,1.6714574541237164
1.494,8.118266193871293,7.910908260575148,0.8974010690840917,7.780278549984049,1.6823284556027203
1.495,2.0351778298381475,1.785963087039292,0.8974010690840917,1.8911339078543434,1.6735058934968416
1.496,0.0,1.869460293389669,0.8974010690840917,1.9366091385657593,1.6490623693480073
1.497,0.0,-0.062888616082426,0.8974010690840917,0.16916619522591003,1.6481147695146003
1.498,0.0,1.7484507965259155,0.8974010690840917,1.960369964175917,1.6185866325587355
1.499,0.0,2.140505198068233,0.8974010690840917,2.311918058748646,1.6025773571866981
1.5,0.0,0.6334076120352137,0.8974010690840917,0.9133249799169283,1.597226007921127
1.501,0.9452796564773108,1.0867193842874068,0.8974010690840917,1.6352252110376513,1.612671560762866
1.502,7.105052211212254,8.317581909379703,0.8974010690840917,8.865623978022038,1.6308548023766132
1.503,15.297153886559784,14.950227067864596,0.8974010690840917,15.665087530372933,1.6554040629751412
1.504,25.5794440737768,25.21231025444492,0.8974010690840917,26.029285884477805,1.6716747473885567
1.505,37.94856640121118,37.663925115614575,0.8974010690840917,38.59998592091546,1.6217799041453942
1.506,52.29261033369605,52.50000868225753,0.8974010690840917,53.50385330367167,1.5181273665470385
1.507,68.38139994104435,67.78252597782533,0.8974010690840917,68.88841406387695,1.4277658791352783
1.508,85.86821771558584,84.91454593983725,0.8974010690840917,86.06451779274543,1.4020059653067276
1.509,104.3084589026853,102.69669601766547,0.8974010690840917,103.96390886923955,1.4678017848515403
1.51,123.16427007668146,122.84957357117652,0.8974010690840917,124.0999765857231,1.5821549499637289
1.511,141.80913520550942,142.4386724490293,0.8974010690840917,143.61892334583703,1.6226025972508185
1.512,159.60444508757064,160.46323823618002,0.8974010690840917,161.4145072855679,1.5542058103504728
1.513,173.02287333545854,172.52067280377062,0.8974010690840917,173.4645503694768,1.5139320117297987
1.514,184.86227822525063,184.99297098458797,0.8974010690840917,185.78658706234717,1.5131471859931322
1.515,195.09864526001851,193.68799511345225,0.8974010690840917,194.45457819568347,1.5012334403297536
1.516,203.7684083958892,201.8088856844018,0.8974010690840917,202.58650089009797,1.5531348472970898
1.517,210.93742161569105,210.66108107315628,0.8974010690840917,211.2552409171749,1.5776280144172965
1.518,216.6915842815561,215.49195408079044,0.8974010690840917,216.0894190334883,1.6114071665130891
1.519,221.10854391579463,221.11348482558745,0.8974010690840917,221.54393000833497,1.6921091993889927
1.52,224.23145584682555,223.01168734384888,0.8974010690840917,223.4718751457674,1.785553808417622
1.521,226.0696949170189,226.44274458028437,0.8974010690840917,226.7543405870208,1.8451698911919057
1.522,226.6366259783485,227.2679933468819,0.8974010690840917,227.5380763907307,1.909500566957827
1.523,225.9154640218096,227.592467636187,0.8974010690840917,227.66612609790195,1.8922247744889849
1.524,223.9120216683954,223.6178999080392,0.8974010690840917,223.70849329278755,1.7444110786633842
1.525,220.6771212430308,221.9608262009895,0.8974010690840917,221.8876009139339,1.634469886004759
1.526,216.23486285106665,216.62802139992905,0.8974010690840917,216.51765935363096,1.4949653071162812
1.527,210.59117871628985,211.4181612813857,0.8974010690840917,211.2224975314517,1.3559113170305939
1.528,203.7388482333042,205.15348149089365,0.8974010690840917,204.8767435286702,1.2461046015804902
1.529,195.65435894336483,197.66952276588844,0.8974010690840917,197.23881978603367,1.256761640413334
1.53,186.24964736101472,186.3885440269425,0.8974010690840917,185.95942287720666,1.2702073063954407
1.531,175.42779584065437,175.19032175609848,0.8974010690840917,174.75491986277578,1.2279607712163618
1.532,163.14139475650427,164.11077717500282,0.8974010690840917,163.51627569422314,1.2597121268793066
1.533,149.41662772800046,148.89008794985412,0.8974010690840917,148.3190601916509,1.2802693663389715
1.534,134.3780887677003,134.7085863074439,0.8974010690840917,134.08646997295767,1.269746254763548
1.535,118.25867766273116,119.3410157634014,0.8974010690840917,118.64264487123803,1.3389581604550878
1.536,101.40458962366708,102.23384735151252,0.8974010690840917,101.67382258773338,1.330603300749188
1.537,89.02815638428243,89.31632613479994,0.8974010690840917,88.85899597667144,1.2593929782018638
1.538,78.248251675864,79.02170213149937,0.8974010690840917,78.5834175480819,1.2832860202274887
1.539,69.30288422833742,69.00885984234243,0.8974010690840917,68.688186075563,1.3502115207255705
1.54,62.37933941980936,61.73719801017416,0.8974010690840917,61.51926177897165,1.429427162414405
1.541,57.606349760230486,57.114861951775225,0.8974010690840917,56.944561853426656,1.5230050190908713
1.542,55.04806050302405,53.195933005303104,0.8974010690840917,53.217651933862335,1.5858964189491036
1.543,54.68109909932865,53.97875373691053,0.8974010690840917,54.032240434576266,1.5795294093853876
1.544,56.39500928107417,54.65928246494346,0.8974010690840917,54.848069650424186,1.4767789674989407
1.545,59.97621731241499,57.75097596439017,0.8974010690840917,58.10186272028971,1.371812053768388
1.546,65.15873294084594,64.42872260719028,0.8974010690840917,64.7745295394928,1.2496941202713734
1.547,71.65783048371614,69.95059124547322,0.8974010690840917,70.42013597288633,1.1524962218537131
1.548,79.17503061574368,77.99446115914479,0.8974010690840917,78.50514514706524,1.0981678527377263
1.549,87.40757886534061,86.52355273453657,0.8974010690840917,87.06730763065549,1.0871946569123117
1.55,96.10779030949732,95.88090789408002,0.8974010690840917,96.41486011802641,1.0805717026109283
1.551,105.05164221250097,104.98766613239104,0.8974010690840917,105.53817514726367,1.0701562068412855
1.552,114.01559229220268,114.12731008413792,0.8974010690840917,114.67143709277539,1.0630516334878903
1.553,122.76509391970846,122.89577405499377,0.8974010690840917,123.41940235613622,1.0511392285524699
1.554,131.04416362869486,130.85030610724178,0.8974010690840917,131.3552213175256,1.0458565907595305
1.555,138.58451568801848,138.28329013917275,0.8974010690840917,138.7717819817892,1.0516621194221565
1.556,145.11982914022843,145.13749226818203,0.8974010690840917,145.53257758716407,1.0414487667363794
1.557,150.39353216059658,149.1051373894942,0.8974010690840917,149.49500662905967,1.0343113534046362
1.558,154.1672268501836,153.1723797908734,0.8974010690840917,153.5262455449632,1.058194310186679
1.559,156.21509916814875,156.21964844399835,0.8974010690840917,156.4235170662283,1.0883752474338066
1.56,156.32717092551053,155.10346956752468,0.8974010690840917,155.45418622634824,1.1303387114300352
1.561,160.33577240535,158.46982545252231,0.8974010690840917,158.8007957752464,1.2299323769554502
1.562,163.3270769591596,161.12945372864294,0.8974010690840917,161.42033001644754,1.252924000834098
1.563,165.19320661313537,163.20117593111064,0.8974010690840917,163.46391890905988,1.24407711090445
1.564,165.89573030623976,164.9204415547761,0.8974010690840917,165.06068661612733,1.1803223641207379
1.565,165.45600558650924,164.45324667478897,0.8974010690840917,164.55712144766662,1.1041312621418145
1.566,163.933960561565,163.5346553588693,0.8974010690840917,163.57478127906458,1.0342505727473068
1.567,161.4023184131882,161.863200133484,0.8974010690840917,161.81552878819113,0.989364739877595
1.568,157.94525367986557,158.22185695418972,0.8974010690840917,158.12430898493878,0.968116800470792
1.569,153.64708348492138,153.7407129837572,0.8974010690840917,153.6191610043389,0.9792079023152788
1.57,148.51418569878464,148.5443042027178,0.8974010690840917,148.44495529467267,0.9830396179451494
1.571,142.5338287416657,143.9841333371966,0.8974010690840917,143.7686575863307,1.006238604198001
1.572,135.7297616552136,136.24404774478154,0.8974010690840917,135.97178546271854,1.0602423708612545
1.573,128.16407398826007,126.73003756976912,0.8974010690840917,126.50488697307068,1.06535157993474
1.574,119.95089720652194,118.1920029690498,0.8974010690840917,118.00427055625126,1.0339587846781109
1.575,111.25123098868484,111.31811573821972,0.8974010690840917,111.04104998581644,1.0548774110178412
1.576,102.26384496208172,101.85761525987672,0.8974010690840917,101.60774127785001,1.097422202198313
1.577,93.22562031270924,93.5980195938164,0.8974010690840917,93.29347305001636,1.1274290885121419
1.578,84.41064856819571,84.37200405478494,0.8974010690840917,84.11778391616959,1.161793962855759
1.579,76.12686816349913,76.53808228403467,0.8974010690840917,76.26081116771282,1.1941712387916676
1.58,68.70969919718948,67.30766958017712,0.8974010690840917,67.20616636939697,1.2073908744178883
1.581,62.512203333011406,62.78865154529122,0.8974010690840917,62.70961784013578,1.1938182739612333
1.582,57.89142426459208,58.67958411935102,0.8974010690840917,58.661152096955654,1.211421253838094
1.583,55.19076751131345,56.37202743394724,0.8974010690840917,56.411683976915214,1.2131628973084931
1.584,54.71856677826274,55.4125291013382,0.8974010690840917,55.509341349369144,1.2020649544759616
1.585,56.34374685454647,55.01876488038227,0.8974010690840917,55.331958240334224,1.1924107045370005
1.586,59.69985584627783,59.77638592611153,0.8974010690840917,60.092639737252966,1.1760966314799348
1.587,64.55072245917253,64.2940051456799,0.8974010690840917,64.69585737112804,1.1298828709376498
1.588,70.63075792531063,70.6490791251276,0.8974010690840917,71.0744477993226,1.0744043855172096
1.589,77.65475341919556,76.96338377580143,0.8974010690840917,77.42915275550817,1.02525100249166
1.59,85.340265119402,83.78718072555617,0.8974010690840917,84.33073770700831,1.0412732301038632
1.591,93.47692013778152,92.74372739903676,0.8974010690840917,93.28454594965727,1.0608554614075332
1.592,101.90296437238892,101.54613784463308,0.8974010690840917,102.08551696103689,1.0698555928879458
1.593,110.43239227253405,109.730747813248,0.8974010690840917,110.3265739481733,1.1047484688073568
1.594,118.9433065462166,119.5373726739806,0.8974010690840917,120.03867794313594,1.1094853031351304
1.595,127.38831818943372,126.99155715296816,0.8974010690840917,127.49997516144501,1.0755304764167644
1.596,135.76700721256034,134.93612452584398,0.8974010690840917,135.4535563442097,1.089511726473559
1.597,144.0533037127277,143.24365229837238,0.8974010690840917,143.6851819338086,1.0927973872626213
1.598,152.18071142984525,149.1161404480619,0.8974010690840917,149.67422642159366,1.10912774796744
1.599,160.08708368397862,158.85227778736842,0.8974010690840917,159.35314569130117,1.1719293811953186
1.6,167.67879700013202,167.0021107717981,0.8974010690840917,167.47945165630614,1.1835267643086254
1.601,174.82809598962393,175.61643176733952,0.8974010690840917,175.98353584618013,1.203099950938232
1.602,181.3752660575354,181.31567888266565,0.8974010690840917,181.71905226086164,1.22132170356634
1.603,187.13412892048632,188.4228803332348,0.8974010690840917,188.6789227369996,1.2446454307326353
1.604,191.8942476784091,191.7253936783666,0.8974010690840917,191.98269539555383,1.2485650806584458
1.605,195.42553240465548,194.94476681903268,0.8974010690840917,195.12582156386497,1.2557420698082171
1.606,197.4862413503328,196.78369070389957,0.8974010690840917,196.90080183239223,1.2577652939495774
1.607,197.83464252319965,197.15042852293877,0.8974010690840917,197.19401408252773,1.2498190787610124
1.608,196.24440864029583,196.0966346035068,0.8974010690840917,196.07172179284012,1.2301309073416256
1.609,194.10312682160537,194.19088533314635,0.8974010690840917,194.05939453496836,1.2209254859098175
1.61,189.85471233791836,189.69900385054743,0.8974010690840917,189.49786649463658,1.2061151233023995
1.611,183.731027475874,183.78868165194024,0.8974010690840917,183.5205311890211,1.1888621707520637
1.612,175.9884147750843,176.3523622298232,0.8974010690840917,175.97955419605566,1.1830229302390307
1.613,166.89467512244246,166.58838605739777,0.8974010690840917,166.13986391822152,1.1908689939738772
1.614,156.71932708893894,155.10597574490737,0.8974010690840917,154.71197871829457,1.1515198781705223
1.615,145.72698833368162,145.3961653346083,0.8974010690840917,144.92821637967683,1.1327172728875943
1.616,134.17354189316046,133.77221554045315,0.8974010690840917,133.28798247279894,1.1566813293345242
1.617,122.304633410658,122.00546596825286,0.8974010690840917,121.50737203710464,1.1666742949243338
1.618,110.35597740436084,110.2729594438508,0.8974010690840917,109.7812518928183,1.1822895390328123
1.619,98.55491924869948,99.07404649712122,0.8974010690840917,98.53914625955959,1.230119045215471
1.62,87.12269383804394,86.52073239526122,0.8974010690840917,86.07662220499039,1.2655820066463648
1.621,76.2768333900901,76.10441433680997,0.8974010690840917,75.72111072214649,1.2668087424982704
1.622,66.23319974239028,67.32624321757207,0.8974010690840917,66.89299103867745,1.3179998866465787
1.623,57.20714792022116,56.6687995883074,0.8974010690840917,56.45091318675418,1.3398539466350727
1.624,49.413367680809245,51.72642754858142,0.8974010690840917,51.41563835150342,1.3501620713750517
1.625,43.06400076631377,43.99323273598425,0.8974010690840917,43.83268235953577,1.392496396597023
1.626,38.36469855878524,39.90052913934409,0.8974010690840917,39.751672706530684,1.3943946613659601
1.627,35.508374228049675,35.41621122512906,0.8974010690840917,35.44123740771666,1.4013201970432414
1.628,34.66652270549859,35.04357245632628,0.8974010690840917,35.15795085029048,1.3830693395464484
1.629,35.978138201198135,36.35651699241902,0.8974010690840917,36.58996829274364,1.3610735371739195
1.63,39.53645840205945,39.98670517305543,0.8974010690840917,40.29972558767152,1.334905109989272
1.631,45.37400983425864,45.07068115968253,0.8974010690840917,45.51814753264869,1.3085855125275447
1.632,53.44671814501544,52.90937972746443,0.8974010690840917,53.25507113776369,1.2381499518003298
1.633,57.26196329855283,57.1361324905765,0.8974010690840917,57.51523710910779,1.1760134613852313
1.634,61.939134881926805,61.52877976711864,0.8974010690840917,61.97983362602222,1.1511179245500893
1.635,67.26787133176555,67.30593063355424,0.8974010690840917,67.77743749505602,1.124343587668049
1.636,73.05690076775551,73.14345811027061,0.8974010690840917,73.60483226241065,1.091227373425836
1.637,79.13890295924949,78.62550088754452,0.8974010690840917,79.16129095325377,1.0746203860095238
1.638,85.3726732241744,85.74589049967592,0.8974010690840917,86.2353209373179,1.0406866326634778
1.639,91.64305558282332,90.82473415590428,0.8974010690840917,91.34563786151368,1.0092642406227874
1.64,97.85913082092944,96.33830191459238,0.8974010690840917,96.938815464082,1.0183928628429952
1.641,103.9511285445571,103.69602789396316,0.8974010690840917,104.20454590023678,1.0035031529148555
1.642,109.86649398811912,108.73696830473988,0.8974010690840917,109.26689861614904,0.9823827062929055
1.643,115.5654911395991,114.1557744868518,0.8974010690840917,114.71251216369775,0.9954962784583763
1.644,121.01667199404125,120.59306680043444,0.8974010690840917,121.14716528295065,1.0115563119493187
1.645,126.1924932144205,127.09965969925857,0.8974010690840917,127.60546553287428,1.0091698299565706
1.646,131.06531958148304,132.28927610334694,0.8974010690840917,132.77208233934164,1.004302866152373
1.647,135.6040196699673,137.043480056971,0.8974010690840917,137.47486620268376,1.0037933992285926
1.648,139.77133272107002,140.55234710713887,0.8974010690840917,140.97821354435888,1.0068579187694564
1.649,143.52216471819003,144.001206810089,0.8974010690840917,144.36505045093563,1.0111021140239964
1.65,146.80295303559373,145.5934077644648,0.8974010690840917,146.0553671821126,1.0247254641293282
1.651,149.5529481183615,149.64471222232115,0.8974010690840917,150.04220977757373,1.0367169071831968
1.652,151.71904509913563,152.20924829950616,0.8974010690840917,152.50715831830016,0.9952602761838805
1.653,153.28406737396557,152.9911219376945,0.8974010690840917,153.28707236003274,0.9711517952917746
1.654,154.23651460410127,153.6717351268746,0.8974010690840917,153.92867883786823,0.942216603670157
1.655,154.582606587568,154.0294653212778,0.8974010690840917,154.307280902129,0.930536074058314
1.656,154.3416693406436,155.28922233009865,0.8974010690840917,155.5580382536278,0.9314762436125389
1.657,154.8493655329688,156.44501125462403,0.8974010690840917,156.65737728732054,0.9290241867308328
1.658,155.10610895122142,156.50796420102097,0.8974010690840917,156.68798125243885,0.9298621258962796
1.659,155.23102232201944,155.3270881740275,0.8974010690840917,155.56224441992896,0.943297136002042
1.66,155.29281773410668,155.17056264046897,0.8974010690840917,155.39768157165128,0.9686847794820902
1.661,155.34648535594016,154.70510330547648,0.8974010690840917,154.9403077962722,1.0057995910516964
1.662,155.4277090445267,154.380347985627,0.8974010690840917,154.64935403309144,1.0564797532210808
1.663,155.54849192573246,154.7229964714692,0.8974010690840917,154.95187052592794,1.0924700894494888
1.664,155.7285806695571,154.21744448766597,0.8974010690840917,154.49403915149034,1.0647012015433532
1.665,156.02919894306442,155.48612468115223,0.8974010690840917,155.68521079336486,1.0322371067630585
1.666,156.49510176680758,155.50811973824716,0.8974010690840917,155.7686236302651,1.0227948559636395
1.667,157.1124472600502,157.7500545465456,0.8974010690840917,157.9150850269524,1.030518615856016
1.668,157.819074781392,157.29776735529254,0.8974010690840917,157.50150363755228,1.0241442935167446
1.669,158.51712707624884,158.32340678256404,0.8974010690840917,158.50892912805836,1.0255671574714933
1.67,159.0787497095876,159.4242521143156,0.8974010690840917,159.5619756057902,1.0325144037578244
1.671,159.33774271698144,159.74710456713956,0.8974010690840917,159.83832779218145,1.0681102842029435
1.672,159.07124345255187,158.77288865444615,0.8974010690840917,158.8431001287834,1.1192756741290817
1.673,158.0204155892513,157.51895471804065,0.8974010690840917,157.59477770521863,1.1786615334122643
1.674,155.92605235582886,156.3843508309874,0.8974010690840917,156.3444307011677,1.2448475749819494
1.675,152.54375638287922,152.31297938001606,0.8974010690840917,152.24628259371855,1.2934465229280432
1.676,147.65842598598755,148.19317596808116,0.8974010690840917,148.04248184744108,1.2794892019285158
1.677,141.1629165334977,142.40867104381513,0.8974010690840917,142.12478281178036,1.2217936295109777
1.678,133.08687891058713,133.6129008362519,0.8974010690840917,133.26785478880188,1.1849876995076918
1.679,123.53161014854014,123.73858004800772,0.8974010690840917,123.36623989402509,1.124465356833298
1.68,112.70703314229328,113.80725994612976,0.8974010690840917,113.44544388498151,1.082378742469593
1.681,103.38149083763972,104.96178771554357,0.8974010690840917,104.57661579181135,1.091092278031354
1.682,94.64861833990906,96.1494925961759,0.8974010690840917,95.76345828144419,1.144671411271447
1.683,86.6633881771569,87.2281800874013,0.8974010690840917,86.91323318010565,1.163919585012975
1.684,79.4771122214765,79.96813497220353,0.8974010690840917,79.71802598982461,1.1691638313505432
1.685,73.09239123966711,74.24682261276114,0.8974010690840917,73.95986862226064,1.19412211649696
1.686,67.47641047562587,66.97584567124478,0.8974010690840917,66.76163773177313,1.2298654432506406
1.687,62.57916026087968,60.92777284649237,0.8974010690840917,60.84574960938978,1.2288183006723576
1.688,58.34396359350977,58.11446116252687,0.8974010690840917,58.01622836575395,1.2292695609170257
1.689,54.7152323579904,54.26231703332984,0.8974010690840917,54.23234472819023,1.260139094801949
1.69,51.65638775264945,52.13155911900885,0.8974010690840917,52.089231874040564,1.30183881160273
1.691,49.17087717473454,49.25399834647634,0.8974010690840917,49.25039501798463,1.3909454208483374
1.692,47.312141468995335,47.242210996395386,0.8974010690840917,47.304467019952405,1.4574737969244338
1.693,46.1545826913825,46.195076665841015,0.8974010690840917,46.25353720028369,1.555803467689713
1.694,45.79954236005391,45.14539742383487,0.8974010690840917,45.31060340633005,1.622045896931438
1.695,46.35487934502194,45.97930060604231,0.8974010690840917,46.22378780022563,1.606181501204227
1.696,47.88778610020307,47.92520509411836,0.8974010690840917,48.21576797755899,1.515649661928832
1.697,50.41383017726429,50.33672629953385,0.8974010690840917,50.71035066180647,1.4152833437948056
1.698,53.93848186820404,54.36484934824267,0.8974010690840917,54.810393132563306,1.3147148189820945
1.699,58.47556489970964,59.29237204289392,0.8974010690840917,59.78519532472444,1.2128772663890497
1.7,64.029256921904,64.44550525561657,0.8974010690840917,64.96674795165993,1.1253573529183296
1.701,70.58548011191391,69.79756413186568,0.8974010690840917,70.40515946754965,1.0916560370745947
1.702,78.1377912245406,76.92912870520755,0.8974010690840917,77.58802505336398,1.0880828837152363
1.703,86.67170942724528,85.08977411468841,0.8974010690840917,85.90311334729883,1.1328026204230315
1.704,96.13443604549394,97.26196243740752,0.8974010690840917,97.90621634302741,1.1038600551557032
1.705,105.13509472440508,104.80554467211287,0.8974010690840917,105.54885115256864,1.0706557299507107
1.706,114.43905982372944,115.04313941938253,0.8974010690840917,115.73331604725449,1.0915573397096276
1.707,123.845986708459,123.9297328478467,0.8974010690840917,124.62869407736275,1.0845610805608628
1.708,133.18291166943564,132.5480832366472,0.8974010690840917,133.27903265361857,1.1207732932493608
1.709,142.28843493119183,142.1905359435033,0.8974010690840917,142.8351685944015,1.1632248187498788
1.71,150.99022891523117,149.11840425884722,0.8974010690840917,149.87550073165943,1.2602680904078374
1.711,159.10663320945744,159.29740100435924,0.8974010690840917,159.90035041664322,1.3851657920469942
1.712,166.46514791134072,165.01422290766192,0.8974010690840917,165.65817327395172,1.4801674660986457
1.713,172.90454065706922,172.2501275889111,0.8974010690840917,172.80107951771998,1.6094357483967747
1.714,178.2792927291023,177.8460543942759,0.8974010690840917,178.2770197317114,1.6226326468137349
1.715,182.5155067021182,180.8655108683249,0.8974010690840917,181.30441320455617,1.5797868529599002
1.716,185.59270805466315,184.9421780628321,0.8974010690840917,185.2536925759874,1.5104473807589747
1.717,187.51790124163995,186.67114456899904,0.8974010690840917,186.95232671265234,1.412468564512369
1.718,188.30752587347249,188.7803547826589,0.8974010690840917,188.91448183242147,1.320379333691813
1.719,187.97814448174955,188.04978799464348,0.8974010690840917,188.15174965822956,1.2318117703387728
1.72,186.54034471725151,187.0907254874688,0.8974010690840917,187.11319207737662,1.1881412883633624
1.721,183.97649562990813,184.6206484431029,0.8974010690840917,184.5285134606959,1.1741146857439837
1.722,180.25970900307948,179.33324218954235,0.8974010690840917,179.27123211805176,1.150361301784545
1.723,175.3739084726804,175.2083020369622,0.8974010690840917,175.07131089728097,1.131413298325755
1.724,169.3349251897597,169.2564270972804,0.8974010690840917,169.0111344826149,1.1379270113468418
1.725,162.20648450556916,160.57192557629023,0.8974010690840917,160.3236780212616,1.1204209436054617
1.726,154.10669051808568,152.4003867440327,0.8974010690840917,152.17313300063603,1.0721089940370165
1.727,145.21288502110434,145.16485611858425,0.8974010690840917,144.83979177671287,1.0681915769055281
1.728,135.76737776484805,135.66616914109306,0.8974010690840917,135.49552395274068,1.0181627871666084
1.729,130.76944476656163,131.1799779172913,0.8974010690840917,130.98813648084422,0.9769836536765896
1.73,125.99212913391204,126.42065008044102,0.8974010690840917,126.25836930091069,1.0045704603500223
1.731,121.6260704908096,122.90598544121804,0.8974010690840917,122.70666561638969,1.058343065487985
1.732,117.83111466704445,118.60380676984369,0.8974010690840917,118.46573084576482,1.1267749998541812
1.733,114.73724776963238,115.65224693126208,0.8974010690840917,115.511218653512,1.2043930418674298
1.734,112.44754098495224,112.50126941374852,0.8974010690840917,112.43286076624604,1.2873463278519366
1.735,111.04011201575888,110.82942851835622,0.8974010690840917,110.87368225621447,1.2751504983193442
1.736,110.4872563424358,111.686114439077,0.8974010690840917,111.72158961454366,1.1824227178864115
1.737,110.67051583858394,111.45668612877812,0.8974010690840917,111.52690324293779,1.1072824720625967
1.738,111.46517688826977,111.44347390072744,0.8974010690840917,111.6318195585666,1.0415773166493134
1.739,112.74445113523764,113.86844686191886,0.8974010690840917,114.00141469305876,0.9816805996262372
1.74,114.38247352009915,114.01010730748864,0.8974010690840917,114.2586036817824,0.9479952550063812
1.741,116.25625957906011,116.66981626104196,0.8974010690840917,116.8791926363119,0.9338136882231378
1.742,118.25305038531476,117.72233464613446,0.8974010690840917,118.00604807192464,0.9357994981711708
1.743,120.32616726986308,121.03460393190171,0.8974010690840917,121.25322718974017,0.937853892749551
1.744,122.45410502748916,122.5493937445058,0.8974010690840917,122.82645145068479,0.937323254343252
1.745,124.60875631098642,125.57434226086932,0.8974010690840917,125.78230091985486,0.9375012790077077
1.746,126.7583874921695,126.60328379238229,0.8974010690840917,126.90082292027616,0.940921086170814
1.747,128.8677162210176,130.24485852578468,0.8974010690840917,130.40741340165195,0.9409525586275205
1.748,130.89635560158726,130.29490240314857,0.8974010690840917,130.59671495946014,0.9428768101297353
1.749,132.79762938060296,134.5617575611335,0.8974010690840917,134.7601546927576,0.9556094545559226
1.75,134.5179404173724,136.04814937802095,0.8974010690840917,136.19273499681677,0.9450563909538512
1.751,135.99687521014238,135.93841560560938,0.8974010690840917,136.14786482334608,0.9449991342635308
1.752,137.16821732173335,137.82257253035516,0.8974010690840917,138.03728287072636,0.9545494746523897
1.753,140.21424037795296,139.75921717687865,0.8974010690840917,139.9850576994968,0.9615335614481938
1.754,142.94484426317376,141.4529266379027,0.8974010690840917,141.75518557419332,0.9744979798694057
1.755,145.22027764616342,145.2501967057666,0.8974010690840917,145.50188006615332,0.989493853027912
1.756,146.90987922296446,147.94900732041543,0.8974010690840917,148.10673828966586,0.9815443079094168
1.757,147.89234353576526,148.5574644168487,0.8974010690840917,148.6849548096626,0.9912880361034003
1.758,148.02997509687123,148.56674340836008,0.8974010690840917,148.6678270700339,1.0341575350289147
1.759,147.1591420548046,147.76040632007587,0.8974010690840917,147.7809808288499,1.0864028674940247
1.76,145.1280384417182,144.90385585232232,0.8974010690840917,144.93852055975796,1.131727943638039
1.761,141.8095424988664,142.71987350612534,0.8974010690840917,142.6685086317603,1.1871042198215318
1.762,137.11087046764834,138.30155280214692,0.8974010690840917,138.13000197047327,1.167111224800848
1.763,131.0595110183868,131.3223746176044,0.8974010690840917,131.11274699594804,1.104193267558863
1.764,123.78527261684364,123.87259227074104,0.8974010690840917,123.61006259016311,1.0602289088521015
1.765,115.46026645983244,115.3963067331788,0.8974010690840917,115.06611034318952,1.0832182086386466
1.766,106.29578710630436,104.64663545932504,0.8974010690840917,104.32300399365495,1.1349814333025832
1.767,96.54470876894686,94.36605139213296,0.8974010690840917,94.0667559910543,1.1865998582760293
1.768,86.5019464722697,84.85725493553073,0.8974010690840917,84.50417289380904,1.2675502695257301
1.769,76.45877932970025,73.85731550823756,0.8974010690840917,73.62085708231145,1.291466441642436
1.77,66.69115517635797,65.85963920350913,0.8974010690840917,65.61188328362726,1.2875163060236134
1.771,57.50522383397711,57.19373142258585,0.8974010690840917,56.97739285765515,1.3194218402762523
1.772,49.24231379453765,49.56494816276221,0.8974010690840917,49.39297643581046,1.334674094968885
1.773,42.27984022008113,42.84988435799571,0.8974010690840917,42.71160796171978,1.3706582943981223
1.774,37.0191982603737,37.21429055294831,0.8974010690840917,37.1420640045592,1.410153426448582
1.775,33.8715286037622,32.91638341673133,0.8974010690840917,33.02215054877304,1.4671431050441741
1.776,33.24954269477011,32.60431097211284,0.8974010690840917,32.748896695294036,1.5398768686760111
1.777,32.27519911081022,32.65881106434641,0.8974010690840917,32.79899605108195,1.6167754810340673
1.778,32.91860181699748,31.67630453060553,0.8974010690840917,31.989596387780168,1.6736278593023957
1.779,35.0888415161087,35.14582072536876,0.8974010690840917,35.493713463367975,1.6085428382530496
1.78,38.6315706051991,38.73651747637612,0.8974010690840917,39.124672872823425,1.4936672427612867
1.781,43.37000268932785,42.28300954870073,0.8974010690840917,42.84099963502077,1.3786301643605863
1.782,49.135265477651856,49.406626821677406,0.8974010690840917,49.94575478179791,1.2544834806790233
1.783,55.78985010674053,54.98223516153429,0.8974010690840917,55.61237374190486,1.1541111222512745
1.784,63.2292368470054,62.44194960511537,0.8974010690840917,63.08190549402785,1.076611983587969
1.785,71.37891673449008,68.91274021034911,0.8974010690840917,69.69129971170918,1.0762409962185429
1.786,80.23401131707939,79.07356984507022,0.8974010690840917,79.84966450561575,1.1259369623307611
1.787,89.88802593477278,89.56185905310005,0.8974010690840917,90.31566960571968,1.1168290833826249
1.788,100.44372861316222,99.49168556477557,0.8974010690840917,100.28139109487152,1.1142306989448143
1.789,111.96917292958211,110.0905740589082,0.8974010690840917,110.9940671286,1.1746088082569075
1.79,124.48828714481066,123.61298828782068,0.8974010690840917,124.54790091072745,1.2639570537041267
1.791,137.96461560850193,138.3733683774234,0.8974010690840917,139.31686040099572,1.3298140085694181
1.792,152.30342471112698,153.42660506102777,0.8974010690840917,154.28923591182263,1.3536734391362049
1.793,167.33829240822672,166.45774409070924,0.8974010690840917,167.45505470226024,1.4729574805210357
1.794,182.7903847132264,183.51152634577988,0.8974010690840917,184.4213862254188,1.667664099319985
1.795,198.2491486505774,198.1841738290728,0.8974010690840917,199.12877991221094,1.8343244622253154
1.796,213.20581127487836,214.41098413473924,0.8974010690840917,215.2224551127274,2.024499469501761
1.797,227.06312599382727,227.5336500795455,0.8974010690840917,228.2940505105877,2.182970132706288
1.798,239.14513832939477,239.97849647179825,0.8974010690840917,240.59775551866593,2.353604857433399
1.799,248.71543163151267,249.12561058823653,0.8974010690840917,249.59423035006506,2.484512268726268
1.8,255.0156457695139,255.1583120150124,0.8974010690840917,255.3725135180746,2.427362169294619
1.801,255.2191598887042,255.58414581626,0.8974010690840917,255.6208070383923,2.2891378703008987
1.802,252.00010405708275,252.53536185042776,0.8974010690840917,252.39625459004037,2.1366530505127885
1.803,245.79899161012287,246.18879668778132,0.8974010690840917,245.88303648892622,1.9798560614668015
1.804,237.08257283264965,236.587462799396,0.8974010690840917,236.1796407181247,1.8161253817317118
1.805,226.31943751952676,225.28032756952692,0.8974010690840917,224.7942047550009,1.6438188160857479
1.806,213.9618509639756,212.99875060858125,0.8974010690840917,212.47902719213513,1.4724641318577019
1.807,200.43184551413609,200.92237040707448,0.8974010690840917,200.28243950141209,1.4186064449232827
1.808,186.04728431253807,186.1348229608284,0.8974010690840917,185.44626915639586,1.4107615365797286
1.809,171.05317803207,170.58264512560245,0.8974010690840917,169.91215091628843,1.335172749136914
1.81,155.6843863676667,156.40527291597166,0.8974010690840917,155.6316232807208,1.3140568446098764
1.811,140.14868867819516,140.08520344633544,0.8974010690840917,139.32384513088266,1.3325651706471027
1.812,124.633538516167,124.26473819565749,0.8974010690840917,123.57838752094858,1.2945420664413767
1.813,109.34282871011467,110.95768485786776,0.8974010690840917,110.17190742860141,1.3713670406897585
1.814,94.51485929424396,94.82286619014089,0.8974010690840917,94.07317660564608,1.5339846778017552
1.815,80.39160377114229,79.5660016433142,0.8974010690840917,78.91008949652911,1.645824697654821
1.816,67.21724417614553,66.77695051516957,0.8974010690840917,66.17304961727203,1.7737451765737067
1.817,55.24187489151608,54.97561348347398,0.8974010690840917,54.391669562579935,1.9461712583409312
1.818,44.723079899478776,43.31210116187568,0.8974010690840917,42.936843804848834,2.0862460090733297
1.819,35.92483770176352,36.69171157785038,0.8974010690840917,36.34199883973204,2.202688322326169
1.82,29.113286045684845,29.823214679207595,0.8974010690840917,29.538221253713587,2.349747295730067
1.821,24.528156041398816,23.64057881156544,0.8974010690840917,23.582991363650645,2.252134100322084
1.822,22.26877646528293,22.14309550419454,0.8974010690840917,22.18783761552977,2.119226587645629
1.823,22.38826780199049,21.801421618284454,0.8974010690840917,21.981391925020095,1.9861108181114642
1.824,24.900957704861383,23.54012228357657,0.8974010690840917,23.662933272729276,1.8353233212909383
1.825,22.47262780455432,21.738509063173723,0.8974010690840917,21.93668948323192,1.7329643775622103
1.826,22.213005794570208,20.710049344527768,0.8974010690840917,21.091915985985352,1.629211796052447
1.827,23.93890657510029,23.94621035241337,0.8974010690840917,24.32414721093682,1.4974749254705169
1.828,27.44043752929716,25.939281358386435,0.8974010690840917,26.480064528881492,1.3874272138379917
1.829,32.49742832096935,31.522489052086637,0.8974010690840917,32.10253330953448,1.3246000296347922
1.83,38.933790300802855,37.21340602783899,0.8974010690840917,37.86678338855577,1.2830127212991584
1.831,46.60438334528119,44.10595070154292,0.8974010690840917,44.91536109480311,1.2515909395313836
1.832,55.33497055367229,54.5819327682356,0.8974010690840917,55.35359266353679,1.1687446713066922
1.833,64.91224562093448,63.19096804560344,0.8974010690840917,64.08486907661641,1.132884789477549
1.834,75.12026797331427,74.98200813064553,0.8974010690840917,75.85895658484674,1.162378863364217
1.835,85.74435539776977,86.25767306025803,0.8974010690840917,87.12684152646354,1.1867043341964478
1.836,96.56762926945956,96.84910351985398,0.8974010690840917,97.70100945875613,1.2539153917621495
1.837,107.3671457611622,107.32173881571764,0.8974010690840917,108.18172252866904,1.373740035903454
1.838,117.9102449519292,117.99749651359969,0.8974010690840917,118.85517207617532,1.44785734262634
1.839,128.03480498625504,128.88832975785067,0.8974010690840917,129.68313340887957,1.4307331542235906
1.84,137.64461795601818,139.10196196340007,0.8974010690840917,139.7827461639642,1.3821935577893596
1.841,146.6227647763287,146.9849453051728,0.8974010690840917,147.66757649641838,1.3397324606842096
1.842,154.83124263231798,155.7102635201698,0.8974010690840917,156.31360837013858,1.312361803746305
1.843,162.11300259077868,162.95620121589943,0.8974010690840917,163.47458045585861,1.2515055572002245
1.844,168.29662742856735,168.66850763671977,0.8974010690840917,169.17684243846776,1.2069168953310148
1.845,173.20380050485534,174.32666957097294,0.8974010690840917,174.68564180557286,1.1712960862486272
1.846,176.61978564227996,176.3171354957779,0.8974010690840917,176.72398616253668,1.1880313664074786
1.847,178.29243167739628,179.93440089161282,0.8974010690840917,180.1352822528409,1.1903057835671869
1.848,178.01982371833316,178.53122067947538,0.8974010690840917,178.72921029873226,1.1464282489644462
1.849,176.95456779251583,177.65542662258846,0.8974010690840917,177.7782066858956,1.0739022759577552
1.85,174.8656326984178,175.37053920539978,0.8974010690840917,175.40603547288381,1.0195596843934847
1.851,172.077680066508,171.16558771547614,0.8974010690840917,171.23033663409413,0.9758344467065093
1.852,168.90851593999045,167.9508084673185,0.8974010690840917,168.0106666994939,0.9458874734604146
1.853,165.65576908268042,164.99591057045922,0.8974010690840917,164.98976463296452,0.9568633612678281
1.854,162.5869698386327,160.5423790907456,0.8974010690840917,160.6370826415006,0.9566277947279592
1.855,159.84962488757262,158.38915153746694,0.8974010690840917,158.54277266631485,0.9322872514650128
1.856,157.47622986578796,157.83195738774543,0.8974010690840917,157.92483942438102,0.9317817001547819
1.857,155.5141899341374,155.9978372374112,0.8974010690840917,156.0732607403341,0.936910809333994
1.858,153.93505639324445,153.3723045660304,0.8974010690840917,153.49326280779317,0.9415311813335792
1.859,152.65836217025037,152.15908260312705,0.8974010690840917,152.34741088120643,0.9548586747115161
1.86,151.5740596271447,152.6185974842657,0.8974010690840917,152.73550902767533,0.9889223566790866
1.861,150.5469675125905,151.1484642118132,0.8974010690840917,151.2075480522176,1.0281502330084957
1.862,149.44740770997174,147.80678616480728,0.8974010690840917,148.0209958288799,0.9924115517449269
1.863,148.20199887694602,149.2007482519986,0.8974010690840917,149.2957899040488,0.9807450975917308
1.864,146.7278002912451,148.26730890608468,0.8974010690840917,148.28224236879805,0.9793613544057687
1.865,144.9225217188339,145.5864374047274,0.8974010690840917,145.6228539882699,0.9783147897891318
1.866,142.66860720781895,143.80564198355566,0.8974010690840917,143.83694987118972,0.9978695780917154
1.867,139.8162976838252,141.77604138563055,0.8974010690840917,141.71695300802867,1.0495132127847067
1.868,136.2152711639041,136.81302305076204,0.8974010690840917,136.7890057816913,1.0828250256613463
1.869,131.74775564328496,133.13896333018172,0.8974010690840917,133.02131397889372,1.1237959206937307
1.87,126.33967379151086,126.96833070347697,0.8974010690840917,126.83410574890355,1.167981566986878
1.871,119.97173760397388,120.45765287046268,0.8974010690840917,120.20201260079182,1.2250106926132645
1.872,112.6898444780507,110.546160248083,0.8974010690840917,110.6168589655716,1.1717855424075834
1.873,109.85619998755604,110.0020616593443,0.8974010690840917,109.97515909689656,1.1305137007996429
1.874,107.55729348895969,107.2209658410078,0.8974010690840917,107.17987077915089,1.056125798547767
1.875,105.80559447248277,104.72402664927137,0.8974010690840917,104.7513815008073,0.9877233275284146
1.876,104.5765288936506,104.80337887887735,0.8974010690840917,104.76880951505495,0.9522009498003169
1.877,103.81473830086534,104.01737887131502,0.8974010690840917,103.97488401563872,0.9365103756906694
1.878,103.442087991033,103.23692029915784,0.8974010690840917,103.2573172830335,0.936925973396721
1.879,103.36562887325412,104.65731601176304,0.8974010690840917,104.60163690843561,0.9503676032530193
1.88,103.48523908873398,104.0223326745944,0.8974010690840917,103.9734590171698,0.9771474752989063
1.881,103.6908885591178,103.25065347054662,0.8974010690840917,103.23221392379814,0.977747142949956
1.882,103.818331317869,103.05200297878352,0.8974010690840917,103.06062610545703,0.9712704547557316
1.883,103.7064445068314,102.81141562417083,0.8974010690840917,102.8048411925664,0.9725317223787435
1.884,103.21592922397164,102.13684023063554,0.8974010690840917,102.13480671938265,0.9734937359140386
1.885,102.23521788443638,101.3500856586986,0.8974010690840917,101.35885563180669,0.9736201244284258
1.886,100.68744178588268,100.53298123817348,0.8974010690840917,100.45387269607077,0.9952638350774722
1.887,98.56197346828098,97.1634976807946,0.8974010690840917,97.19123738974815,1.0436033263877775
1.888,95.92889352189336,96.37987400183428,0.8974010690840917,96.34244396050934,1.101199341462738
1.889,92.91200924618956,93.68982865808448,0.8974010690840917,93.6092407340152,1.1971623696882252
1.89,89.67933993955484,89.90741514041976,0.8974010690840917,89.84818306165968,1.2976480412330915
1.891,86.44085759491504,86.42619315471275,0.8974010690840917,86.34652652860032,1.4078242944774186
1.892,83.44564492455568,82.28986411784547,0.8974010690840917,82.32266063087863,1.5068530857218385
1.893,80.9765462983531,80.40756585427233,0.8974010690840917,80.45655226662744,1.5929311773902624
1.894,79.31531929169171,78.528679919428,0.8974010690840917,78.64366900009223,1.4997820312931358
1.895,78.63806487562306,77.49771009973196,0.8974010690840917,77.75833197164455,1.4056054107132328
1.896,79.10740650730193,79.84589300896631,0.8974010690840917,80.25580290168922,1.3121757027290328
1.897,84.64135280034782,85.68427417631136,0.8974010690840917,86.13234030357178,1.206637639766881
1.898,91.02774194952715,91.48231130851056,0.8974010690840917,91.99077085606847,1.1164263783184327
1.899,97.97472422012994,98.33087193787554,0.8974010690840917,98.95439881038003,1.0852280816120983
1.9,105.21423240928848,107.90732140077245,0.8974010690840917,108.40852421887661,1.0344538703719475
1.901,112.5129966678026,113.73667570747068,0.8974010690840917,114.31601587302751,1.010888774273032
1.902,119.72396547191622,121.38220418479486,0.8974010690840917,121.90340766432533,1.0174146637220292
1.903,126.74456306407156,127.2417825585867,0.8974010690840917,127.79307067431652,1.01682928942867
1.904,133.49156017041113,133.85486916588354,0.8974010690840917,134.3870332830207,1.0345748287303485
1.905,139.89764252032217,139.7374180486221,0.8974010690840917,140.23271997662528,1.0369627532587986
1.906,145.90532095060573,144.4067001307547,0.8974010690840917,144.95909496558403,1.0692832347565355
1.907,151.44388433285735,150.6961464684781,0.8974010690840917,151.16206235516188,1.1225070459676474
1.908,156.4141384094117,154.93223967557736,0.8974010690840917,155.42083689826293,1.2018370872166106
1.909,160.69225429062556,159.46708582121258,0.8974010690840917,159.90537722995077,1.2949260532473403
1.91,164.14921015686608,163.11310129018844,0.8974010690840917,163.51111610901467,1.3890491280001545
1.911,166.6566571046373,166.0915216638344,0.8974010690840917,166.3820197962665,1.4280577786986168
1.912,168.13317557719847,166.805981550805,0.8974010690840917,167.11355682927854,1.4534727642242697
1.913,168.52402695126568,168.54821420832752,0.8974010690840917,168.7314128538677,1.3920195341606403
1.914,167.841991014207,167.69209578542092,0.8974010690840917,167.82287826077908,1.3109946096768692
1.915,166.13370817342428,166.12262558456328,0.8974010690840917,166.19244566332546,1.2150135365923418
1.916,163.470461756217,163.91643889762096,0.8974010690840917,163.95063851652515,1.119474749441739
1.917,159.9505624926684,161.84471965894593,0.8974010690840917,161.7379887612469,1.05835942595136
1.918,155.69723564814177,156.46448246968188,0.8974010690840917,156.3515573624965,1.0095667672259956
1.919,150.8510607055693,151.7951373471352,0.8974010690840917,151.61870019567954,1.0192098927647542
1.92,145.5015358673371,145.0212460276684,0.8974010690840917,145.0436122975384,0.9762388162529264
1.921,144.2888758927774,144.1156481919895,0.8974010690840917,144.0437930350811,0.9628467988763116
1.922,142.9186968662839,140.32926523869975,0.8974010690840917,140.40304999253334,0.9504222376054271
1.923,141.4102885808109,140.77738189420086,0.8974010690840917,140.77564196244086,0.9462244606053997
1.924,139.78145323985052,139.31412594225512,0.8974010690840917,139.34415438228484,0.9432462762793278
1.925,138.04613457534833,139.1918321184812,0.8974010690840917,139.13725937256615,0.9398579680324733
1.926,136.23689320009686,136.95949174326867,0.8974010690840917,136.86627930433295,0.94375640572236
1.927,134.42664278896,134.1339442037936,0.8974010690840917,134.10719553736953,0.9534814237770991
1.928,132.70018173810996,133.245105194701,0.8974010690840917,133.1701549904924,0.982836117311368
1.929,131.13912964616603,131.1095389479242,0.8974010690840917,131.11193842914963,1.0271342921266908
1.93,129.8226680976321,130.79006116247672,0.8974010690840917,130.74818930825785,1.0841540378859986
1.931,128.82820786579435,129.4700614520556,0.8974010690840917,129.4457152411259,1.111527573632013
1.932,128.184439990981,127.8952120381229,0.8974010690840917,127.93679376416257,1.0927300490221432
1.933,127.8544532556488,127.79055110558082,0.8974010690840917,127.83495949450025,1.0355014352843779
1.934,127.76504016909358,126.92430010115886,0.8974010690840917,127.06349496648882,0.9874402355587258
1.935,127.83326506558448,128.08741250279513,0.8974010690840917,128.19484882578354,0.9519652537031209
1.936,127.98148994024876,128.25764753287888,0.8974010690840917,128.38973690067186,0.9314610917984528
1.937,128.13769526742678,128.6861341628085,0.8974010690840917,128.76703153503996,0.9280317663731662
1.938,128.2472651417117,127.76891009340028,0.8974010690840917,127.92409589350885,0.930775233958113
1.939,128.29069174502075,128.640710744377,0.8974010690840917,128.76042921403103,0.9338767979127044
1.94,128.2786398094445,128.2019830824205,0.8974010690840917,128.34882429548924,0.9318259891493992
1.941,128.24450854003229,128.4278028420124,0.8974010690840917,128.5038340882258,0.9322329122201599
1.942,128.21909771800603,126.61310720633428,0.8974010690840917,126.78117364099035,0.9296573755713026
1.943,128.22317963208502,127.59769677416064,0.8974010690840917,127.77976076190954,0.9328248290276716
1.944,128.27084687461962,129.13894362925342,0.8974010690840917,129.27555096203628,0.9328349195612241
1.945,129.16284741392695,129.43920627610166,0.8974010690840917,129.6207458547821,0.9332817640523324
1.946,129.99916315741814,131.0959287640549,0.8974010690840917,131.1804689314161,0.9336229146006574
1.947,130.72411037231402,129.92953874460156,0.8974010690840917,130.0971344374927,0.9319607702162395
1.948,131.27506700409668,131.2747177270778,0.8974010690840917,131.4104262074581,0.9350412531225134
1.949,131.5844523492328,131.49365105468135,0.8974010690840917,131.6284483776921,0.9341772939856512
1.95,131.58212871505344,131.76339502834605,0.8974010690840917,131.81739295843073,0.9362389863697594
1.951,131.1981781557358,129.58127976617575,0.8974010690840917,129.6972442528364,0.9351208286848324
1.952,130.36598030792902,129.11727617160403,0.8974010690840917,129.23144182091767,0.9323555592898156
1.953,129.02548791960098,128.44066559413253,0.8974010690840917,128.42064272713012,0.9410163262383164
1.954,127.126567721639,124.24932521577996,0.8974010690840917,124.35359834077344,0.939215007639189
1.955,124.63224900255965,123.41020374400306,0.8974010690840917,123.43973636529746,0.9331612488019405
1.956,121.52170384450925,120.73309515651216,0.8974010690840917,120.73641880817488,0.9431269662854388
1.957,117.7927744903204,117.55142371627907,0.8974010690840917,117.536498860613,0.9497461424315671
1.958,113.4638672829734,113.99809802671096,0.8974010690840917,113.93582082545879,0.9644888488408007
1.959,108.57505084231497,109.11337982301195,0.8974010690840917,109.03519451575688,0.9849540243452758
1.96,103.18688654187363,104.04253538692464,0.8974010690840917,103.84601719128176,1.0260184975365223
1.961,97.36204433901412,95.52114994542524,0.8974010690840917,95.41848410822269,1.042346883192658
1.962,91.15567564110616,89.40653133535544,0.8974010690840917,89.31441778394338,1.0122069327597258
1.963,84.6258711219931,83.01455504403273,0.8974010690840917,82.93086656959481,1.012478466455191
1.964,77.84762174924464,76.422523954081,0.8974010690840917,76.34492742027427,1.0213612221020274
1.965,70.95624107069058,70.42179081918813,0.8974010690840917,70.32583502616889,1.0542649682410166
1.966,64.14993753492834,64.18717859637474,0.8974010690840917,64.06474457008439,1.1295024804132363
1.967,57.65939586473626,57.50719440883224,0.8974010690840917,57.415357114065564,1.212256188563043
1.968,51.71061186165538,51.38039212475567,0.8974010690840917,51.26349413321363,1.3136492611952524
1.969,44.75955753613484,44.33961220930457,0.8974010690840917,44.30886685215404,1.394496731943611
1.97,38.09916196793252,39.56483830910926,0.8974010690840917,39.47588056429579,1.4793080622500288
1.971,31.82970951263968,32.76684472899006,0.8974010690840917,32.71151534394644,1.5120339013729711
1.972,26.04265673569041,26.172704784412435,0.8974010690840917,26.188801123897115,1.5123907053840497
1.973,20.865252152560814,20.601137672691863,0.8974010690840917,20.692251221878855,1.509258170989823
1.974,16.488842771374706,16.349623513493686,0.8974010690840917,16.478484012048135,1.507514002323131
1.975,13.166357140794275,12.41616888674828,0.8974010690840917,12.682826165269901,1.49318986722345
1.976,11.196495612991429,11.58997759261936,0.8974010690840917,11.890118569668447,1.4753234135297577
1.977,10.917833267709668,11.07834075773616,0.8974010690840917,11.469901810188386,1.4725163311958374
1.978,12.686064375568677,12.753672515731155,0.8974010690840917,13.291986269112423,1.4627507227987195
1.979,16.841813707398614,18.083834227532805,0.8974010690840917,18.69439570765957,1.4289103127099672
1.98,23.68360759013817,24.4485723507054,0.8974010690840917,25.20953254493065,1.413178880772421
1.981,33.440861634561514,34.68241923301312,0.8974010690840917,35.506960780960156,1.388165662383845
1.982,46.247468469566726,45.97830278675652,0.8974010690840917,46.98195280661752,1.3955282305548125
1.983,62.11729379150562,61.78547016237547,0.8974010690840917,62.95171327034243,1.4660799501961819
1.984,80.92406705781036,81.18780218999301,0.8974010690840917,82.43402772674416,1.5391644429866225
1.985,102.399593722961,102.7050181329986,0.8974010690840917,104.0447188043056,1.6246370101056944
1.986,126.12980677841436,126.6743051949268,0.8974010690840917,128.10999017249097,1.742863815206685
1.987,151.5366013683059,152.88202383516446,0.8974010690840917,154.30824919591493,1.8207513037731926
1.988,177.8650269143574,178.62557427644995,0.8974010690840917,180.05233222652535,1.8891112874345746
1.989,204.15650367050517,203.86982116806573,0.8974010690840917,205.2872539809752,2.011151084647203
1.99,229.2894983639013,228.66194294003407,0.8974010690840917,229.96258871936897,2.090186331107243
1.991,252.09207604773783,251.0597496177096,0.8974010690840917,252.2805869604757,2.096766785239119
1.992,271.4117195208985,271.32200647027446,0.8974010690840917,272.12666773744354,1.9800373210003257
1.993,280.4090275085235,280.33009946327525,0.8974010690840917,280.945292130226,1.834519501679901
1.994,286.42205814181466,285.40775472856626,0.8974010690840917,285.9306638147418,1.837104766368883
1.995,289.75154535220065,288.68452356935745,0.8974010690840917,289.0992379342992,1.9384837919113491
1.996,290.64062304660195,289.7532792218436,0.8974010690840917,290.10610408813477,1.9643093461818473
1.997,289.36409529852,290.55358469970986,0.8974010690840917,290.7209370114746,2.0347422665129926
1.998,286.15380055735847,287.746405731165,0.8974010690840917,287.7727604260393,2.0909534229936892
1.999,281.18988660168424,282.39005732034536,0.8974010690840917,282.32291300082574,2.1041963927466525
2.0,274.6285714954096,275.55406670984786,0.8974010690840917,275.3671502795937,2.0450887431337565
2.001,266.6202832859366,266.3838685184392,0.8974010690840917,266.2061502223531,1.938702711779808
2.002,257.2711133743743,258.8087553727954,0.8974010690840917,258.43400055398325,1.8610267831940308
2.003,246.63746619637783,247.08795438148496,0.8974010690840917,246.66620992021734,1.7842636725636791
2.004,234.73442676913575,235.03171495288345,0.8974010690840917,234.51763633186712,1.6948649162705727
2.005,221.5474735647711,221.2335017053392,0.8974010690840917,220.60695673371492,1.6317558902758718
2.006,207.0467768338903,205.2283735015905,0.8974010690840917,204.64532468489438,1.5215352101938178
2.007,191.203431955852,191.2048775909145,0.8974010690840917,190.45548798397346,1.4675154191431676
2.008,174.0069892560877,173.33626822829171,0.8974010690840917,172.58413153596973,1.4417519864684074
2.009,155.4836243164011,156.5010253478018,0.8974010690840917,155.6390773381678,1.4343099218807405
2.01,135.71563050409674,136.92135994052026,0.8974010690840917,135.97301893876616,1.5206534796534847
2.011,114.88030415093266,115.58194870518888,0.8974010690840917,114.66073238584976,1.585559508309331
2.012,93.28107790362426,95.38066362961152,0.8974010690840917,94.35700938102522,1.7411282951471416
2.013,71.33534880619669,72.45080473970981,0.8974010690840917,71.47234312898841,1.9612736770963894
2.014,49.5643713745159,50.38600482502642,0.8974010690840917,49.46838341254568,2.1460157857949
2.015,28.59185907439448,29.888151669842628,0.8974010690840917,29.010856649207213,2.3575179605343446
2.016,9.136316301837851,9.975470170907748,0.8974010690840917,9.489549018056538,2.468265715045565
2.017,0.0,0.4383464476845731,0.8974010690840917,0.3817449681912072,2.3053781580615196
2.018,0.0,1.544112959920561,0.8974010690840917,1.4502324956389738,2.153928980451203
2.019,0.0,0.3048786473984819,0.8974010690840917,0.32835300578154164,2.01973595923055
2.02,0.0,0.148691365825627,0.8974010690840917,0.23007738409282327,1.8856352708167299
2.021,0.0,-0.2077731715528266,0.8974010690840917,-0.049274686386566,1.762537900856543
2.022,0.0,0.0818669588817089,0.8974010690840917,0.2869608698510966,1.636172175954342
2.023,0.0,0.0922974888532737,0.8974010690840917,0.30752148601005436,1.5839504983489638
2.024,0.0,-0.5344184653816932,0.8974010690840917,-0.33226890686386296,1.588107641389213
2.025,0.0,-2.7157508390942637,0.8974010690840917,-2.332044510404068,1.5973756710786218
2.026,0.0,-0.9528139602046508,0.8974010690840917,-0.6592014405634199,1.5732397077181814
2.027,0.0,-2.5185376585816748,0.8974010690840917,-2.0830401236730682,1.5790350100258885
2.028,0.0,-0.5327515988871099,0.8974010690840917,0.2323242263267798,1.5865602126447027
2.029,10.49853244036828,9.992700420645177,0.8974010690840917,11.057958505889403,1.6676647147717172
2.03,27.87152540886653,28.52602981613283,0.8974010690840917,29.64791035344153,1.6847495917271207
2.031,47.01101767139633,47.93161334606746,0.8974010690840917,49.134301216233325,1.6366807554953755
2.032,67.54968222945706,69.23084372700075,0.8974010690840917,70.44475374045304,1.5774728421723792
2.033,89.04495092021041,89.88251890269575,0.8974010690840917,91.12421300811026,1.5296051421146826
2.0340000000000003,110.95346946017234,110.56446305655469,0.8974010690840917,111.83722113789172,1.5828616374042614
2.035,132.65868789134572,131.46258184647186,0.8974010690840917,132.7856078881008,1.7311148689807037
2.036,153.48926828069455,153.22072971159457,0.8974010690840917,154.4109736848779,1.8600968043429678
2.037,172.72790822032906,171.17634245598612,0.8974010690840917,172.3679573363713,2.007128639891037
2.0380000000000003,189.62715305825685,189.42159348371567,0.8974010690840917,190.39289789447452,2.1631833548692945
2.039,203.43313802886385,202.15786276915168,0.8974010690840917,203.06796489696964,2.2839457785671673
2.04,213.44445229550547,214.16614109326397,0.8974010690840917,214.73576620429208,2.2011913110387087
2.041,218.34740238643212,218.06215712362672,0.8974010690840917,218.5430793269945,2.074266236558313
2.0420000000000003,220.2982675823035,220.64606826831613,0.8974010690840917,220.95910585935275,1.9551958406323902
2.043,219.63081651297236,220.2431608643083,0.8974010690840917,220.4270339531556,1.817832298243349
2.044,216.7287131208717,217.93786717978992,0.8974010690840917,217.95590750881436,1.683068816842939
2.045,211.99752984070716,212.43355075313968,0.8974010690840917,212.36809147461145,1.5496281497476108
2.0460000000000003,205.8417131201857,205.52138047759365,0.8974010690840917,205.40790476705362,1.3943427151404644
2.047,198.6375422868605,198.77843423993616,0.8974010690840917,198.65958166903394,1.3179318062024468
2.048,190.6688421165936,192.89464523572585,0.8974010690840917,192.60379401683664,1.2965577910056292
2.049,182.1689095952004,182.8232117813205,0.8974010690840917,182.60234156428243,1.2426556831976285
2.05,173.33233759255012,175.40583983099052,0.8974010690840917,175.06825357211463,1.1880301426130735
2.051,164.31481675496724,165.6406526479798,0.8974010690840917,165.29108332692837,1.1794291261077514
2.052,155.236554609696,155.4181327823927,0.8974010690840917,155.07370207870625,1.137139730067939
2.053,146.18787676174105,145.82738184961832,0.8974010690840917,145.4897369518174,1.0981151715682653
2.054,137.23645342084626,136.57528197568664,0.8974010690840917,136.2957413837381,1.0513845074962438
2.055,128.43561814672486,129.38823029335322,0.8974010690840917,129.02863964019244,1.0463373513152852
2.056,119.83326559854596,120.37940898382296,0.8974010690840917,120.06839594106391,1.0575189613315996
2.057,111.48082494535625,112.79918165418798,0.8974010690840917,112.4780067612949,1.05594894963635
2.058,103.44180255662374,104.93201570160316,0.8974010690840917,104.57236551800358,1.0931117511429789
2.059,95.79937222774392,96.15396685499478,0.8974010690840917,95.84590913430497,1.117145914151155
2.06,88.6624675930395,88.9458172078913,0.8974010690840917,88.67185225828564,1.1206742328278418
2.061,82.16980713627729,82.18880322745537,0.8974010690840917,82.00290220210394,1.12692419338478
2.062,76.49126833250082,77.83611553154411,0.8974010690840917,77.58461206688527,1.1464466649033742
2.063,71.82603806521081,71.25331145066859,0.8974010690840917,71.16700670462737,1.1648347605151042
2.064,68.39701817561021,68.90758231565555,0.8974010690840917,69.049171388384,1.139155662720529
2.065,72.11623041483122,72.28517692566273,0.8974010690840917,72.48112474308408,1.1310935060978833
2.066,77.69787832478214,76.60337300356224,0.8974010690840917,76.96747463531106,1.1346743576428713
2.067,84.82535238113599,85.01030660772479,0.8974010690840917,85.36618729383468,1.119253230209778
2.068,93.16313281534973,92.43010724044365,0.8974010690840917,92.87205543644134,1.0945445294535967
2.069,102.36988910535553,101.62682556137524,0.8974010690840917,102.08038118264916,1.0844947546639685
2.07,112.10835288996417,110.50264658858708,0.8974010690840917,111.02865411432536,1.0880485428182094
2.071,122.0523102256262,121.04317517087286,0.8974010690840917,121.52739210345358,1.0910093396078604
2.072,131.89120791025982,130.40675990884358,0.8974010690840917,130.9225394126173,1.0941713217013493
2.073,141.33295143480993,140.68066948707516,0.8974010690840917,141.16037929604448,1.113756005575838
2.074,150.10550208769894,150.10126119005284,0.8974010690840917,150.47728896784898,1.0908612083349658
2.075,157.95786989318862,156.61839959468904,0.8974010690840917,157.05473697593663,1.1028382913240884
2.076,164.6610573855083,164.683431522656,0.8974010690840917,164.99542335257587,1.1204652017633259
2.077,170.00944406630114,169.632392966192,0.8974010690840917,169.91435407779653,1.1144933170952094
2.078,173.82301740211835,173.73512588005883,0.8974010690840917,173.9428231669914,1.1205005188798207
2.079,175.9507555365723,175.9287045595133,0.8974010690840917,176.08496971238068,1.1173309584506488
2.08,176.27534965437638,177.23642508303627,0.8974010690840917,177.23202398571493,1.1137072627047553
2.081,174.7193189691408,174.58558370895102,0.8974010690840917,174.58082888031637,1.1014055003809873
2.082,171.25241701267788,172.36979533714313,0.8974010690840917,172.24970909328098,1.089783198410584
2.083,165.90005329484387,167.65061145247876,0.8974010690840917,167.3684505397274,1.1185093209986003
2.084,158.75226029337966,158.43036038995743,0.8974010690840917,158.14061458517835,1.1367309776418513
2.085,149.97252602147984,148.9587349644594,0.8974010690840917,148.68997543271104,1.1005876761268971
2.086,139.805595415112,140.15231949383696,0.8974010690840917,139.78189114483837,1.101090101549519
2.087,128.58313344604633,129.2481215640511,0.8974010690840917,128.84896974378515,1.1341015211787895
2.088,116.72595982184536,117.80718996006875,0.8974010690840917,117.64551980060399,1.0416588695255156
2.089,114.4624214572216,114.01726670719611,0.8974010690840917,113.94780227192273,0.9613912242508965
2.09,112.31743263164232,112.6510140844532,0.8974010690840917,112.6103088494751,0.9528360114877809
2.091,110.25927694487132,111.81752109458152,0.8974010690840917,111.70797762152858,0.959367327259823
2.092,108.25563502519212,109.20008505443523,0.8974010690840917,109.11980401703468,0.9689743248889547
2.093,106.2771912107884,107.35367762730458,0.8974010690840917,107.30778075940216,0.9656586887847414
2.094,104.3007256749268,105.88808158569412,0.8974010690840917,105.76537622758438,0.9760717243364102
2.095,102.31165903530312,101.93203884370809,0.8974010690840917,101.96403323947793,0.9788778996423672
2.096,100.3060425918886,102.1104448387965,0.8974010690840917,101.99784857648099,0.9794107715733193
2.097,98.2919998867861,98.2018003253741,0.8974010690840917,98.18537956641035,0.9960826885741959
2.098,96.29062661594604,96.6247771262782,0.8974010690840917,96.61013654393128,0.9915621380238124
2.099,94.33814376510792,94.76648543650668,0.8974010690840917,94.75586876111447,1.0128067305579815
2.1,92.51100154517104,92.91609974482706,0.8974010690840917,92.93342754778705,1.0576372034277712
2.101,90.93609249575772,91.47299247848385,0.8974010690840917,91.44688604638948,1.1273702294978598
2.102,89.76232524449429,88.76686652825703,0.8974010690840917,88.82831500372009,1.209626883794732
2.103,89.14391170423504,88.49400298134952,0.8974010690840917,88.61616107084411,1.258884923063185
2.104,89.2092239883938,89.48762099228195,0.8974010690840917,89.63452784720783,1.2196098456432813
2.105,90.00403122099176,90.49865963412648,0.8974010690840917,90.6385375471283,1.140551622156289
2.106,91.51837468035568,90.43188596780968,0.8974010690840917,90.69386972404342,1.0691933374959852
2.107,93.71753075643774,92.8402444914408,0.8974010690840917,93.1445826482601,1.0109777789205312
2.108,96.55166742771188,95.74772078704996,0.8974010690840917,96.09344794182803,0.9686927001756104
2.109,99.95145864477443,99.12210454239778,0.8974010690840917,99.49280737583467,0.9523593403184264
2.11,103.83641594695015,102.80261187313305,0.8974010690840917,103.18620274078786,0.9565091888249132
2.111,108.16963267696752,106.999792251665,0.8974010690840917,107.46673034759425,0.9780500206677362
2.112,112.90174660239376,113.39577264773725,0.8974010690840917,113.78793778054275,0.9807748354624505
2.113,119.05504035566004,117.9132114154224,0.8974010690840917,118.37345528095045,0.9811076355276632
2.114,124.96169803557822,124.24335609303988,0.8974010690840917,124.6756944608359,0.9925274803049938
2.115,130.46128782230554,129.39421237583903,0.8974010690840917,129.80940791228286,0.9865563802074137
2.116,135.42482861865943,134.3159616992659,0.8974010690840917,134.69296378117372,0.9896053490057105
2.117,139.75336638353755,138.0078561332107,0.8974010690840917,138.4372507357582,1.0123317735968027
2.118,143.37220547232866,143.2021995389342,0.8974010690840917,143.52975003764763,1.0354509247263237
2.119,146.23815277618905,145.75641653077102,0.8974010690840917,146.04898120555796,1.0367322002545027
2.12,148.3476904686837,147.80593325471568,0.8974010690840917,148.07870081676506,1.0282435063974047
2.121,149.75464788826025,149.70607703791114,0.8974010690840917,149.9041933523908,1.0092601785247082
2.122,150.54907000339995,149.94306460609644,0.8974010690840917,150.1783293810552,0.981266900814619
2.123,150.8471481553217,151.66788905155587,0.8974010690840917,151.78649645447427,0.9510720729531863
2.124,150.79124487309622,151.07392113346663,0.8974010690840917,151.1702390663266,0.9408119274679808
2.125,150.49552839298528,149.75347902125696,0.8974010690840917,149.95589771059542,0.9427252178268786
2.126,150.0013511304657,151.31533862742978,0.8974010690840917,151.37605139990814,0.9423100612551037
2.127,149.36536986792558,149.13408910317864,0.8974010690840917,149.295885892587,0.9516456273237349
2.128,148.61285477272065,149.77422432288003,0.8974010690840917,149.90440759313358,0.954738587262631
2.129,147.7644553770379,149.99494201095,0.8974010690840917,150.00613824888273,0.9691139627117421
2.13,146.82501047067987,147.1103643609773,0.8974010690840917,147.18704246984558,0.9744186982772657
2.131,145.79399294519175,146.02959370310927,0.8974010690840917,146.09913391407338,0.9706866486930091
2.132,144.6787665745034,144.5124283482999,0.8974010690840917,144.60809110317035,0.9646235041471637
2.133,143.48419386806432,143.85150045518395,0.8974010690840917,143.8927755672096,0.959838350722953
2.134,142.21031600092743,141.97891526806038,0.8974010690840917,141.99651185407805,0.9541685176831296
2.135,140.85684824759275,139.69106936381846,0.8974010690840917,139.80125295151421,0.9414052191197967
2.136,139.4097184460078,140.0974455530794,0.8974010690840917,140.0351866816113,0.9479127027610756
2.137,135.9961270602513,135.43658950979008,0.8974010690840917,135.41219279729924,0.9591280292151415
2.138,132.39622317226474,132.32340861412672,0.8974010690840917,132.26899709365256,0.9579809412481902
2.139,128.72581759461815,128.38551004162218,0.8974010690840917,128.33916207827164,0.9729356823460916
2.14,125.05231160392758,124.2798447879414,0.8974010690840917,124.25166188969474,0.9741975932806799
2.141,121.43296137542588,120.804229133153,0.8974010690840917,120.7479652525384,0.981651994006628
2.142,117.91489066485838,116.48255272236128,0.8974010690840917,116.5198756430855,0.9622263361044255
2.143,114.54945748363916,115.15729872518172,0.8974010690840917,115.13976412838669,0.9462215553659179
2.144,111.40171120478118,112.55923030872532,0.8974010690840917,112.4803914886022,0.9495868194712598
2.145,108.53149891149609,108.70899485498558,0.8974010690840917,108.66477839971589,0.9507393019548052
2.146,105.984869833489,105.7208980922323,0.8974010690840917,105.73672745160735,0.9492683553205198
2.147,103.79979898870958,104.85524862884378,0.8974010690840917,104.79810301603153,0.9625312181900707
2.148,101.98743922177351,101.95863005641966,0.8974010690840917,101.980211090868,0.9746199289813172
2.149,100.52093421068795,101.2771088093957,0.8974010690840917,101.23385781466955,0.9760477068822673
2.15,99.34905943499292,98.6849006756228,0.8974010690840917,98.80215622157041,0.9668023737268493
2.151,98.39180810294744,100.08991710746906,0.8974010690840917,100.10047909580854,0.9402330824616008
2.152,97.52425413572573,98.0784323963499,0.8974010690840917,98.12837978661136,0.9341815189809485
2.153,96.60984203033574,96.74603627137152,0.8974010690840917,96.82658226768987,0.931780214074259
2.154,95.52064148295572,95.9084686501208,0.8974010690840917,95.97850890841046,0.9448556120047129
2.155,94.1421498647112,94.5865200819187,0.8974010690840917,94.56675058165625,0.9756429064784548
2.156,92.3814391309836,90.82160997140808,0.8974010690840917,90.90190444574738,0.9558556226539558
2.157,90.2582775244588,90.41914042181168,0.8974010690840917,90.38304375823981,0.937037039653862
2.158,87.89043025919739,87.1094226868295,0.8974010690840917,87.10595269851716,0.9464985470656531
2.1590000000000003,85.41973150348394,84.87242123276127,0.8974010690840917,84.88852159410291,0.9637617372113985
2.16,83.01119776375903,83.52939122482925,0.8974010690840917,83.33798970581188,1.0296342751624863
2.161,75.62022374654467,76.319925347349,0.8974010690840917,76.15595121317503,1.1562391561097527
2.162,68.29422741958038,69.90778217129173,0.8974010690840917,69.61433015282984,1.265516142023368
2.1630000000000003,61.22028105603945,59.47994519016654,0.8974010690840917,59.39893412253479,1.2875341869984769
2.164,54.51004273778963,54.46730136565983,0.8974010690840917,54.33824445701486,1.2683267912191185
2.165,48.271087391704,47.89614140204062,0.8974010690840917,47.84243364808285,1.300543742771891
2.166,42.62600667342055,42.86342170779601,0.8974010690840917,42.84050191880746,1.3189815510642777
2.1670000000000003,37.70853045714058,38.2788090697569,0.8974010690840917,38.30644918214418,1.3423621980190015
2.168,33.65837557596724,34.920088068948544,0.8974010690840917,34.990040310600776,1.3783777879658812
2.169,30.643113963983765,32.45363681548468,0.8974010690840917,32.532685623608245,1.4599385319968878
2.17,28.874176484858666,29.700039674874848,0.8974010690840917,29.92674554471506,1.5572941842684611
2.1710000000000003,28.57669504255594,30.63048111655071,0.8974010690840917,30.872973684692827,1.6354225017540776
2.172,29.96872815302231,31.6350800136612,0.8974010690840917,31.93596870310722,1.705008552261015
2.173,33.253048075707,33.33549722025999,0.8974010690840917,33.827182604374975,1.7786668724941632
2.174,38.60795682674086,39.47798686641633,0.8974010690840917,40.01042611924669,1.7698093215294828
2.1750000000000003,46.12052844985307,45.98518568094135,0.8974010690840917,46.74692089644114,1.6348641469341878
2.176,55.7353507115581,57.15115868187705,0.8974010690840917,57.89067377596396,1.4825990350355642
2.177,67.32790181501116,66.69888044980195,0.8974010690840917,67.60736621742527,1.354949443027196
2.178,80.70730832146806,79.56095184615077,0.8974010690840917,80.5806861036821,1.3188152465297593
2.179,95.60587604497005,94.44897746240976,0.8974010690840917,95.5712443416092,1.3379683782335101
2.18,111.67040757810106,111.61015521355598,0.8974010690840917,112.71588005482404,1.3747794679607326
2.181,128.46541876530063,128.01364822111685,0.8974010690840917,129.13192039507632,1.4020054122579473
2.182,145.53314337072842,144.76794353093123,0.8974010690840917,145.8901638047176,1.4609987375965308
2.183,162.3495283635537,161.5974915079471,0.8974010690840917,162.66101019084513,1.5083549730668546
2.184,178.29660338443773,177.0669529934696,0.8974010690840917,178.04506653007724,1.5360772391856434
2.185,191.2443705736651,190.24805801933468,0.8974010690840917,191.17880824176157,1.5742574895385644
2.186,202.5634627457852,202.49036383592343,0.8974010690840917,203.26168551308922,1.595619841562109
2.187,212.25164208194823,211.18327807378787,0.8974010690840917,211.88127130902348,1.6326278374610887
2.188,220.3430863657732,218.25084497106025,0.8974010690840917,218.92694427616564,1.7440353856735236
2.189,226.8664425422441,225.44427670021452,0.8974010690840917,226.06022032689543,1.891362229889773
2.19,231.85046156918025,231.2857526774888,0.8974010690840917,231.74761073342353,2.00354233608676
2.191,235.32399983512136,233.7598428624118,0.8974010690840917,234.22519801574558,2.105307862106769
2.192,237.30182362291717,237.28420790998732,0.8974010690840917,237.61472228940622,2.1241033246067236
2.193,237.8365525540974,238.85023598706013,0.8974010690840917,238.97618246718704,2.0244911886228296
2.194,237.0259025249642,236.42810399136707,0.8974010690840917,236.5688785788875,1.8806460466487132
2.195,234.9472884592753,235.63733689591504,0.8974010690840917,235.61590508658915,1.7517880974190843
2.196,231.63305272311743,231.6163449798088,0.8974010690840917,231.540868258058,1.612916307111878
2.197,227.0724910501893,227.1770613683969,0.8974010690840917,227.0074885836069,1.4872182431562104
2.198,221.20259561962564,221.26485727208367,0.8974010690840917,221.04029344871384,1.3952438445833886
2.199,213.8981216689936,215.24878815910492,0.8974010690840917,214.85320863585153,1.3799833377168673
2.2,204.9877248357,205.04721768514463,0.8974010690840917,204.58261829847484,1.3760791553617213
2.201,194.2882820292494,193.7124132743361,0.8974010690840917,193.21360124195132,1.3499417500409896
2.202,181.64122652622052,181.50587311514656,0.8974010690840917,180.88010729460584,1.3404768038280686
2.203,166.95179052853058,166.58261886118592,0.8974010690840917,165.88342612401158,1.3514567985585364
2.204,150.20848934891492,150.41138170834168,0.8974010690840917,149.61619953699716,1.3897920006345679
2.205,131.4994279881262,131.81931919666434,0.8974010690840917,130.98229710488448,1.4581060865167432
2.206,111.03558207226354,112.07686220405289,0.8974010690840917,111.13943630741386,1.5661495742745632
2.207,89.18243516759735,89.96551881085759,0.8974010690840917,88.94186793592496,1.764200046790197
2.208,66.50975889310658,65.6448039167135,0.8974010690840917,64.84303255863058,1.8576451070500695
2.209,47.22196076900353,47.8397784842892,0.8974010690840917,47.10383411748016,1.9164355123748922
2.21,30.39983616526949,31.79373688243534,0.8974010690840917,31.17228428232118,2.0693992561108594
2.211,16.383444858187175,18.63236493280908,0.8974010690840917,18.07797728190359,2.232996793418215
2.212,5.391089616798354,7.047848513062441,0.8974010690840917,6.71194258937782,2.3673985105471873
2.213,0.0,0.3034813036723633,0.8974010690840917,0.28275182591872766,2.3487572116988122
2.214,0.0,0.9645667435983044,0.8974010690840917,0.9969947500128679,2.195210023357048
2.215,0.0,1.31262355209806,0.8974010690840917,1.3160911466123395,2.0602973403214926
2.216,0.0,-0.7501592430477757,0.8974010690840917,-0.559382895481532,1.9442608822325773
2.217,0.0,0.7416212357747796,0.8974010690840917,0.919658619888668,1.8020701114019522
2.218,0.0,0.2287951390275475,0.8974010690840917,0.6706457784153265,1.6855737268138637
2.219,5.186074995830921,5.608606662231692,0.8974010690840917,6.167300872548285,1.5639784821887277
2.22,13.426915501454443,13.19876540174366,0.8974010690840917,13.842140082882489,1.5026203876513304
2.221,23.08797964963693,22.10937007129645,0.8974010690840917,22.8630359613142,1.4811166775303244
2.222,33.99954221011099,33.38404394600039,0.8974010690840917,34.17151030348557,1.4179221033048441
2.223,45.96954475580111,44.55013097102072,0.8974010690840917,45.44761891977189,1.3525328395357727
2.224,58.76763683054316,57.98809337050248,0.8974010690840917,58.92328624362835,1.2904087974208833
2.225,72.10745797678774,71.81750010566725,0.8974010690840917,72.78529890176726,1.250078830394798
2.226,85.67800743516017,85.92868433623997,0.8974010690840917,86.93152704420073,1.278746373158778
2.227,99.15217668290104,100.73814945533348,0.8974010690840917,101.64800144034675,1.314616600030477
2.228,112.18597665640164,113.05633324713324,0.8974010690840917,113.93746702956628,1.3736398520174447
2.229,124.42003246371353,124.60621903500363,0.8974010690840917,125.48531086495149,1.505264211078941
2.23,135.4840382366424,136.31410875899445,0.8974010690840917,137.1596711488982,1.5793663981659
2.231,145.08779915209473,148.08327696919372,0.8974010690840917,148.724274559176,1.5212147507537686
2.232,153.02932384035512,154.94145997564965,0.8974010690840917,155.62247993060106,1.4528469466474994
2.233,162.12027357293684,164.03071389399747,0.8974010690840917,164.5926486307592,1.4319534678541501
2.234,170.06755253765135,170.05263395207413,0.8974010690840917,170.6107326840526,1.3680021087736978
2.235,176.8100215258612,176.81623650228482,0.8974010690840917,177.30181007949136,1.330103026026282
2.236,182.32833826249592,181.84746336376588,0.8974010690840917,182.27443440353548,1.2634337536518288
2.237,186.6293859633153,185.9559460317594,0.8974010690840917,186.3383982414047,1.2604427621127394
2.238,189.693735775157,189.3000113294458,0.8974010690840917,189.5985797286492,1.2664544547200527
2.239,191.4993742877193,190.794107268826,0.8974010690840917,191.02211417874693,1.260736838099292
2.24,192.03974378820084,190.9344265157302,0.8974010690840917,191.13961952560933,1.2543063652585702
2.241,191.32212097503043,190.8852957036006,0.8974010690840917,190.96559888576556,1.2428235251775017
2.242,189.3660795545809,188.16106982399,0.8974010690840917,188.23532288315783,1.218963353423425
2.243,186.20449493680565,185.9584266090969,0.8974010690840917,185.9544793182429,1.181062994945354
2.244,181.90469893332832,182.19840192726195,0.8974010690840917,182.111881356467,1.1208098356994245
2.245,176.5874490244851,176.7346825940822,0.8974010690840917,176.62159596663165,1.049248294318784
2.246,170.41133130373385,171.3748748539339,0.8974010690840917,171.19602447806523,1.0075813644876137
2.247,163.5562080133407,164.8930484382763,0.8974010690840917,164.65988696142432,1.0107974267082787
2.248,156.22393446861614,157.81856977564547,0.8974010690840917,157.52955092955906,1.0588650255136434
2.249,148.63339489185762,149.23151857772856,0.8974010690840917,149.0234467267978,1.065597419602746
2.25,140.93539775348597,142.71588155617937,0.8974010690840917,142.4138059131251,1.0642376461020344
2.251,133.24494769778278,133.4470744149716,0.8974010690840917,133.2187797662354,1.0722724998043425
2.252,125.70811883027515,125.98905710852614,0.8974010690840917,125.80163279829914,1.0310889665109275
2.253,118.50093840841488,119.5688678411306,0.8974010690840917,119.40185538894339,1.0168828791556022
2.254,111.8619172062381,113.74660809666612,0.8974010690840917,113.55076760779788,1.0194522009405482
2.255,106.05392605744576,107.01566447106497,0.8974010690840917,106.88659232008123,1.0167549934329716
2.256,101.35172704136484,101.7450588521932,0.8974010690840917,101.81569659429728,0.9724116682409143
2.257,101.30635869506445,102.00824486505876,0.8974010690840917,102.09115566172909,0.9610245576099175
2.258,102.60035713048296,102.41494543527996,0.8974010690840917,102.52783875528314,0.9596914011443899
2.259,105.14669393339796,103.25350566678313,0.8974010690840917,103.5374632575548,0.967076594931482
2.26,108.81974478535696,108.28018925498785,0.8974010690840917,108.53288911294209,0.9675082148084221
2.261,113.45062406945468,111.83351378323442,0.8974010690840917,112.17658554238447,0.9636564816083822
2.262,118.81099617965684,117.33279438178224,0.8974010690840917,117.68004400842842,0.9994298658967291
2.263,124.64577634983232,122.47876090501794,0.8974010690840917,122.89424792479461,1.064260420059921
2.264,130.69839869882696,129.44579672343465,0.8974010690840917,129.85314215374322,1.1123281539522958
2.265,136.78567950338888,136.84364838582795,0.8974010690840917,137.166989708009,1.1347438666887193
2.266,142.7406129229723,142.06004543969087,0.8974010690840917,142.3981689609087,1.127987028763547
2.267,148.4222698387414,148.43780096375275,0.8974010690840917,148.70728553263626,1.1409197616419222
2.268,153.6988448015307,153.1384607990209,0.8974010690840917,153.422400966132,1.120084078680918
2.269,158.45790616658772,158.8573489991046,0.8974010690840917,159.05718128450386,1.099394857207448
2.27,162.6066102355826,162.8428158926691,0.8974010690840917,162.99075569608044,1.0733093432727294
2.271,166.03232358883182,165.51385740895424,0.8974010690840917,165.68802066843645,1.0638062327790898
2.272,168.60707801312745,169.11262018878415,0.8974010690840917,169.19192551318926,1.0451278372537955
2.273,170.21930135218773,170.52593644149997,0.8974010690840917,170.56666844905388,1.0417978454482257
2.274,170.73532855188012,171.38084302649872,0.8974010690840917,171.32556922427634,1.0484709705576116
2.275,170.022278719131,169.82384467848874,0.8974010690840917,169.7443062912266,1.0535217366058083
2.276,167.97243935457146,167.43179689014215,0.8974010690840917,167.37787661561714,1.0433677040161258
2.277,164.51825566657533,165.6573507866888,0.8974010690840917,165.4358915093632,1.0459609145062179
2.278,159.6351763481944,159.78984314727725,0.8974010690840917,159.5237851167359,1.0619832474161848
2.279,153.35060289525694,152.870614128809,0.8974010690840917,152.61206738624665,1.0468774376796175
2.28,145.7539549096459,146.24264299132935,0.8974010690840917,146.04775865670334,1.0049065925554483
2.281,142.1199725004169,141.81425766502466,0.8974010690840917,141.60702673393064,0.979926836701504
2.282,137.62017982521215,137.20750758658386,0.8974010690840917,137.00861924578206,0.974275735227169
2.283,132.30125872980167,132.80407565101004,0.8974010690840917,132.5260098240511,0.9874493250843389
2.2840000000000003,126.2206029832234,126.42876626366512,0.8974010690840917,126.07957455673515,1.0303291056727846
2.285,119.44602879737636,118.1481301399156,0.8974010690840917,117.8686515571103,1.0395085537204465
2.286,112.05637520127073,111.7447571610042,0.8974010690840917,111.44363368583664,1.0390862318507683
2.287,104.1428418114833,104.59298400282286,0.8974010690840917,104.26263421483944,1.0772161955189457
2.2880000000000003,95.81085993416548,96.66056325697528,0.8974010690840917,96.30634182744438,1.123277464765171
2.289,87.18225138759158,88.27934826791362,0.8974010690840917,87.89524076716329,1.1771987892556062
2.29,78.3973953159059,78.94672990711244,0.8974010690840917,78.59738825538457,1.22500561519225
2.291,69.61709479770255,70.20966687682926,0.8974010690840917,69.85070777210385,1.2725763664965468
2.2920000000000003,61.02381166647231,60.96777382645192,0.8974010690840917,60.68443040648421,1.3114282401182091
2.293,52.821920529272575,53.17093411961045,0.8974010690840917,52.90121689034591,1.346605497279371
2.294,45.23662394878555,45.48085953284885,0.8974010690840917,45.29085745377951,1.3790749673752984
2.295,38.51117420414779,39.5308452400492,0.8974010690840917,39.39360484073265,1.4027370148083755
2.2960000000000003,32.902068538669326,35.06714018099923,0.8974010690840917,34.932437705800126,1.4227511292561832
2.297,28.67193116914413,29.8989486311707,0.8974010690840917,29.844422199716615,1.447056915265438
2.298,26.079874217904432,26.07013828685569,0.8974010690840917,26.12723208942559,1.4468794556046558
2.299,25.369248905008305,24.323825439875066,0.8974010690840917,24.567387635606956,1.436251041777741
2.3000000000000003,26.75351303427044,26.95799607519537,0.8974010690840917,27.24998046587908,1.4241155784081654
2.301,30.406865538621645,30.38693475794388,0.8974010690840917,30.775407532492803,1.4181161995630271
2.302,36.44856751398329,35.8211933043656,0.8974010690840917,36.3576572116901,1.3934541373538716
2.303,44.89287298610917,44.44071612246567,0.8974010690840917,45.107381639946574,1.3853538352911943
2.3040000000000003,55.64179335938502,56.055448222412025,0.8974010690840917,56.60226792530644,1.3100790324764682
2.305,63.485644583282166,63.6688301330443,0.8974010690840917,64.26393309551317,1.1934948665501806
2.306,71.87859018113048,71.87160662669608,0.8974010690840917,72.48023971406333,1.1228790937723223
2.307,80.49776485891681,79.61769182171547,0.8974010690840917,80.28921416462993,1.0931971310111626
2.308,89.08732545178233,88.84996060281416,0.8974010690840917,89.50212103292702,1.0748402049405186
2.309,97.4591673916275,97.29576251342984,0.8974010690840917,97.91455447356542,1.0434342587692966
2.31,105.50191584996148,104.76833309258416,0.8974010690840917,105.45511328027467,1.054966978301867
2.311,113.17485592052378,114.0816067191197,0.8974010690840917,114.66674432962205,1.0487547158340764
2.312,120.4707750012334,120.32615365061744,0.8974010690840917,120.95905456427545,1.0342199218988453
2.313,127.43406842588918,128.00032518182783,0.8974010690840917,128.54399919055749,1.033594918382415
2.314,134.1333753265868,133.36445621778896,0.8974010690840917,133.98105361860888,1.0443020256465687
2.315,140.63792859893636,141.49405859278906,0.8974010690840917,142.0867577242357,1.0957042827034353
2.316,147.0055042297787,149.18795225722442,0.8974010690840917,149.71424393948223,1.1006217987101867
2.317,153.28320843628478,154.98416232531773,0.8974010690840917,155.4875763661071,1.1061147426996782
2.318,159.49923415328496,159.8740706860284,0.8974010690840917,160.36490624777772,1.1203891885782429
2.319,165.653590083153,164.96978329435123,0.8974010690840917,165.55054698730828,1.1731904287123138
2.32,171.71049097941352,172.80018527124358,0.8974010690840917,173.25247477380134,1.2099855303557656
2.321,177.59237341715348,177.52896600891015,0.8974010690840917,177.98230256341301,1.2146962996844284
2.322,183.17594438143453,182.83060404345045,0.8974010690840917,183.27225196115225,1.2495000978733206
2.323,188.29071950816584,188.35519474732692,0.8974010690840917,188.74836082872733,1.278112900999002
2.324,192.72054685833837,192.95259756106665,0.8974010690840917,193.2963259625324,1.2902386139418387
2.325,196.20862525051209,197.05484344891283,0.8974010690840917,197.28688490679974,1.3044178893457525
2.326,198.46649587323577,198.0295207288933,0.8974010690840917,198.21974645269606,1.293537221367726
2.327,199.18739336278875,198.54527103054616,0.8974010690840917,198.7302174535519,1.2902838521381808
2.328,198.06416915729213,199.4234810310544,0.8974010690840917,199.32384862481976,1.2967891115698549
2.329,192.17500977116967,192.7485581946198,0.8974010690840917,192.58598955849925,1.290882033431209
2.33,184.8122529917761,185.1179603890644,0.8974010690840917,184.9203642248236,1.2406371707923922
2.331,176.40719932687816,177.3392431343217,0.8974010690840917,177.05432026330075,1.2114348152349508
2.332,167.36917432138102,167.6243283224856,0.8974010690840917,167.3610337885345,1.1763529237838843
2.333,158.0712554749898,158.64947615992986,0.8974010690840917,158.34239635751229,1.128439853309064
2.334,148.83811573942202,149.39364674387605,0.8974010690840917,149.10163545815308,1.113061286871112
2.335,139.91884804078506,140.2545410134648,0.8974010690840917,139.98909943689003,1.0788898485791425
2.336,131.49862386850188,132.40568840690912,0.8974010690840917,132.1287829180225,1.0607608722377964
2.337,123.69718616681249,124.44485417550116,0.8974010690840917,124.21731813007685,1.0455524140042944
2.338,116.57343372549416,117.92497479713964,0.8974010690840917,117.71254901112363,1.0304054786509373
2.339,110.13323098729872,112.00434596967472,0.8974010690840917,111.7431026914453,1.0539608958181812
2.34,104.34668356165788,104.3025050879312,0.8974010690840917,104.11952676841071,1.0275132734735517
2.341,99.20476930046104,99.1448252973835,0.8974010690840917,98.98302392674914,0.986490663453149
2.342,94.69565812485006,94.57216560013036,0.8974010690840917,94.39253578017357,0.9740496408660888
2.343,90.81244572417954,89.58625527851684,0.8974010690840917,89.52001497009832,0.9540235114475291
2.344,87.53250102176557,88.02410331065813,0.8974010690840917,87.88097783981681,0.9620493236748561
2.345,84.840653819138,84.6269135068513,0.8974010690840917,84.49154522554329,1.0083140866017275
2.346,82.72062991600706,81.19963909346336,0.8974010690840917,81.16421122201336,1.028112480334711
2.347,81.11778366577691,80.07697847365105,0.8974010690840917,80.04610794578518,1.0633442806571662
2.348,79.97288800237004,79.22697642783749,0.8974010690840917,79.2103146719435,1.0798723388766502
2.349,79.2019984904183,78.30861479475578,0.8974010690840917,78.31512637847256,1.0841555665038256
2.35,78.70138431618369,77.66336576754418,0.8974010690840917,77.77012738284125,1.0802177373710589
2.351,78.36773787629545,79.3535074315121,0.8974010690840917,79.36680479465412,1.069813826560252
2.352,78.10884736198656,78.2525401716499,0.8974010690840917,78.15486296855069,1.0757355625139222
2.353,72.54184908660697,73.43435916092119,0.8974010690840917,73.31130933579412,1.1073433439669793
2.354,67.47769011104201,67.41271837860657,0.8974010690840917,67.35382928477925,1.1138382376966995
2.355,62.920167695924974,62.81250729213048,0.8974010690840917,62.78807573315319,1.1046477239609982
2.356,58.86871573986324,58.783553877125534,0.8974010690840917,58.78979339521716,1.1261651284117604
2.357,55.34570967260613,55.51851013939745,0.8974010690840917,55.500398274134,1.1808327332769835
2.358,52.4076975100071,51.27911705514814,0.8974010690840917,51.39052876243287,1.2465303183328114
2.359,50.12908932458217,50.13879360447128,0.8974010690840917,50.250664596968896,1.3187914061961028
2.36,48.60001030992228,48.91800172035583,0.8974010690840917,49.06276044050931,1.4034195327326673
2.361,47.92263678851258,48.0883299291794,0.8974010690840917,48.29717791703503,1.4496893140010627
2.362,48.169765518538895,48.44046341090935,0.8974010690840917,48.70941366496476,1.420867237540288
2.363,49.362238204365056,49.70299530783476,0.8974010690840917,49.987898171122026,1.372972353791067
2.364,51.5075004842695,50.467112563608254,0.8974010690840917,50.87278763348244,1.3173282134072624
2.365,54.598915488717154,53.947897250536776,0.8974010690840917,54.40246741739282,1.2480710381176654
2.366,58.62204272021836,58.007513771051954,0.8974010690840917,58.52162332778785,1.1745367382331577
2.367,63.55406084856157,62.93995289612816,0.8974010690840917,63.50354313586989,1.1297332282450052
2.368,69.37483702780392,69.02487966687882,0.8974010690840917,69.60973026911321,1.0979344189277271
2.369,76.07132793635596,75.06375933494861,0.8974010690840917,75.74657138152544,1.094172061707145
2.37,83.61555932178359,83.5471238137011,0.8974010690840917,84.24489168105633,1.1013660361233077
2.371,91.96870998873806,91.97526950314337,0.8974010690840917,92.70452963369665,1.1200327085378474
2.372,101.09163303134324,101.74641094685651,0.8974010690840917,102.49087155533998,1.1387898492409896
2.373,110.90818471496928,111.55427390925855,0.8974010690840917,112.3145787323784,1.1418874663124312
2.374,121.28448403357292,121.55361480616835,0.8974010690840917,122.35488574643034,1.1684317065615322
2.375,132.02519399511863,133.09026395006654,0.8974010690840917,133.77938737693268,1.133986578207515
2.376,142.86258104593708,141.1142228670653,0.8974010690840917,141.9164734849669,1.09187017242417
2.377,152.09813296697826,151.61854063365126,0.8974010690840917,152.38754964486364,1.1111554477329857
2.378,160.94890888863492,160.98755992399845,0.8974010690840917,161.73339296620776,1.12896801466929
2.379,169.30885456090414,169.60181356004915,0.8974010690840917,170.3358554749108,1.196048817374478
2.38,177.10451545922655,177.72920636583174,0.8974010690840917,178.3806237280362,1.27311325317915
2.381,184.28529658770088,183.8412220126241,0.8974010690840917,184.50313919437198,1.3729499848443043
2.382,190.81189211372515,190.59433721671616,0.8974010690840917,191.2385274709425,1.4577462230724914
2.383,196.68922060130743,197.77160913544407,0.8974010690840917,198.32998092819588,1.4866827395233932
2.384,201.96230760272152,202.73995384619093,0.8974010690840917,203.28185014583897,1.4743202518142469
2.385,206.66427275489733,208.22516941894932,0.8974010690840917,208.64763783605733,1.4727722741709994
2.386,210.79295014070996,211.16644418021065,0.8974010690840917,211.58559171452217,1.473924218125325
2.387,214.2942116426197,214.7578939849844,0.8974010690840917,215.11494004955293,1.4909222994465148
2.388,217.06930983122783,217.32801810019157,0.8974010690840917,217.6522837558893,1.4968031367185428
2.389,218.97993283978968,219.74759909527023,0.8974010690840917,219.99225310950385,1.4966366352848206
2.39,219.85005740553245,220.97176815810832,0.8974010690840917,221.1537193310934,1.4995533658201992
2.391,219.45979589876785,221.5698439836929,0.8974010690840917,221.57390691372,1.5304311340120544
2.392,217.54935862634252,217.74862923743265,0.8974010690840917,217.78889309651044,1.5582696668698304
2.393,213.82986064188088,215.496667533378,0.8974010690840917,215.3395748488045,1.5763423261911578
2.394,208.03615792689493,208.429072507756,0.8974010690840917,208.22028880735328,1.5761185354038278
2.395,199.9421969533243,200.6040824350396,0.8974010690840917,200.20030123364347,1.4934745153356679
2.396,189.43886485905207,188.58346768029847,0.8974010690840917,188.16087011500224,1.4045835022984303
2.397,176.503864529839,177.1162923745168,0.8974010690840917,176.5543653513176,1.3268447097613503
2.398,161.2206283573857,162.44112007021116,0.8974010690840917,161.76212936022986,1.3413687833062515
2.399,143.80904649735157,145.28407719258072,0.8974010690840917,144.48244941618307,1.4289829426558054
2.4,124.62912893103616,125.29118351160892,0.8974010690840917,124.68682017361624,1.3902932375390538
2.401,110.25183565688756,111.05987797976142,0.8974010690840917,110.46650784005429,1.3125164025402367
2.402,96.86161206498296,96.89849452887134,0.8974010690840917,96.37222473707473,1.3135156194505644
2.403,84.66584958034366,84.08646923062496,0.8974010690840917,83.63370658284374,1.3120089600892977
2.404,73.81107032381598,73.12485930957622,0.8974010690840917,72.7598509144186,1.2971009847149146
2.405,64.37582633599796,64.66506088650483,0.8974010690840917,64.34724156261726,1.2927601442288978
2.406,56.387384749814,57.147260896161086,0.8974010690840917,56.850265900939064,1.3251687302246218
2.407,49.84219527270284,49.6239128095727,0.8974010690840917,49.422159366069515,1.3540562698088323
2.408,44.707604519580926,44.43559897815623,0.8974010690840917,44.31529536137214,1.3626706068049215
2.4090000000000003,40.929381379736185,41.349275444959446,0.8974010690840917,41.292667149899735,1.3542979057032962
2.41,38.44202503696057,38.73321487786883,0.8974010690840917,38.721669349511366,1.3773474585128385
2.411,37.189380946058336,36.88431292627989,0.8974010690840917,36.92215864571046,1.4184253598300034
2.412,37.138048069757374,35.892661019882205,0.8974010690840917,36.04442068853473,1.4531543006098029
2.4130000000000003,38.2624398677544,37.29351440217124,0.8974010690840917,37.53364949886116,1.4596036236465653
2.414,40.52468936974888,40.46892279085607,0.8974010690840917,40.743736455553716,1.434285811957656
2.415,43.87314937862796,43.83156383980508,0.8974010690840917,44.193353042875806,1.3384040362708856
2.416,48.205279190777006,48.50483595627696,0.8974010690840917,48.91280637732821,1.2329318364606958
2.4170000000000003,53.39437871590809,53.78954334219911,0.8974010690840917,54.19296084237497,1.128416755317087
2.418,59.32133696999845,57.99826535228556,0.8974010690840917,58.54877197295252,1.06967352219848
2.419,65.86802489807191,65.35820533366946,0.8974010690840917,65.94194113093148,1.0541535620045568
2.42,72.927790382262,72.96834815259496,0.8974010690840917,73.55560934312197,1.0402377047097966
2.4210000000000003,80.4286005693335,80.51496569565832,0.8974010690840917,81.1110048682105,1.0339017981659269
2.422,88.31193987094461,88.06836359821045,0.8974010690840917,88.62862835355669,1.0228895014355508
2.423,96.53000539127444,94.69274800318638,0.8974010690840917,95.34995519545744,1.044759680289736
2.424,105.00441409657849,104.07595728624942,0.8974010690840917,104.8313642837414,1.125285339049295
2.4250000000000003,115.9266642032346,116.40543384294553,0.8974010690840917,117.09217648121123,1.1442510861806026
2.426,127.05478123666532,126.89245085306794,0.8974010690840917,127.58877125855048,1.1323276745194115
2.427,138.0634357562644,137.70940246190878,0.8974010690840917,138.42023255218507,1.1699081510705935
2.428,148.6610939882206,148.91662843688758,0.8974010690840917,149.5817488740055,1.1948176147336085
2.4290000000000003,158.59416549033432,158.65342613242447,0.8974010690840917,159.26911937265172,1.201053501414815
2.43,167.64547538364133,166.9570759346081,0.8974010690840917,167.59818273456727,1.2388917261059271
2.431,175.6295007243504,176.21223771895464,0.8974010690840917,176.73061113975834,1.291353855194352
2.432,182.36204021846967,182.1153296006804,0.8974010690840917,182.62004403711677,1.3718497426100966
2.433,187.643948680592,187.7207398954776,0.8974010690840917,188.10736268168068,1.470909690151171
2.434,191.29317668930705,190.6501351087592,0.8974010690840917,190.9587745101832,1.5609693078092644
2.435,193.15406456916685,191.8724391351554,0.8974010690840917,192.1241015012584,1.6392385147913162
2.436,193.11458057188776,192.34688120232795,0.8974010690840917,192.49058715768163,1.5741251579161848
2.437,191.19214401397568,190.8026397048204,0.8974010690840917,190.85428937843122,1.46140464422689
2.438,187.4794378339417,187.6096207621258,0.8974010690840917,187.57682842810894,1.3385765521373514
2.439,182.1024979498232,183.40242264959997,0.8974010690840917,183.18635692531353,1.2532986198007041
2.44,175.22209011306512,174.88954488392375,0.8974010690840917,174.67718086365628,1.1671770960667534
2.441,167.03820297379826,167.27552326556747,0.8974010690840917,166.94195328727025,1.1056817549387776
2.442,157.79452960445,157.20999649434748,0.8974010690840917,156.8986209778697,1.0865407549464707
2.443,147.75098628177977,148.2639732627195,0.8974010690840917,147.9275634821031,1.0756495701172282
2.444,137.1334746561605,138.7459238561311,0.8974010690840917,138.3278707708761,1.1178014973624184
2.445,126.20068153999776,126.95808694995284,0.8974010690840917,126.55051572774283,1.1484582435583832
2.446,115.27270567818546,115.6722213587624,0.8974010690840917,115.30871587282415,1.1286907158202772
2.447,104.74190839880656,105.6261780931478,0.8974010690840917,105.27079139126496,1.1270329055130328
2.448,95.06184191390246,95.8740620766612,0.8974010690840917,95.72991628903702,1.078851648052752
2.449,90.48620519931984,92.198111554775,0.8974010690840917,92.04792449104256,1.0619599870508296
2.45,87.21931592927254,88.21719713822215,0.8974010690840917,88.16126404215312,1.1233040164691463
2.451,85.33913654648627,86.85953101247138,0.8974010690840917,86.81534621005893,1.179871128970772
2.452,84.890776014631,84.99949290818103,0.8974010690840917,85.03846314616017,1.2561923165929352
2.453,85.88674930467853,85.01566641004624,0.8974010690840917,85.17180326672343,1.332149093742193
2.454,88.31277459911257,88.1173801445469,0.8974010690840917,88.3483658567257,1.3500595022546762
2.455,92.08644901531424,92.8513377528186,0.8974010690840917,93.093808706042,1.2467767555407328
2.456,97.02770223714133,97.08875815850824,0.8974010690840917,97.4141963007766,1.1486196647983606
2.457,102.93202737622848,102.91856829072329,0.8974010690840917,103.29562322336575,1.0763417742512864
2.458,109.59469153990877,109.42396258483478,0.8974010690840917,109.83238073742191,1.0272060835921897
2.459,116.8143703241944,116.28326050590178,0.8974010690840917,116.71855888236456,1.0047656056115768
2.46,124.39288640984866,122.77596182792638,0.8974010690840917,123.31449594978994,1.0491236619065
2.461,132.13530451518255,131.71325440529577,0.8974010690840917,132.2056555155496,1.0966942369676709
2.462,139.9041424639327,139.34903538815047,0.8974010690840917,139.84944573716362,1.0925384946594663
2.463,147.6215975647601,147.49965314510104,0.8974010690840917,147.9588104991315,1.094448050383162
2.464,155.19982415102666,154.71964541511673,0.8974010690840917,155.17100374401534,1.1025869418375156
2.465,162.50884678610998,162.05652874948103,0.8974010690840917,162.5387101951268,1.1485242107301408
2.466,169.3802839572402,170.1825093007687,0.8974010690840917,170.59406028113722,1.1789549830282349
2.467,175.6222240969101,176.86267174256818,0.8974010690840917,177.1455021041761,1.193221293334511
2.468,180.99556563279597,180.40002921573853,0.8974010690840917,180.732740365529,1.2707257771506426
2.469,185.2031378856705,185.5659651272248,0.8974010690840917,185.77861128851103,1.3788807745315648
2.47,187.93081211254267,187.42299052439083,0.8974010690840917,187.630467224935,1.4731790760881478
2.471,188.87004294357237,188.91519101480384,0.8974010690840917,188.97467628301487,1.5544639994672937
2.472,187.7335673576514,187.259868910887,0.8974010690840917,187.35896822990094,1.6215115160823221
2.473,187.63566064979528,187.44079149311585,0.8974010690840917,187.46178174107038,1.5618444431588792
2.474,185.39740680743367,186.64160223925327,0.8974010690840917,186.4415348974012,1.4523001011797625
2.475,181.1700460019931,181.02703092341085,0.8974010690840917,180.76533452602112,1.3474832007412916
2.476,175.13028640655733,174.3874001077719,0.8974010690840917,174.06333793903838,1.2357446527444544
2.477,167.4706527109925,166.88712320888422,0.8974010690840917,166.51847696373065,1.1560786889162489
2.478,158.39340969361294,158.29350262753232,0.8974010690840917,157.8008244237926,1.130749985712835
2.479,148.10743547781274,147.1240242930586,0.8974010690840917,146.61876037133985,1.13966196780277
2.48,136.81082228156484,136.20065583502944,0.8974010690840917,135.69209062823006,1.1368518404242536
2.481,124.61879134055056,125.38694936188122,0.8974010690840917,124.77447144582027,1.187110577957474
2.482,111.6478783841612,111.9357618525855,0.8974010690840917,111.37126366362166,1.2289820588678613
2.483,98.05642245923208,100.1248113076023,0.8974010690840917,99.45053686485484,1.2928862006492046
2.484,84.04518859407679,85.1740297893148,0.8974010690840917,84.52082655743338,1.4001160858431885
2.485,69.84645501599847,70.9372325512531,0.8974010690840917,70.3011595161793,1.4571361651431662
2.486,55.72699738377081,56.970935962182295,0.8974010690840917,56.350863451747145,1.534474018249945
2.487,41.990383973889166,43.134240573292416,0.8974010690840917,42.52211099694668,1.6263379761071783
2.488,28.97698741054081,28.72433285686377,0.8974010690840917,28.231922309186178,1.695919066933195
2.489,17.06105714743127,17.052346814928843,0.8974010690840917,16.604243817189413,1.7389283865539407
2.49,6.646273320240951,5.49162392216469,0.8974010690840917,5.285381169938294,1.8029435051473095
2.491,0.0,0.2376398339016674,0.8974010690840917,0.2187089522956742,1.8752830091966004
2.492,0.0,-0.331068409353314,0.8974010690840917,-0.30451248875859094,1.953151115654832
2.493,0.0,-0.6612416466834148,0.8974010690840917,-0.6099758114558594,2.028812158459683
2.494,0.0,-1.8159360318687237,0.8974010690840917,-1.6442833189434598,2.1173788738425627
2.495,0.0,-0.7778896679801264,0.8974010690840917,-0.5928865448942897,2.138494150983996
2.496,0.0,-0.234887311941506,0.8974010690840917,0.06909862435430479,2.037815795513992
2.497,2.9516597645984035,2.455267822391775,0.8974010690840917,2.9156603494137605,1.889950629275786
2.498,9.001534955569781,7.828958132336943,0.8974010690840917,8.492649767575875,1.7564133698614817
2.499,16.567664337237844,17.62364056847941,0.8974010690840917,18.23734366466781,1.5824245182462273
2.5,25.27068108807694,24.969418921909096,0.8974010690840917,25.725606637434616,1.4350329469603864
2.501,34.78192351058347,35.39395144228123,0.8974010690840917,36.156009131169114,1.3089141701849178
2.502,44.83131809204505,44.92884044773197,0.8974010690840917,45.74457042774127,1.2185449073315053
2.503,55.25182134064545,55.31206299524208,0.8974010690840917,56.16791127327624,1.2175835961436092
2.504,66.01528989747092,66.38376557977783,0.8974010690840917,67.21261404581256,1.198842908564962
2.505,77.14903705082074,76.66829752103146,0.8974010690840917,77.57165628017201,1.1878641161142054
2.506,88.68532415446536,88.79732304259902,0.8974010690840917,89.70570860025289,1.1884118103667707
2.507,100.65795674627016,100.74108736192424,0.8974010690840917,101.64076972173746,1.1686214563417154
2.508,113.10719911332598,112.24389206338604,0.8974010690840917,113.22558041954639,1.203137620240945
2.509,126.06537494084206,125.71149556625367,0.8974010690840917,126.66443068084996,1.253057116027008
2.51,139.52889261588433,138.61102944013504,0.8974010690840917,139.61647155136674,1.3395964816921033
2.511,153.4076839946038,152.55889170228534,0.8974010690840917,153.61601558454967,1.5095358837248094
2.512,167.53619989701446,167.7553390136252,0.8974010690840917,168.74438991311058,1.6693271124693936
2.513,181.68427861618773,181.70262755859687,0.8974010690840917,182.63683701506008,1.8188366331737167
2.514,195.54873518314952,194.65681945441528,0.8974010690840917,195.63054758586887,2.021255119412004
2.515,208.7479620883878,208.93982964860507,0.8974010690840917,209.8103304423869,2.160862993636698
2.516,220.87978933422917,221.6121618232554,0.8974010690840917,222.35142218820644,2.158255874184785
2.517,231.54287776793865,231.68549424261877,0.8974010690840917,232.29987679153754,2.0944554696918956
2.518,240.2919813224556,239.4965616018962,0.8974010690840917,240.0301659236758,2.028625043125707
2.519,246.63831763290327,246.1331138974776,0.8974010690840917,246.478709641558,1.9434068172903056
2.52,250.0664432325284,248.6696290832874,0.8974010690840917,248.76761184595443,1.8342764576818409
2.521,246.0524028637204,244.94996477629363,0.8974010690840917,244.8659717520683,1.6996711293574436
2.522,239.2331913526388,237.69048798482947,0.8974010690840917,237.52639840950758,1.6217441499794802
2.523,230.15675459658257,229.3329661835555,0.8974010690840917,229.11583701948848,1.564852242423426
2.524,219.32546390337407,220.8323927793177,0.8974010690840917,220.40705276655203,1.5461529118418962
2.525,207.2241934924735,207.77889106881256,0.8974010690840917,207.322728613673,1.5046103112854745
2.526,194.3172528064336,194.6519225144556,0.8974010690840917,194.1956574056174,1.3967921221893171
2.527,181.02669701607795,182.49175842877716,0.8974010690840917,181.93691423772822,1.345248809707412
2.528,167.72071556319517,168.07253527817664,0.8974010690840917,167.55101867742795,1.2851321857664912
2.529,154.727308006725,155.18178570224578,0.8974010690840917,154.6030522110439,1.2279078175544773
2.53,142.34645784096517,141.29936147703748,0.8974010690840917,140.85129502674917,1.1697318684479754
2.531,130.8210940363127,131.2362940301359,0.8974010690840917,130.7681936453379,1.147158161935947
2.532,120.34713694239088,120.56753899931904,0.8974010690840917,120.15687498682797,1.193276409547447
2.533,111.0753897728228,112.00609548900434,0.8974010690840917,111.61279283105492,1.1957802178935666
2.5340000000000003,103.049731586158,103.55552360429463,0.8974010690840917,103.23435184321619,1.178770408160804
2.535,96.21793823398532,96.77883769379451,0.8974010690840917,96.52235584844324,1.128217384025239
2.536,90.48113973563817,91.19027267383592,0.8974010690840917,90.95726554255519,1.0879873105493336
2.537,85.71018223562692,85.59061850473773,0.8974010690840917,85.4695058262926,1.041616395485597
2.5380000000000003,81.75938693916953,82.73924047435779,0.8974010690840917,82.59378384651764,1.0469212744080652
2.539,78.55149037812254,79.0393415616128,0.8974010690840917,78.92781630659847,1.0691471346498056
2.54,76.01444370816014,76.1722252006755,0.8974010690840917,76.08135605827887,1.078317464517871
2.541,74.05600441281038,73.4606263753362,0.8974010690840917,73.46934615403244,1.0870975675617043
2.5420000000000003,72.59180331368171,72.89266424158343,0.8974010690840917,72.92729932342823,1.1002632256408393
2.543,71.54492009697708,72.58765632814294,0.8974010690840917,72.60365104142448,1.1090636676743266
2.544,70.8302559937051,71.48523458074918,0.8974010690840917,71.29223719723959,1.1371641539266275
2.545,63.44641376964667,63.62231343942007,0.8974010690840917,63.52637678733346,1.2158307097697316
2.5460000000000003,57.29322682041568,58.30127609544133,0.8974010690840917,58.18926525681239,1.233572645396168
2.547,52.42509627935863,52.32003974461233,0.8974010690840917,52.32261625577793,1.2390015131414767
2.548,48.83483229968802,48.73414364853469,0.8974010690840917,48.821697901672,1.2178524695124833
2.549,46.46658614464427,47.51950235395952,0.8974010690840917,47.62732012197602,1.1977767136443471
2.5500000000000003,45.24549221188575,46.48568515875354,0.8974010690840917,46.66058333183152,1.1616139072094556
2.551,45.07153010979701,46.5103597217982,0.8974010690840917,46.70189747318485,1.1622655060034377
2.552,45.865235174752655,46.722591609786576,0.8974010690840917,46.971704765157696,1.2050323617234882
2.553,47.59088038162277,48.49694352524467,0.8974010690840917,48.8125630716895,1.2432319126056348
2.5540000000000003,50.222484904289416,51.8339851492776,0.8974010690840917,52.12486611263565,1.1992330099867898
2.555,53.6829260527378,53.35235915744325,0.8974010690840917,53.79994724551755,1.2011856443659246
2.556,57.89835717738613,58.56152501223691,0.8974010690840917,59.01007245843778,1.2361110803261084
2.557,62.84399248350032,63.58648107993599,0.8974010690840917,64.05529313795111,1.2237799116915045
2.5580000000000003,68.4776997390745,68.3603332813492,0.8974010690840917,68.9226743977489,1.199186317393019
2.559,74.70747894865264,75.35385576483985,0.8974010690840917,75.99913910221348,1.1807518026166728
2.56,81.41709291220435,84.50865231240786,0.8974010690840917,84.99553431913559,1.0830932155507296
2.561,88.4706931147978,88.57512098512882,0.8974010690840917,89.20940123448051,1.0281012125068896
2.562,95.71250200414988,96.01700418944858,0.8974010690840917,96.69067852371897,1.0516407634944396
2.563,102.99347035219672,104.29555830666152,0.8974010690840917,104.88284838475376,1.021939842820427
2.564,110.17013463890012,109.91337190343364,0.8974010690840917,110.546118775544,1.0052796160011241
2.565,117.08731767218752,116.56649889465818,0.8974010690840917,117.19283293422421,1.0192547021127467
2.566,123.5759447763308,122.97296534170316,0.8974010690840917,123.6108261222259,1.0317701192807704
2.567,129.4563349894507,129.9720798136335,0.8974010690840917,130.52310885415565,1.0295000321061503
2.568,134.54376677344814,134.7228892144601,0.8974010690840917,135.18559542244083,1.0076486308885995
2.569,137.09566223133436,136.92119328424874,0.8974010690840917,137.40946508549723,1.0042382142407664
2.57,139.08288847108366,140.33002402936546,0.8974010690840917,140.6884987004961,1.005385461020824
2.571,140.63358024657873,140.34314083143235,0.8974010690840917,140.76413418123772,0.9996121000998047
2.572,141.88966919551223,142.5089846829769,0.8974010690840917,142.89504308930125,1.006705076780379
2.573,142.9959058319841,144.28263953769667,0.8974010690840917,144.60607635380688,1.0079281534932718
2.574,144.09011350275404,144.37479434595204,0.8974010690840917,144.76806077184773,1.0040140059506144
2.575,145.29482040763733,147.16724986516255,0.8974010690840917,147.46012300635746,1.0134806141430635
2.576,146.71030415883018,147.2988228819568,0.8974010690840917,147.63442534964875,1.0100498234179667
2.577,148.40901243188293,148.87298776747906,0.8974010690840917,149.25967306232306,1.0222187813052268
2.578,150.43128944855735,152.41138039861923,0.8974010690840917,152.69768173364318,1.0317988457835847
2.579,152.78233592513178,153.52740494050568,0.8974010690840917,153.87173874959566,1.031935396906195
2.58,155.4303532747296,156.7730685844816,0.8974010690840917,157.07378367736237,1.0493534093950152
2.581,158.30586427313014,159.09284400081316,0.8974010690840917,159.42574425132761,1.0588621637323834
2.582,161.30225478227644,162.78222589577817,0.8974010690840917,163.08953511877394,1.0821639824699156
2.583,164.2776369261636,165.65038362133438,0.8974010690840917,165.89052501669545,1.0844635561372802
2.584,167.05818548054944,166.9205640458148,0.8974010690840917,167.19332871226578,1.0881538085487579
2.585,169.44313792632886,169.3855511506125,0.8974010690840917,169.60901301559161,1.0984891187859125
2.586,171.21166593842358,170.85154730649344,0.8974010690840917,171.06606978530175,1.101538905395341
2.587,172.1318129869346,172.3679544340837,0.8974010690840917,172.51297647008408,1.1028354610507418
2.588,171.97164009823814,172.34347756982675,0.8974010690840917,172.42738855417352,1.1005200542584967
2.589,170.5126210713468,170.7692261128293,0.8974010690840917,170.76351492423578,1.0899493139489704
2.59,167.5651724629417,167.45520389261426,0.8974010690840917,167.41464732856167,1.0833842866732055
2.591,162.98598818499642,163.20460787261536,0.8974010690840917,163.06770008537018,1.0828424979161697
2.592,156.69657395819078,156.48749127805246,0.8974010690840917,156.43538036238166,1.0450828706689659
2.593,153.22389094604637,152.74231898818903,0.8974010690840917,152.6608687838667,1.0128754634533426
2.594,149.53871807336708,148.2608722918128,0.8974010690840917,148.22713394054847,0.9919325055134138
2.595,145.73413957029732,145.2929632076377,0.8974010690840917,145.2584573435417,0.9701223768056344
2.596,141.87905272329343,142.8230625614256,0.8974010690840917,142.66328890476257,0.9812786681162862
2.597,138.01687407806324,136.9465161443647,0.8974010690840917,136.89319720012173,0.9698240192085595
2.598,134.17416640291614,134.4285899053573,0.8974010690840917,134.2999903717209,0.9555775013530879
2.599,130.37320084093164,129.93626022938992,0.8974010690840917,129.82440577020256,0.9674537280833797
2.6,126.596404772939,125.48032228073174,0.8974010690840917,125.40609365368444,0.9571906454381011
2.601,122.83277073418188,122.06484297642837,0.8974010690840917,122.02642005287538,0.9517610267224581
2.602,119.11747901251678,120.27665721076863,0.8974010690840917,120.14966266187935,0.9851539675178914
2.603,115.51253457071864,116.41312952370824,0.8974010690840917,116.30133008703723,1.0504587924126731
2.604,112.07967483546663,113.28026414043076,0.8974010690840917,113.16922102969464,1.0571493621962595
2.605,108.80264678165912,109.76298004201595,0.8974010690840917,109.66803701303623,1.0441442554400737
2.606,105.6269740610924,106.35988632478865,0.8974010690840917,106.28918874513757,1.0265067692634064
2.607,102.51033781797776,102.76959614071188,0.8974010690840917,102.7384649714111,1.0029775959266878
2.608,99.41704329552152,100.03830379492408,0.8974010690840917,100.04574832925918,0.9910064286242046
2.609,96.36601086664592,98.17373766839144,0.8974010690840917,98.1359354510657,0.9929524980318325
2.61,93.40921696750569,94.7658440326517,0.8974010690840917,94.75260374777228,1.0053513380651677
2.611,90.62786378178632,91.99695222407313,0.8974010690840917,91.96936774829173,1.010450362958118
2.612,88.12815598236077,88.40100351429392,0.8974010690840917,88.43468519176773,1.0188227859673473
2.613,86.04115515983867,86.14828916898321,0.8974010690840917,86.18447282524244,1.021200647094497
2.614,84.5143772126315,83.5866325215579,0.8974010690840917,83.73140035019934,1.0169437286790644
2.615,83.69847000318958,83.46769976293777,0.8974010690840917,83.59413610166659,1.0043970770715633
2.616,83.73134095831514,82.84212636201147,0.8974010690840917,83.20174763088986,0.9948666694765469
2.617,88.79382767154846,88.48642220326165,0.8974010690840917,88.9026860037949,1.0016218324702109
2.618,95.040163733306,94.79481722012744,0.8974010690840917,95.24047622516511,1.0025759667464669
2.619,102.12855662275844,101.56089561364873,0.8974010690840917,102.09526322242043,1.0571471112906452
2.62,109.72628029572444,110.66189047422276,0.8974010690840917,111.1058669406243,1.103795411033219
2.621,117.51581173702272,116.75726242706322,0.8974010690840917,117.25750643082921,1.131698631309443
2.622,125.21478379643924,124.55719231311484,0.8974010690840917,125.05023101116376,1.1791045094533983
2.623,132.58896315519746,132.31700016132552,0.8974010690840917,132.72780275569275,1.1592025592897057
2.624,139.4584808986565,138.08715458396702,0.8974010690840917,138.5080573915235,1.1195785085654202
2.625,145.68322880816496,144.71939753093008,0.8974010690840917,145.12226716107568,1.1059570146529085
2.626,151.13541184497024,151.160599532302,0.8974010690840917,151.4233250862711,1.0572214206034862
2.627,155.69532365836034,154.16100452555742,0.8974010690840917,154.44703884170238,1.0380730312480881
2.628,159.22875662348233,158.0489728212132,0.8974010690840917,158.31035397569025,1.0470068115678697
2.629,161.61592933037673,161.44235291112062,0.8974010690840917,161.5764599414792,1.0424231306437366
2.63,162.76566851152876,161.31062282860674,0.8974010690840917,161.4345485027234,1.03344642842083
2.631,162.62587573707228,161.1883737418931,0.8974010690840917,161.2813790429367,1.0317022983853883
2.632,161.1906410937481,160.34059779555443,0.8974010690840917,160.37892902953743,1.027209005897819
2.633,158.50451585236547,158.30329990223055,0.8974010690840917,158.2653506153342,1.0235626671018558
2.634,154.66234582208156,154.59673263211525,0.8974010690840917,154.45682715161917,1.0326413423567873
2.635,149.8057282662859,148.31064407573567,0.8974010690840917,148.2018573653124,1.0228655804657196
2.636,144.1160856235755,143.12918856475585,0.8974010690840917,142.97389808608202,1.008116474968423
2.637,137.8045066198431,136.830374733546,0.8974010690840917,136.67898179730665,1.003989545450163
2.638,131.0994409256872,130.80028219108536,0.8974010690840917,130.59715229877776,1.00558054554418
2.639,124.24192012586224,123.65534778973736,0.8974010690840917,123.46220463040419,1.016564616750159
2.64,117.48296240628602,116.96246040758211,0.8974010690840917,116.8139773365115,1.025994683503935
2.641,112.90541737360104,111.8579762846284,0.8974010690840917,111.75888667132304,1.058852759247163
2.642,108.71118568153068,108.09609762640316,0.8974010690840917,108.01631406847812,1.0737838127338628
2.643,104.82505557233458,104.84776113082567,0.8974010690840917,104.70872594560936,1.0852740614442935
2.644,101.13531139491984,99.5018903431554,0.8974010690840917,99.53359360882075,1.1281090565097593
2.645,97.61098148028542,98.72006202637148,0.8974010690840917,98.6164755363261,1.110961572700252
2.646,94.22111342679337,93.9272141650326,0.8974010690840917,93.90756053612104,1.1123948824756613
2.647,90.96893265402583,91.29352404681885,0.8974010690840917,91.28359746000508,1.1054146773773668
2.648,87.95553118496758,88.91697182457523,0.8974010690840917,88.96568991557047,1.0730243421686938
2.649,85.31306911794786,87.78396460288359,0.8974010690840917,87.77124031364669,1.053738021748574
2.65,83.22995091652699,84.71448971443799,0.8974010690840917,84.783995914586,1.0395714222630208
2.651,81.934482416717,83.75969973307136,0.8974010690840917,83.86458111086503,1.0097302307224452
2.652,81.66227638597638,83.27332549512626,0.8974010690840917,83.3967648180404,1.0133798450562697
2.653,82.67635157186909,83.21862546727306,0.8974010690840917,83.43766153842837,1.016061869963535
2.654,85.22097449492345,85.20079899508455,0.8974010690840917,85.49882044542044,1.0168806335449725
2.655,89.46996866367856,88.74327291104426,0.8974010690840917,89.13329669967791,1.0195549087061477
2.656,95.5062339570269,94.30491584450245,0.8974010690840917,94.79209806095972,1.0384220305149694
2.657,103.3108539065324,102.19114554892968,0.8974010690840917,102.75514889403105,1.0682409039161251
2.658,112.75087164354592,111.77781980985849,0.8974010690840917,112.3863136702345,1.0963506452553562
2.6590000000000003,123.57327078567408,122.31185917004142,0.8974010690840917,122.98449521569454,1.1391130355360437
2.66,135.40596000467738,134.39004083314407,0.8974010690840917,135.08155404946075,1.1926903662902844
2.661,147.76621287514692,146.99247282847003,0.8974010690840917,147.64540460899192,1.2195114583178452
2.662,160.07676513497867,158.63225118355197,0.8974010690840917,159.27840398485148,1.2479297505806826
2.6630000000000003,171.68950517172166,170.1456246759126,0.8974010690840917,170.78017962440947,1.299143814466246
2.664,181.9163907716566,181.35049160520572,0.8974010690840917,181.73968431147037,1.2754480695176988
2.665,187.5045889447216,185.64267830745317,0.8974010690840917,186.01909907705988,1.2423642549413227
2.666,191.3915813787236,190.3303676189821,0.8974010690840917,190.62644065231189,1.2600426171230739
2.6670000000000003,193.59581956435272,193.38954079319544,0.8974010690840917,193.55906914447044,1.2584009366918032
2.668,194.16623175337008,193.34393243840816,0.8974010690840917,193.47187875275358,1.2408993725873532
2.669,193.1696714097927,193.12276017862908,0.8974010690840917,193.1446179109141,1.2303480079207998
2.67,190.67973565889963,190.6537883149084,0.8974010690840917,190.59756540383017,1.2345907165111154
2.6710000000000003,186.75321057701103,186.3856568845413,0.8974010690840917,186.297382776037,1.2621037215244804
2.672,181.412101162356,181.27105171022245,0.8974010690840917,181.14050390647915,1.284956020930987
2.673,174.6588592623712,175.65398832076937,0.8974010690840917,175.39630933077055,1.3104925248692485
2.674,166.51021382304484,167.0138900426825,0.8974010690840917,166.69409422371717,1.3061463483710893
2.6750000000000003,157.0172828971669,157.2904044448695,0.8974010690840917,156.91756472441446,1.2626671810312255
2.676,146.26586257735772,146.8370895292711,0.8974010690840917,146.3753526905362,1.2102471853188712
2.677,134.40289936156157,134.7424859034636,0.8974010690840917,134.1846650271754,1.216626983759413
2.678,121.62531537136668,120.50129177473175,0.8974010690840917,119.99617463198732,1.2186756973334665
2.6790000000000003,108.14490846059414,108.0502232828997,0.8974010690840917,107.474371539004,1.2557607775547528
2.68,94.19309207766342,93.75075416657134,0.8974010690840917,93.16245557344428,1.3750971722223804
2.681,80.05014589026442,79.33833381848407,0.8974010690840917,78.77136735732152,1.4334616735188608
2.682,65.99138790429404,65.19331288143849,0.8974010690840917,64.71507316599079,1.4699719034113052
2.6830000000000003,52.33192171648095,53.21737937842019,0.8974010690840917,52.62742876908925,1.5561683721238333
2.684,39.434420435319154,37.61293014619341,0.8974010690840917,37.21248139609197,1.6183645739727193
2.685,27.699938663707528,26.55852135334627,0.8974010690840917,26.258414326896972,1.5990744348255692
2.686,17.575646752506344,17.883681853853936,0.8974010690840917,17.620758439757648,1.634468833915317
2.6870000000000003,9.54449931712611,9.789352816674516,0.8974010690840917,9.589508443126688,1.679830464664873
2.688,4.0953630940211525,2.7173606150127485,0.8974010690840917,2.743718514376747,1.68888932674934
2.689,0.0,1.264487507744422,0.8974010690840917,1.319607166744894,1.6723501712813504
2.69,0.0,-0.1872422030512632,0.8974010690840917,-0.02426666195392836,1.6662157355432667
2.691,0.0,0.4651615440869019,0.8974010690840917,0.6123348469057746,1.6421832007364787
2.692,0.0,-0.4015540826199038,0.8974010690840917,-0.1383892499167408,1.6309415076482052
2.693,0.0,0.9425690777822916,0.8974010690840917,1.1598099890600582,1.5994729377615167
2.694,0.0,-0.229602878465565,0.8974010690840917,0.11609973905642848,1.594606270421225
2.695,2.317267513228302,1.3566803167891202,0.8974010690840917,1.9666813565148573,1.5964415760319866
2.696,9.72132534794902,9.954286104082858,0.8974010690840917,10.67418852303697,1.577085652444547
2.697,18.879930254741183,20.65565379431924,0.8974010690840917,21.34286683317572,1.4876881438064162
2.698,29.70483184583173,29.57941524336181,0.8974010690840917,30.382949561198078,1.422384332715018
2.699,42.10086664972263,40.98967640241299,0.8974010690840917,41.94931615617925,1.4049716695266843
2.7,55.94536416565998,55.58594117112875,0.8974010690840917,56.57624194084307,1.3647723509797762
2.701,71.07286409696314,70.3204389231161,0.8974010690840917,71.3978262730186,1.3406730029721654
2.702,87.27518359234082,87.02010548047008,0.8974010690840917,88.1036936810878,1.3462314612941926
2.703,104.28274733063036,103.09731218373942,0.8974010690840917,104.23197934753054,1.3907381994206063
2.704,121.80176603942598,120.73788604611062,0.8974010690840917,121.9167755594759,1.507753687151651
2.705,139.50359221232046,139.4145998386506,0.8974010690840917,140.51142514720684,1.562550411583297
2.706,157.02253909399454,155.68802777125322,0.8974010690840917,156.8365974321761,1.6065927135371822
2.707,173.96612701276302,173.7286151159995,0.8974010690840917,174.80246310136312,1.7086610547136678
2.708,189.864202670844,189.82007467513637,0.8974010690840917,190.8235273906164,1.7379975329562822
2.709,204.20378423572367,204.48743742029595,0.8974010690840917,205.32566821717737,1.7280535834189277
2.71,216.4503226436393,215.32608563958192,0.8974010690840917,216.15632057532824,1.7375447420420211
2.711,226.051133489827,226.89223361384072,0.8974010690840917,227.45292773729633,1.7392617954125398
2.712,232.4627839468465,231.7109555657981,0.8974010690840917,232.26926413875918,1.712229282783839
2.713,238.20474717718236,237.4364312820534,0.8974010690840917,237.88719084898725,1.7447866740816123
2.714,241.2940943883822,240.74308520441,0.8974010690840917,241.0575784281006,1.7443458358194843
2.715,241.99241057140853,240.9315628687341,0.8974010690840917,241.17524941896568,1.7219161471855324
2.716,240.5997637445668,240.24468894249023,0.8974010690840917,240.37389442619403,1.6912122550398476
2.717,237.4278285236072,237.70934809852972,0.8974010690840917,237.7274348061424,1.6576597087595946
2.718,232.77930964870157,233.04872940514844,0.8974010690840917,232.98438928111688,1.5954228509911974
2.719,226.9383762625945,227.3684550388714,0.8974010690840917,227.23537941902777,1.5233930254565238
2.72,220.16447911432263,220.3486533226799,0.8974010690840917,220.17083504431608,1.4034258085104148
2.721,212.6922425765979,213.51744788018945,0.8974010690840917,213.25660631404222,1.2865276301123287
2.722,204.7251765018245,205.35651914654815,0.8974010690840917,205.07544253745692,1.1961395445385234
2.723,196.40620751193316,197.36360603691733,0.8974010690840917,197.005705263296,1.1494932609774033
2.724,187.8092810986306,187.58036480108584,0.8974010690840917,187.25927393010627,1.1339513807031598
2.725,178.91017934720986,178.91834128574996,0.8974010690840917,178.57187397213232,1.1197978853023793
2.726,169.62256490725542,169.44073183538504,0.8974010690840917,169.07064492273898,1.1141450038906455
2.727,159.8602595767381,159.84291265616514,0.8974010690840917,159.43303571909695,1.1104625230013365
2.728,149.55324721613667,149.57886333582985,0.8974010690840917,149.16326061062438,1.1086855508228122
2.729,138.64376321898467,139.50916952866547,0.8974010690840917,139.01331809411556,1.148237155406553
2.73,127.07359859176054,126.62015374190176,0.8974010690840917,126.14375217474193,1.186475999500049
2.731,114.85216261850444,114.41126965501051,0.8974010690840917,113.89422959456932,1.2093410891540801
2.732,102.06802029137684,101.04195041153532,0.8974010690840917,100.57816639971031,1.2381473638346352
2.733,88.88517085024166,88.85826138665936,0.8974010690840917,88.28921618082903,1.3156871091084108
2.734,75.55316229141476,73.53429066995486,0.8974010690840917,73.07226145577124,1.3911411913810565
2.735,62.40890618424149,60.87454540236841,0.8974010690840917,60.38634027474216,1.4319991781205546
2.736,49.87189492179958,46.91375788023766,0.8974010690840917,46.67177157447349,1.439676820033967
2.737,41.771188129385166,40.08702525815446,0.8974010690840917,39.96748287757341,1.3703050727646082
2.738,36.32763278535826,36.4670046841203,0.8974010690840917,36.40356294823801,1.3270592634513443
2.739,33.416703994042095,33.87365071440379,0.8974010690840917,33.87121980701613,1.3183284127310801
2.74,32.84758019824805,32.54159536573274,0.8974010690840917,32.667049035217616,1.2481439195962825
2.741,34.33829891140553,33.848744882799004,0.8974010690840917,34.06076191706138,1.1908310974505036
2.742,37.56273702607877,36.95672291551202,0.8974010690840917,37.26841301635821,1.1626995417594992
2.743,42.198612797876095,42.28603687653882,0.8974010690840917,42.62133864369661,1.1804599473392414
2.744,47.97148635707933,48.23979446691095,0.8974010690840917,48.6071682994693,1.194147743277295
2.745,54.62529546172358,54.898316470392274,0.8974010690840917,55.29839618512367,1.1646960347576836
2.746,61.87713303706792,61.64454212592048,0.8974010690840917,62.086753360372214,1.1375201657624745
2.747,69.456890838085,68.61078989288609,0.8974010690840917,69.04817143275342,1.1178437978769435
2.748,77.12248102733548,75.09665194931594,0.8974010690840917,75.65442262388406,1.122759524052693
2.749,84.64808268482358,84.47151168650426,0.8974010690840917,84.9109536337205,1.0846729410910474
2.75,91.8236350223696,90.29365150538098,0.8974010690840917,90.78022137591596,1.0366463127547085
2.751,98.4560174832173,97.06129307727254,0.8974010690840917,97.57776086562087,1.0319964059094575
2.752,104.37617722531206,104.2501284231097,0.8974010690840917,104.66279166740337,0.9932091864805779
2.753,109.44674577602883,108.48849377285912,0.8974010690840917,108.9454151736395,0.9730963115569286
2.754,113.5653633632857,113.92289309129906,0.8974010690840917,114.27117045714031,0.957793886237126
2.755,116.67340374418288,116.46832023403516,0.8974010690840917,116.81081744634375,0.9406043955532245
2.756,118.76728931105764,118.88009548266696,0.8974010690840917,119.13384018995554,0.932960857551769
2.757,119.90370187021928,118.78127474133672,0.8974010690840917,119.10290965841997,0.9357467486887279
2.758,120.181594014601,120.47027229017982,0.8974010690840917,120.70998165398991,0.9415819967450031
2.759,119.74846827952672,119.9066148161856,0.8974010690840917,120.12330375679934,0.9580484937155247
2.76,118.79761355910004,118.9770259451096,0.8974010690840917,119.34553222060694,0.9621106577740689
2.761,121.68670379616847,122.48389481553764,0.8974010690840917,122.82445629159518,0.9582561372751391
2.762,124.27357077729,124.8561151726872,0.8974010690840917,125.1671495976601,0.940903022821915
2.763,126.48373069013188,126.32026386074588,0.8974010690840917,126.66752238022492,0.9366808797159154
2.764,128.26034760328855,128.77370912769203,0.8974010690840917,129.0646314770453,0.9361491686049271
2.765,129.57811885319572,129.6534815603465,0.8974010690840917,129.91964682398643,0.9362869884049886
2.766,130.43940659715594,129.823731142517,0.8974010690840917,130.12647652651825,0.9431409600166559
2.767,130.86826417531103,131.0256848679079,0.8974010690840917,131.29346862116432,0.9487387027395696
2.768,130.92011206894188,131.13871374359675,0.8974010690840917,131.42822045722278,0.9474490684251506
2.769,130.6706742634282,132.4255293762563,0.8974010690840917,132.5696738499465,0.9479158875823791
2.77,130.20706129348548,129.88671918510653,0.8974010690840917,130.09697536657666,0.9463567084701727
2.771,129.62022547434597,129.27804065965427,0.8974010690840917,129.52433860928028,0.9401697942156056
2.772,128.99932180393444,129.97774259876851,0.8974010690840917,130.16214496532206,0.9418951876298871
2.773,128.42407389193818,129.21882304920953,0.8974010690840917,129.40062848600837,0.9474377033800194
2.774,127.95467481639066,128.37416669957307,0.8974010690840917,128.5449070943285,0.961732616240608
2.775,127.62116276832144,127.08333552916642,0.8974010690840917,127.29024563628022,0.9848627822531014
2.776,127.4216719401772,126.87233053095326,0.8974010690840917,127.09927943661809,1.025755677412397
2.777,127.33713936357192,127.2726925338494,0.8974010690840917,127.49187891000493,1.0389956268449
2.778,127.38480832695436,127.92037557645064,0.8974010690840917,128.02797948893144,1.0491712251724785
2.779,127.5946016588039,125.42588743863432,0.8974010690840917,125.62138754240885,1.0450337754043326
2.78,127.9853143390405,125.52769770454007,0.8974010690840917,125.74550647716453,1.0159258289549784
2.781,128.60081685067922,126.658169022609,0.8974010690840917,126.88903593810694,1.0062278611911504
2.782,129.47167974526667,128.3665730037519,0.8974010690840917,128.52960476651867,0.9754676558412692
2.783,130.63426404932983,129.09292601740566,0.8974010690840917,129.2946705329465,0.9488677575566205
2.7840000000000003,132.1200392493046,131.2226713681002,0.8974010690840917,131.51328756218948,0.960904474435768
2.785,136.7880657018536,136.01727079604953,0.8974010690840917,136.31811373205286,0.9867120894032838
2.786,141.43586053031734,141.12066926441094,0.8974010690840917,141.35304608939103,0.983897525459274
2.787,145.92704795857887,144.43786977359798,0.8974010690840917,144.70379810595858,0.987455723661352
2.7880000000000003,150.1333075621905,148.6052727724472,0.8974010690840917,148.91509552501114,1.0164255390487384
2.789,153.94241238712326,154.14832193139102,0.8974010690840917,154.36221018988905,1.027021979261851
2.79,157.25805417127472,157.50651278078857,0.8974010690840917,157.6811943495606,1.0213359957973134
2.791,159.99873537657172,159.8326811342243,0.8974010690840917,159.97241557896453,1.0248205012188645
2.7920000000000003,162.0967457037841,161.04124808803158,0.8974010690840917,161.24888463408433,1.0264357562714863
2.793,163.50611397094747,164.33443896651238,0.8974010690840917,164.40627983406463,1.0035010007272067
2.794,164.23070786138035,164.46711962723433,0.8974010690840917,164.50013584756766,0.9943638120526304
2.795,164.2562843166586,163.27580091629443,0.8974010690840917,163.33553177758583,0.960575318618099
2.7960000000000003,163.60069829747215,163.33276532083693,0.8974010690840917,163.35204227281255,0.9384236287034471
2.797,162.31483946869332,162.81930136042516,0.8974010690840917,162.7295738114695,0.9373431187066135
2.798,160.44191790665948,159.5996074423677,0.8974010690840917,159.61073881387534,0.9373976441153036
2.799,157.94243772081464,159.00908270354034,0.8974010690840917,158.88842933846,0.9449363851827509
2.8000000000000003,154.77165645405475,154.48554765405078,0.8974010690840917,154.3992150228695,0.9616020910863373
2.801,150.9024706700622,151.04945089094522,0.8974010690840917,150.9176837741558,0.9632566903111837
2.802,146.32814751499592,146.37675065011095,0.8974010690840917,146.19755226963295,0.9890166207131763
2.803,141.0546463493418,140.02121256916047,0.8974010690840917,139.88812223455363,0.9955150402809435
2.8040000000000003,135.11903393796612,134.60588400757712,0.8974010690840917,134.4584803714051,0.9827879685588733
2.805,128.60649264504767,129.40688154322268,0.8974010690840917,129.19017943942325,0.9908191070345842
2.806,121.66043440125878,122.98243267945482,0.8974010690840917,122.73307229288282,1.0161273905721884
2.807,114.47391732288436,115.51393395179235,0.8974010690840917,115.24993100662861,1.0472351994930447
2.8080000000000003,107.29202767357016,107.23928005480067,0.8974010690840917,107.09702754062062,1.0498692527428073
2.809,101.1966108189903,103.00221765932662,0.8974010690840917,102.78928536337962,1.0714018855080967
2.81,95.71554761417256,96.49112018249816,0.8974010690840917,96.34288203261318,1.1383660857164255
2.811,90.98714382252726,91.647917014805,0.8974010690840917,91.50373037750727,1.1614814608188921
2.8120000000000003,87.08240851326872,86.32383392945474,0.8974010690840917,86.35242205584453,1.1252447156068524
2.813,83.97903671382583,85.08186104484801,0.8974010690840917,84.99376300715555,1.0808313407218082
2.814,81.60811251134479,80.124910785833,0.8974010690840917,80.23912213250742,1.0536544286019345
2.815,79.89125031223186,80.3237578061092,0.8974010690840917,80.39250828941306,0.9950615229603054
2.816,78.72904845388229,78.4934540905853,0.8974010690840917,78.59524971821317,0.9751710579563853
2.817,78.03298708807421,76.8846415423979,0.8974010690840917,77.1014394957534,0.9757885525091403
2.818,77.76252037060667,78.60591222027043,0.8974010690840917,78.76630268690178,0.9855050214299127
2.819,77.91219932209724,78.71068601092324,0.8974010690840917,78.85738117894908,1.0010933022295052
2.82,78.48487269463891,78.311310636522,0.8974010690840917,78.5392903223188,1.0189345598875812
2.821,79.47874649750375,80.07915590658645,0.8974010690840917,80.2952025348235,1.027829257720556
2.822,80.8857352653217,81.29080604362035,0.8974010690840917,81.50993711227493,1.0212918628837582
2.823,82.68036391550028,82.15297903814883,0.8974010690840917,82.4385914786333,1.0155408601449196
2.824,84.82761946064,84.43765841699211,0.8974010690840917,84.75228305167286,1.0085269864477204
2.825,87.29063845347792,87.11973927713967,0.8974010690840917,87.4171585706128,0.993159489563898
2.826,90.02974938652453,88.87031381463795,0.8974010690840917,89.24084976325835,0.9891128781105418
2.827,93.00105017084029,92.48057989864166,0.8974010690840917,92.84677529169329,0.98355857139549
2.828,96.1550160098378,95.6779656166028,0.8974010690840917,96.04343319393733,0.9738003250292756
2.829,99.43440396431208,99.01986799052632,0.8974010690840917,99.39342927437019,0.9603586794815826
2.83,102.7604958203416,102.06851894249525,0.8974010690840917,102.4559151626701,0.9516539826725886
2.831,106.03026340958996,105.5455105108643,0.8974010690840917,105.91864402052335,0.9490561170883266
2.832,109.13255197760516,108.62901610393276,0.8974010690840917,108.9726455717894,0.9434789011707467
2.833,110.20139395157103,110.80516641181376,0.8974010690840917,111.07240271677625,0.9324076869210973
2.834,110.71222028438694,110.93346850387891,0.8974010690840917,111.23318486347867,0.9313421423176471
2.835,110.73845343940695,112.33974818764204,0.8974010690840917,112.5543649773701,0.9411351834263793
2.836,110.41013432344091,111.69707368552218,0.8974010690840917,111.85134074311453,0.9715295793117776
2.837,109.88460381885687,109.58178032240087,0.8974010690840917,109.7861338224004,0.9903334622323565
2.838,109.29529070251876,108.47222722942058,0.8974010690840917,108.75358877814517,0.9782566415864365
2.839,108.73943950513758,109.24806496853924,0.8974010690840917,109.44483625749493,0.9710135950482054
2.84,108.32402423745825,107.4586167909594,0.8974010690840917,107.77658291259421,0.9631072246361831
2.841,108.15305148088537,108.8451933885943,0.8974010690840917,109.12452398766466,0.9513537547888973
2.842,108.32993932339404,109.31983603883872,0.8974010690840917,109.59767469677162,0.9364027351421202
2.843,108.94293733297296,109.39714471149468,0.8974010690840917,109.7326940371428,0.9342455246534392
2.844,110.08975720088463,111.46552825100449,0.8974010690840917,111.7072753324581,0.9311066645131172
2.845,111.87973212018362,110.71827241045834,0.8974010690840917,111.09385012919398,0.932774793461261
2.846,114.4146667926695,113.36930261642092,0.8974010690840917,113.82260046525823,0.9543504634015493
2.847,117.78169002551208,117.90262463742242,0.8974010690840917,118.28923212898289,0.9548710334541961
2.848,122.05552283908692,120.7054794022128,0.8974010690840917,121.24767654258038,0.9772997730198135
2.849,127.27947121054284,128.1626185570129,0.8974010690840917,128.58662028425624,0.9903234603497308
2.85,133.44991859990108,132.45674853299866,0.8974010690840917,133.05739685642178,1.0123632256159445
2.851,140.45350046198908,141.73183114173258,0.8974010690840917,142.2394971167657,1.058325183923764
2.852,148.0946803590553,148.15462087417546,0.8974010690840917,148.73036367229858,1.0982437237749796
2.853,156.08266783150458,156.38527476330958,0.8974010690840917,156.88512397031047,1.1556200650465183
2.854,164.08541413289197,162.84000831584052,0.8974010690840917,163.4113848505891,1.2547034530975703
2.855,171.69316531767677,171.26465464623308,0.8974010690840917,171.7688438548561,1.3788883440016648
2.856,178.4489339258954,177.7136102763174,0.8974010690840917,178.1486016400697,1.3795443767650306
2.857,182.18314655650687,182.88845091890303,0.8974010690840917,183.19350689097266,1.3364028140119926
2.858,184.9930175891949,185.7588667250353,0.8974010690840917,185.98828989587875,1.2982469364814218
2.859,186.97938903023723,187.0806540115739,0.8974010690840917,187.26801681289763,1.2527820177305355
2.86,188.2419796943097,187.7218293190209,0.8974010690840917,187.8304707242305,1.2121435067980377
2.861,188.8596921585873,186.83988451910145,0.8974010690840917,187.04258230867745,1.1936450576286928
2.862,188.86933113335704,188.9325510348228,0.8974010690840917,189.02227454131173,1.201283280764217
2.863,188.27243021146825,188.34432820821385,0.8974010690840917,188.36328808428934,1.209507223885078
2.864,187.0233562250342,186.44611725211595,0.8974010690840917,186.45200458504107,1.260597909882536
2.865,185.0114997198405,184.39739208874695,0.8974010690840917,184.35737583830434,1.315074732058577
2.866,182.0946056008774,181.73353901372343,0.8974010690840917,181.62824643336577,1.3809539721640314
2.867,178.11820566468427,177.3338790645484,0.8974010690840917,177.22586917323844,1.4248007534307379
2.868,172.92225424480296,173.45983606762616,0.8974010690840917,173.27019803307383,1.4728336785347633
2.869,166.35954090306038,167.92666523875175,0.8974010690840917,167.56881454378296,1.4032268473310416
2.87,158.39817036648512,158.95526614173497,0.8974010690840917,158.52252944857074,1.3078161217835917
2.871,149.07811813695287,148.72081931464209,0.8974010690840917,148.25216653645612,1.2274908321993436
2.872,138.46764608623755,137.4808639207236,0.8974010690840917,136.96456963639486,1.1826481095910801
2.873,126.67366941824304,125.31143114818616,0.8974010690840917,124.74727709922553,1.1869433056819896
2.874,113.85228628972708,112.58410322210682,0.8974010690840917,112.00233440022025,1.2385928062834646
2.875,100.21104021031778,99.51434118156956,0.8974010690840917,98.87174607160082,1.3255633994092788
2.876,85.97265065345178,84.99034532702197,0.8974010690840917,84.39320477780583,1.3842316963817618
2.877,71.3978548948156,71.58163693962933,0.8974010690840917,70.9009668622381,1.4667934777407818
2.878,56.825885620211146,55.75598242818616,0.8974010690840917,55.198063963189114,1.5421271918929325
2.879,42.6891479305217,43.095629894188846,0.8974010690840917,42.50728322234125,1.5975830628898426
2.88,29.50407542181104,28.9125322297583,0.8974010690840917,28.442979236282387,1.6799644856636005
2.881,16.66676026670268,17.740787326869977,0.8974010690840917,17.298046006216904,1.729067086015509
2.882,5.8034069648357445,7.170359100587687,0.8974010690840917,6.93181383213497,1.7564890904148855
2.883,0.0,1.674877640802768,0.8974010690840917,1.6578769558121786,1.7328297025549133
2.884,0.0,1.4899634501644976,0.8974010690840917,1.4909124754858816,1.7100681014704822
2.885,0.0,0.8963835859186227,0.8974010690840917,0.9530959769346731,1.6998239990622661
2.886,0.0,1.0167846498120563,0.8974010690840917,1.0846124595937356,1.6689183112818093
2.887,0.0,-0.2439239117787792,0.8974010690840917,-0.025179427566865357,1.6563805542512806
2.888,0.0,1.5057777955543488,0.8974010690840917,1.6307490994906837,1.6277040320511393
2.889,0.0,-0.2233005536976753,0.8974010690840917,0.01857982673728793,1.6286921257881533
2.89,0.0,0.5086360819345543,0.8974010690840917,0.7813611196776491,1.5999749756187231
2.891,0.0,0.7891644996887894,0.8974010690840917,1.2033380018877693,1.5881093980048093
2.892,3.5450585866878583,4.373060725207656,0.8974010690840917,5.050145564948436,1.5867745857143651
2.893,14.094548657654542,14.606728687077013,0.8974010690840917,15.38598126636991,1.566107918007836
2.894,26.722850785918183,26.626443013263117,0.8974010690840917,27.570593094254445,1.5445111110332213
2.895,41.33144128581455,42.5667767083841,0.8974010690840917,43.529620022607716,1.494842307948253
2.896,57.76916486790349,58.097805264166325,0.8974010690840917,59.164036773433416,1.449495950176516
2.897,75.81980914318578,75.9129544930286,0.8974010690840917,77.11160284311998,1.4964335865533709
2.898,95.1905870619503,96.71259555310871,0.8974010690840917,97.85485372690849,1.4852901812067707
2.899,115.50271308909458,115.33899296660896,0.8974010690840917,116.55268699823995,1.485464970008523
2.9,136.28540675610424,135.76680020558507,0.8974010690840917,137.00749394809552,1.58087557036445
2.901,156.97476817324184,156.73376994440656,0.8974010690840917,157.93918490840775,1.6460551275527435
2.902,176.919015608349,176.55007423152983,0.8974010690840917,177.69173995319716,1.688425139711076
2.903,195.39152091858412,194.31657142768285,0.8974010690840917,195.37904804768527,1.7289589129544036
2.904,211.6128860480088,210.0837345817938,0.8974010690840917,211.0411192905967,1.7713255394752199
2.905,224.19538475064405,223.4374489336903,0.8974010690840917,224.213322996376,1.78310400304012
2.906,234.1183051487546,232.6179003510135,0.8974010690840917,233.35727047133912,1.8143551425437618
2.907,241.4555622983908,241.08185815082084,0.8974010690840917,241.63807318783125,1.8350909305793501
2.908,246.3580192590973,245.56999366429287,0.8974010690840917,246.02162382208604,1.8299675703408071
2.9090000000000003,249.0251173676452,248.16349262343945,0.8974010690840917,248.4825838654066,1.822270007466902
2.91,249.679248392758,248.1309348666241,0.8974010690840917,248.43703486053087,1.7944712263011569
2.911,248.5438800058164,249.15284185016355,0.8974010690840917,249.223631760546,1.77828327882333
2.912,245.82721864803037,244.86082016716824,0.8974010690840917,244.93867769143344,1.711001955060356
2.9130000000000003,241.7242119892741,241.83524103201307,0.8974010690840917,241.774531174011,1.5872189646101715
2.914,236.4348390380164,236.4936695108206,0.8974010690840917,236.36535715831366,1.4581492454138083
2.915,230.13308637138596,230.3509033142165,0.8974010690840917,230.1491608954618,1.32889477721113
2.916,222.95092221245056,223.14776713476977,0.8974010690840917,222.89945900637628,1.2656121285608046
2.9170000000000003,214.9367347859192,215.14971183199663,0.8974010690840917,214.85755730131822,1.223584819243339
2.918,206.06840269052765,206.4512300373224,0.8974010690840917,206.06553653902418,1.1672863043026562
2.919,196.33881626097752,195.95655149865524,0.8974010690840917,195.57687897298229,1.1562406531523206
2.92,185.67061717369347,185.94095889038124,0.8974010690840917,185.54233564301506,1.1525026383475552
2.9210000000000003,173.93376060281727,175.63170045527494,0.8974010690840917,175.05216247800644,1.2130534143500917
2.922,161.0683599906598,160.48550960140557,0.8974010690840917,159.98648869608706,1.2373499663957952
2.923,147.0474969950908,147.9689025932979,0.8974010690840917,147.3062811410353,1.265408266673276
2.924,131.92494023901378,131.12353357718106,0.8974010690840917,130.53597860839668,1.3204818715771511
2.9250000000000003,115.79803104559488,115.95422967179915,0.8974010690840917,115.27290667616143,1.3567074874914054
2.926,98.86682344550584,97.7847114575196,0.8974010690840917,97.11678980649607,1.4489597661043772
2.927,81.48222588263806,80.04100483667999,0.8974010690840917,79.42677158730793,1.4765278226693244
2.928,64.12187731381182,63.73416630502551,0.8974010690840917,63.234360996114546,1.4756809306540173
2.9290000000000003,52.00129289967704,50.91755238828964,0.8974010690840917,50.6333528467079,1.422625767846031
2.93,42.47030525138065,43.918039929702125,0.8974010690840917,43.63178398253992,1.4168529735449462
2.931,35.619690428397234,36.58018683257192,0.8974010690840917,36.375109382103574,1.4542862881654053
2.932,31.43602895122592,30.894328578410004,0.8974010690840917,30.842718477999778,1.458066706621746
2.9330000000000003,29.820634957468517,28.900660771520947,0.8974010690840917,29.005008370422043,1.4320913217339943
2.934,30.607811685092315,29.88562175384211,0.8974010690840917,30.084534122499726,1.4214457104574152
2.935,33.581469903043626,33.1788840852243,0.8974010690840917,33.42735514295073,1.3947729010977665
2.936,38.48952348525627,37.278185423343245,0.8974010690840917,37.64743555581074,1.3568811239674505
2.9370000000000003,45.0557963987044,43.52607120880338,0.8974010690840917,44.034889771836625,1.3334853904092467
2.938,52.9894335318905,52.673087954147135,0.8974010690840917,53.19072202892159,1.2983861416115483
2.939,61.99200591422288,61.80628256857255,0.8974010690840917,62.37344470083574,1.2382469556594313
2.94,71.7626446919955,71.41184270094367,0.8974010690840917,72.00677714802252,1.1954090585453934
2.9410000000000003,82.00163523922102,81.38320173168285,0.8974010690840917,82.04107115175357,1.1793011889829423
2.942,92.41296068785806,92.89698533952613,0.8974010690840917,93.53097252932348,1.1491882851251431
2.943,102.70630969819793,103.26990176637568,0.8974010690840917,103.87392203391137,1.0918390001169878
2.944,112.59906148601354,112.28098744973776,0.8974010690840917,112.90834357629996,1.0701204999262914
2.945,121.81873490893608,121.45878444099957,0.8974010690840917,122.07235260570482,1.0714605411337286
2.946,130.10633854181907,130.12961647964465,0.8974010690840917,130.70178027830374,1.063141361505721
2.947,137.22098391589307,137.4969541533094,0.8974010690840917,138.04103354508496,1.0588377774129527
2.948,142.9460217350246,144.1244796591793,0.8974010690840917,144.5120984113834,1.0338531981159353
2.949,147.09682743350305,146.76023217319351,0.8974010690840917,147.16330497952924,1.0221459383020908
2.95,149.5301946867205,150.12636873187353,0.8974010690840917,150.40080676855024,1.02259670748892
2.951,150.15394275928597,150.23347539335975,0.8974010690840917,150.4267307884063,1.0272022081354106
2.952,148.92209640127012,148.2460448048138,0.8974010690840917,148.64080927812202,1.0546731764874882
2.953,152.1450476649221,152.01320768977777,0.8974010690840917,152.33874443117946,1.127595326226507
2.954,154.28864256505773,154.1828636490255,0.8974010690840917,154.44747808731887,1.1801712438361887
2.955,155.2662315061268,154.89690768511667,0.8974010690840917,155.13885202263296,1.2169504017214297
2.956,155.0430841434222,155.34553684739117,0.8974010690840917,155.52630783271667,1.1951006996875486
2.957,153.66645987483082,154.85332726123227,0.8974010690840917,154.908750708757,1.1499409641121425
2.958,151.24221660209588,151.53335307258052,0.8974010690840917,151.56067022952493,1.1058969648221546
2.959,147.891781489793,148.01702369388144,0.8974010690840917,148.00013673969718,1.041724339863842
2.96,143.76983102433786,143.80290266481282,0.8974010690840917,143.7581952628253,1.0051743979807952
2.961,139.03194342043747,139.187727866408,0.8974010690840917,139.1200418780856,0.9809115122245669
2.962,133.83086712962526,134.44867512593055,0.8974010690840917,134.3427733482699,0.9776011469170195
2.963,128.305267061612,128.98366040448087,0.8974010690840917,128.83342229489074,0.992864633254975
2.964,122.56657383469752,122.43017267276991,0.8974010690840917,122.34231012974716,0.9856258607892114
2.965,116.74244682288834,117.51797204434632,0.8974010690840917,117.3620363863885,0.9894746213791246
2.966,110.98862034617432,110.88799354727814,0.8974010690840917,110.79364844772931,0.9980362705553077
2.967,105.47131556658748,105.9744729997931,0.8974010690840917,105.86422020376791,0.9964609152921995
2.968,100.36446552076036,100.68465310682753,0.8974010690840917,100.6388056698202,0.9980818254432872
2.969,95.8462230703886,97.18391818899384,0.8974010690840917,97.08616213397006,1.002363589925235
2.97,92.08925664104258,91.96637382253436,0.8974010690840917,91.92840507683512,1.0115392988685563
2.971,89.25670202012009,88.16096922162183,0.8974010690840917,88.22528569884598,0.975567663638784
2.972,87.47359608632834,86.78547420798698,0.8974010690840917,86.89780723107408,0.94352313472344
2.973,86.82887072046958,85.726231179402,0.8974010690840917,85.86589462106184,0.9386193709761077
2.974,87.42788078552927,85.55467197028838,0.8974010690840917,85.79157144440617,0.9315433016122094
2.975,89.33614672283281,87.89461815885399,0.8974010690840917,88.19061863429462,0.9517778134085864
2.976,92.6349197026094,92.36791611727516,0.8974010690840917,92.72436394241069,0.9808495608000564
2.977,98.65367171334714,98.29115664579052,0.8974010690840917,98.70744117097222,1.0125939435065145
2.978,105.5220176309014,106.0215825634951,0.8974010690840917,106.40583021929804,1.01654927333347
2.979,113.01242237463843,112.63696031917496,0.8974010690840917,113.0656394209795,1.0222490685634105
2.98,120.9155959145968,120.86404657340294,0.8974010690840917,121.27888265081313,1.0323668346774257
2.981,129.0222157612409,128.26927262836952,0.8974010690840917,128.73647750254293,1.0452091385577944
2.982,137.14232979499957,137.15680099363004,0.8974010690840917,137.57198631094627,1.0575169236567825
2.983,145.10067425469728,144.428078806324,0.8974010690840917,144.86019417907414,1.06137580001083
2.984,152.73609613199034,151.9010083291038,0.8974010690840917,152.28597558164816,1.0757724360680767
2.985,159.90589913775497,158.26148730044503,0.8974010690840917,158.67901378224227,1.1016475952254572
2.986,166.4830170330528,165.7714944914269,0.8974010690840917,166.15691493892362,1.14097818498572
2.987,172.35256619588947,172.46394425778686,0.8974010690840917,172.83590797491703,1.1658298995341814
2.988,177.40891470087308,179.491839957652,0.8974010690840917,179.67987350456735,1.1534686835897379
2.989,181.56750214917523,182.0275343709593,0.8974010690840917,182.21284886079746,1.1018792906474468
2.99,184.781704934369,185.3538515494975,0.8974010690840917,185.52372009346198,1.080846415058502
2.991,187.0178418369606,188.10418242872365,0.8974010690840917,188.2200942026286,1.0330734766833798
2.992,188.2555150871305,189.6374060022885,0.8974010690840917,189.72018161040847,0.9885657959753105
2.993,188.4796378109984,190.74716750878005,0.8974010690840917,190.739325344844,0.9547410470237587
2.994,187.67705118473788,189.8808183951829,0.8974010690840917,189.79632392601795,0.9414474003112062
2.995,185.83535102249013,186.97019570293423,0.8974010690840917,186.84003202500875,0.9570805268227555
2.996,182.87951612997995,182.5180537497053,0.8974010690840917,182.42871836325904,0.9626498167220626
2.997,178.7002173574462,178.83750520426509,0.8974010690840917,178.68431180995896,0.9810213460344169
2.998,173.1855219043705,173.11312740963888,0.8974010690840917,172.9655209782384,1.0057215923884701
2.999,166.2672907942238,167.5911242641428,0.8974010690840917,167.29327886380574,1.0322351781361565
3.0,157.98371605100985,158.6054745636508,0.8974010690840917,158.405299699368,1.0337893338179651
3.001,151.029715780194,152.8025691538368,0.8974010690840917,152.56920214222833,1.01425154240031
3.002,143.2838317949719,146.0261384036716,0.8974010690840917,145.72931696461495,1.0402675670191948
3.003,134.94234542850572,137.70681260303164,0.8974010690840917,137.34306352945896,1.0879241110298608
3.004,126.20506155205948,126.9319414024189,0.8974010690840917,126.63266112751185,1.091591284479746
3.005,117.27464268927676,118.02305789835668,0.8974010690840917,117.7342069398454,1.061824266810564
3.006,108.33834199446451,109.90275002420472,0.8974010690840917,109.58946199031628,1.0739350125606895
3.007,99.56196245570573,101.33828867096804,0.8974010690840917,101.02912596045302,1.1058381632366712
3.008,91.0919369402082,92.22138818636093,0.8974010690840917,91.92051725686689,1.142873009980973
3.009,83.05837440593797,83.46218533960142,0.8974010690840917,83.25547554376993,1.1462811334008283
3.01,75.57852206304545,76.72383139167509,0.8974010690840917,76.43479232532307,1.1864856695091934
3.011,68.76018426992019,67.76058268843327,0.8974010690840917,67.61532097858695,1.2170235693857838
3.012,62.704699627507686,62.08673315600502,0.8974010690840917,62.02450641214527,1.206283067086263
3.013,57.50913971498496,58.627896389568335,0.8974010690840917,58.49260091085575,1.228990935324498
3.014,53.26745464530376,52.88016046161172,0.8974010690840917,52.85721624362401,1.2592611950071395
3.015,50.07035274039493,49.745016112497545,0.8974010690840917,49.7846490007097,1.2544096306508445
3.016,48.003766434207776,47.630171279449016,0.8974010690840917,47.72515253029786,1.253784837663247
3.017,47.14582742533172,46.32560196108648,0.8974010690840917,46.49500718179149,1.2566273210617058
3.018,47.5623550363359,46.93135515243732,0.8974010690840917,47.211676966192066,1.246386452116341
3.019,49.30095643308261,50.04034679960654,0.8974010690840917,50.26853230099139,1.214838067413007
3.02,52.38394861419846,50.910050648911536,0.8974010690840917,51.31523585111226,1.20612760208042
3.021,56.800440923019735,56.14956040907733,0.8974010690840917,56.61577999594421,1.1951479096867208
3.022,62.49806160084629,62.42373282611018,0.8974010690840917,62.915243511478366,1.1695491545826522
3.023,69.37496731317128,69.30384705699574,0.8974010690840917,69.84889931959097,1.147071784862586
3.024,77.27293086758218,77.38902031505273,0.8974010690840917,77.8184807535775,1.0762460845007853
3.025,81.70859372520242,81.49685327500171,0.8974010690840917,81.92950178251401,1.022026542310686
3.026,86.1454056629617,85.23798681918714,0.8974010690840917,85.77063327740714,1.0191493410069121
3.027,90.41104161829207,91.25443832920284,0.8974010690840917,91.70481816059656,1.0004675152541969
3.028,94.38094060142336,94.8923251451566,0.8974010690840917,95.2868391770227,0.9664186209330563
3.029,97.9788415490888,97.01385528675638,0.8974010690840917,97.53468016765187,0.974381699422497
3.03,101.17481164249858,102.7823384665894,0.8974010690840917,103.18865473874915,0.9699018719726237
3.031,103.98134536923986,105.53455969750584,0.8974010690840917,105.92170250899592,0.9448293481149523
3.032,106.4480446754052,107.37932502334264,0.8974010690840917,107.75535379760058,0.93877458975498
3.033,108.65530134195777,108.49900165431268,0.8974010690840917,108.92809801438415,0.9408767240756728
3.0340000000000003,110.7073067401934,111.19826250075874,0.8974010690840917,111.5908525803578,0.9425231269165744
3.035,112.72462289617536,112.8924763226376,0.8974010690840917,113.31583682321406,0.9425942184004418
3.036,114.8364710475332,115.64799670228722,0.8974010690840917,116.04747647402436,0.9455326624989002
3.037,117.1728358963166,117.9663439600353,0.8974010690840917,118.39404347516621,0.9490460157596557
3.0380000000000003,119.85644979903428,121.05126313482492,0.8974010690840917,121.46782000175912,0.9548436656916122
3.039,122.99471374603236,123.94021132445457,0.8974010690840917,124.3568128672023,0.9582418169482458
3.04,126.67163224640096,127.4103518549842,0.8974010690840917,127.84021581323181,0.9700963941131785
3.041,130.9398868104905,131.09306467888956,0.8974010690840917,131.56824093930666,0.9889743473517962
3.0420000000000003,135.81324572040083,136.20271968014538,0.8974010690840917,136.69937778597247,1.0202221918708094
3.043,141.2596024639833,142.1874961593773,0.8974010690840917,142.66940643638947,1.0443505049633692
3.044,147.19504555819344,147.75592463771983,0.8974010690840917,148.23494853354984,1.0618117454828333
3.045,153.47947967832275,153.5114043595503,0.8974010690840917,153.9788059857302,1.0868439497943372
3.0460000000000003,159.9144299089499,158.74716561522132,0.8974010690840917,159.251103100511,1.1190684957941952
3.047,166.24375174353506,164.84587218492442,0.8974010690840917,165.39088295732302,1.170538431248871
3.048,172.1580196699015,172.74423521549866,0.8974010690840917,173.0495342316806,1.1748473747277797
3.049,174.56849020037163,173.92141305260336,0.8974010690840917,174.2959011909026,1.1578309456147393
3.0500000000000003,176.2632883898104,177.37604566773095,0.8974010690840917,177.57456129789273,1.1668090413559773
3.051,177.38851552256438,176.36884448832458,0.8974010690840917,176.66544571371588,1.149387245122711
3.052,178.08482005319212,178.96952416382578,0.8974010690840917,179.16947306022536,1.158505891237402
3.053,178.47719711752072,179.62563437734505,0.8974010690840917,179.72102504308842,1.1589500875908172
3.0540000000000003,178.6654545211248,177.32265393838765,0.8974010690840917,177.55903642943653,1.1620285940923507
3.055,178.6922041224462,179.3396616424737,0.8974010690840917,179.4129365388561,1.2382468504477164
3.056,178.52289506353205,177.04975178349252,0.8974010690840917,177.2310368238825,1.2970737572263722
3.057,178.08146601521165,178.02940309384127,0.8974010690840917,178.06730247214375,1.3841178353061796
3.0580000000000003,177.26030395080022,175.07836525627727,0.8974010690840917,175.2056817459807,1.444205490826551
3.059,175.92256281927948,174.9225651476217,0.8974010690840917,174.9739999472499,1.506711032477853
3.06,173.9060253295319,173.97354375366535,0.8974010690840917,173.85179367807197,1.5833186449684884
3.061,171.02858946980717,168.8943891311098,0.8974010690840917,168.83902072360908,1.6347152543837202
3.0620000000000003,167.09547822660903,165.86604799248465,0.8974010690840917,165.7037385476822,1.6315182455317407
3.063,161.9657141594645,160.6150272299804,0.8974010690840917,160.41547705290674,1.4897235081507652
3.064,155.6033981317314,155.42050494499995,0.8974010690840917,155.10523617182707,1.3618513571017588
3.065,147.99450255550488,148.1840698152772,0.8974010690840917,147.77469797614245,1.2578668713234658
3.0660000000000003,139.14926145673311,139.54437616057623,0.8974010690840917,139.0559139567914,1.1833286542100194
3.067,129.1141327315553,129.52756944408912,0.8974010690840917,128.9535325955867,1.1617659830305065
3.068,117.98409519320116,117.63775104751626,0.8974010690840917,117.06264022997931,1.169740563158534
3.069,105.9145253599662,105.8977664695718,0.8974010690840917,105.31720924993097,1.1997927867493332
3.0700000000000003,93.13171680151096,94.34411955398996,0.8974010690840917,93.68984946524444,1.2960691892248513
3.071,79.91147316246887,80.9132336564204,0.8974010690840917,80.25708665269133,1.4087045252034427
3.072,66.58866289319117,67.03164842845489,0.8974010690840917,66.3920831521816,1.5492254072739726
3.073,52.75080625078432,53.80126541630212,0.8974010690840917,53.15053799869146,1.7187206875226837
3.074,40.237645951750565,40.19164006815516,0.8974010690840917,39.704651175932405,1.8649441221759544
3.075,29.268673647436543,30.80891273850434,0.8974010690840917,30.346630386799827,1.9930042188225674
3.076,20.009083024394528,21.434877211403524,0.8974010690840917,21.014731713733376,2.16488893940686
3.077,12.582670362006496,12.616589628364691,0.8974010690840917,12.361451157615416,2.3040082336870915
3.078,7.08421305630614,7.286224007687608,0.8974010690840917,7.169596074897329,2.4123267790128637
3.079,3.5903385494514595,4.662333107977261,0.8974010690840917,4.642953175360875,2.505563455359641
3.08,2.163917594563543,3.2604955075268123,0.8974010690840917,3.353020040495391,2.461585535482211
3.081,2.772877812932805,3.290733728658097,0.8974010690840917,3.5367430743150345,2.310494734947706
3.082,5.317539242175897,5.375589810986881,0.8974010690840917,5.770973750310169,2.1612561651975386
3.083,9.70417227149025,10.06775462292724,0.8974010690840917,10.549706211318837,1.9930724496630385
3.084,15.84386875101174,15.494010166105632,0.8974010690840917,16.161821475692946,1.8369320321629101
3.085,23.64838889155311,24.542338980845575,0.8974010690840917,25.208330119845666,1.661330163223739
3.086,33.02345133095113,32.27261524209932,0.8974010690840917,33.147230223735185,1.5257215973793732
3.087,43.86002398116459,44.59333268734572,0.8974010690840917,45.50476398577457,1.412821518204425
3.088,56.02426345316026,56.79416700644377,0.8974010690840917,57.7379983774019,1.298047205192297
3.089,69.36110947478141,69.43264012807367,0.8974010690840917,70.44928123213003,1.2868283245939534
3.09,83.72864417315107,83.92874557863496,0.8974010690840917,85.03054089175053,1.3213277052328214
3.091,98.93582550676204,100.3114877642643,0.8974010690840917,101.34465343276734,1.298175351520591
3.092,114.7244641796662,114.16340077968314,0.8974010690840917,115.26863895666415,1.3002159305340768
3.093,130.76408278547913,130.04320374650925,0.8974010690840917,131.1852023487272,1.3935401138450219
3.094,146.64598350631763,146.70747414444455,0.8974010690840917,147.81715680040566,1.4583816743335885
3.095,161.88010008475953,162.35756238421706,0.8974010690840917,163.4107189278954,1.5079671868183124
3.096,175.908565105849,177.0068714668239,0.8974010690840917,177.9003831404337,1.5315766191819733
3.097,186.7202414082961,187.51812868485652,0.8974010690840917,188.25741329835307,1.5506049242199245
3.098,195.94571254950196,194.16275081905889,0.8974010690840917,194.9946414331698,1.58025363895088
3.099,203.60872216470705,204.3001354229673,0.8974010690840917,204.97450936121612,1.6501615863634629
3.1,209.78865553873277,210.9713706807063,0.8974010690840917,211.4795767444056,1.5916142356564755
3.101,214.6258648268822,213.79907074811183,0.8974010690840917,214.31934202689473,1.5821755982553298
3.102,218.25108457529245,217.68064657241183,0.8974010690840917,218.11483333939495,1.5627002425691792
3.103,220.79532854188244,220.19971077093905,0.8974010690840917,220.60131555168292,1.5568107340049253
3.104,222.35871774228883,222.82926848837369,0.8974010690840917,223.12950435470478,1.5467744803238137
3.105,223.00866369919487,223.74064459302133,0.8974010690840917,223.99015119246693,1.5409953348350804
3.106,222.76972654050425,224.0648012598734,0.8974010690840917,224.21691083885744,1.529277400296251
3.107,221.62842323784335,222.4803833582856,0.8974010690840917,222.57443298590897,1.5094291034773677
3.108,219.533398045967,220.1055393125005,0.8974010690840917,220.14374825961,1.4777212678381382
3.109,216.40362138717632,217.0186884711928,0.8974010690840917,216.97038358851574,1.4370978525683884
3.11,212.14097099981643,212.27710805024304,0.8974010690840917,212.18506707884893,1.3572058218429808
3.111,206.65485977194865,207.27953209178483,0.8974010690840917,207.06533544868358,1.2598737002720697
3.112,199.87977366180064,199.87295954385223,0.8974010690840917,199.6297123077093,1.1784102995893935
3.113,191.76144813640104,192.13202902190076,0.8974010690840917,191.76967284453553,1.1277404767654076
3.114,182.270218049168,181.70649333551552,0.8974010690840917,181.29117735262128,1.1314398754660677
3.115,171.41485482442295,170.34923438553912,0.8974010690840917,169.9667154197538,1.124715161062144
3.116,159.2322421042897,160.4525984195334,0.8974010690840917,159.9008427212805,1.1922273693923873
3.117,145.75860237934307,145.77767323013083,0.8974010690840917,145.2426755143481,1.2900797461839655
3.118,131.07500701986245,131.34626116726534,0.8974010690840917,130.77846318934184,1.3193392547295852
3.119,115.35554975699203,115.97222407725,0.8974010690840917,115.39123606406157,1.369112817770136
3.12,98.89597358557788,99.98971063477757,0.8974010690840917,99.54565561622012,1.334110465839022
3.121,87.39468585099607,88.47360447122514,0.8974010690840917,88.0990000949962,1.2586139398665046
3.122,77.59765501819037,78.43474593301208,0.8974010690840917,78.1511850481177,1.2276749775517506
3.123,69.64769947574293,70.3888556169772,0.8974010690840917,70.21192968729491,1.2057830642873804
3.124,63.62735441469067,65.07423276002656,0.8974010690840917,64.85349657828698,1.2213173001182234
3.125,59.56288800202037,58.095546196136986,0.8974010690840917,58.12429602054622,1.2281071844820377
3.126,57.42570499042025,57.7979353891363,0.8974010690840917,57.845429708903445,1.1944068841262265
3.127,57.13747959659086,56.70459651906481,0.8974010690840917,56.86042278560921,1.184674003942861
3.128,58.57001492507885,58.12712954341463,0.8974010690840917,58.3255341992242,1.1375132337935379
3.129,61.536631608150486,60.050071913742414,0.8974010690840917,60.407576865268084,1.0827905465219303
3.13,65.79695618956038,65.81910150558343,0.8974010690840917,66.1511002521559,1.0321140774956152
3.131,71.08835358675626,70.57688450062051,0.8974010690840917,70.9798542558163,0.9886838464808487
3.132,77.1353891305377,76.4872704474236,0.8974010690840917,76.91184573390362,0.9939259416649435
3.133,83.65755445238977,82.86504925800568,0.8974010690840917,83.3476078865565,1.0250516989512928
3.134,90.42943597792105,90.80783433841792,0.8974010690840917,91.25110426689632,1.043720195165132
3.135,97.26642158681982,97.83584055301276,0.8974010690840917,98.22603481154891,1.0202814480374673
3.136,104.00746551234504,103.32823974392,0.8974010690840917,103.75228798497213,1.006405314019435
3.137,110.5186514466886,109.78666557899464,0.8974010690840917,110.26230579681034,1.0293094889274292
3.138,116.66301093262256,117.71058427715056,0.8974010690840917,118.08521802091394,1.0121300935139055
3.139,122.30125994374788,122.68029983807124,0.8974010690840917,123.02829456704102,0.9749789705283285
3.14,127.29067168304606,126.96090955471055,0.8974010690840917,127.32559317213061,0.9736991305285566
3.141,131.48210477728117,132.06255994668155,0.8974010690840917,132.32953603770952,0.9660699437814135
3.142,134.71591123776656,134.76190184509943,0.8974010690840917,135.0273783067199,0.9573618027481621
3.143,136.84308359550508,137.10291683215692,0.8974010690840917,137.29875682181475,0.9560151965309646
3.144,137.74825900248194,137.08182031639623,0.8974010690840917,137.43587885464981,0.9624607934749624
3.145,143.01445955541868,141.8597142899968,0.8974010690840917,142.23335783449076,1.0094943699096428
3.146,147.81534872444894,147.01188748723075,0.8974010690840917,147.35384471010198,1.0231129949788418
3.147,151.97105666593532,151.69614288837468,0.8974010690840917,151.99830326496917,1.029528648506976
3.148,155.32842136604503,155.2902190691979,0.8974010690840917,155.52486118596735,1.0349443358995198
3.149,157.7485056576526,157.37979411698885,0.8974010690840917,157.58445890186178,1.0538411929241889
3.15,159.10553496767025,158.8759381728128,0.8974010690840917,159.03481197311518,1.0851590664045259
3.151,159.29568459841158,159.02089450941637,0.8974010690840917,159.0914627628543,1.078788497206082
3.152,158.2783819958151,157.02824359381682,0.8974010690840917,157.0498298199821,1.0622427083773007
3.153,156.06142556358202,153.97735352923937,0.8974010690840917,154.0140356781155,1.0081531815084785
3.154,152.71779490022004,151.89709405133155,0.8974010690840917,151.91815626744886,0.9635003664873896
3.155,148.35880957131556,149.9778615019889,0.8974010690840917,149.84665445053759,0.9573026084480605
3.156,143.12131160475298,144.60981880833742,0.8974010690840917,144.42159633566573,0.9949011658106686
3.157,137.1478681689378,137.79498207151877,0.8974010690840917,137.61521584882345,1.0135432615087046
3.158,130.5660670153478,131.42361729760597,0.8974010690840917,131.23265645694931,1.020013069098375
3.1590000000000003,123.51194613065906,124.77947106616143,0.8974010690840917,124.53664129382125,1.0446016082610932
3.16,116.1338869635928,116.68448600658076,0.8974010690840917,116.5245002858543,1.0377144142511725
3.161,108.59236656883044,110.58520422169848,0.8974010690840917,110.3317063025626,1.049394350258543
3.162,101.09577627432073,101.81167192615985,0.8974010690840917,101.62480974346686,1.0728434513434646
3.1630000000000003,93.89706582511948,94.67229779098412,0.8974010690840917,94.4823910473694,1.0749021306442106
3.164,87.29434989142234,87.46862283031614,0.8974010690840917,87.33274328399297,1.0893026056664017
3.165,81.61331163261598,81.168368965182,0.8974010690840917,81.13393519620384,1.0860462603478709
3.166,77.18894617680041,77.23400265801591,0.8974010690840917,77.21231804844199,1.1086939462377325
3.1670000000000003,74.36735530499723,73.74511431967984,0.8974010690840917,73.81464200891385,1.115962797805845
3.168,73.45069813679095,72.24189337139063,0.8974010690840917,72.48470619323454,1.1079678759298368
3.169,75.47680171792769,75.25681869793529,0.8974010690840917,75.53438768140886,1.0589380047995525
3.17,78.9911462053006,78.35949619756835,0.8974010690840917,78.69297987280386,1.0446946606366359
3.1710000000000003,83.78342779729212,82.89731805494475,0.8974010690840917,83.3006911227144,1.0448302488509582
3.172,89.66048896514617,89.06214229866879,0.8974010690840917,89.51826552114322,1.0381845633872806
3.173,96.41351038630276,96.3549851192239,0.8974010690840917,96.82817001818852,1.0440365772232112
3.174,103.87536232362191,104.25233828041976,0.8974010690840917,104.73963469670727,1.0491904186234577
3.1750000000000003,111.9076427177732,112.478741910517,0.8974010690840917,112.94954367181454,1.0376145518679207
3.176,120.3670029882626,120.06454448484055,0.8974010690840917,120.57197546399607,1.0375516980877193
3.177,129.07072308353443,128.2121096702404,0.8974010690840917,128.73073876623772,1.0587812409745883
3.178,137.87519251064936,136.47585317316614,0.8974010690840917,137.0280621715636,1.0894814068408858
3.1790000000000003,146.65916269659851,145.3342482681721,0.8974010690840917,145.8877044791322,1.1192406787846008
3.18,155.31224059738156,154.23836267870183,0.8974010690840917,154.77431469790977,1.1468723356874184
3.181,163.7131133003962,162.95355675512965,0.8974010690840917,163.46652589579134,1.1791931556477775
3.182,171.7250668739968,171.53514386583362,0.8974010690840917,172.03932902470677,1.2225023335142926
3.1830000000000003,179.19888943983372,180.21883874827188,0.8974010690840917,180.61519052065808,1.2318249574872437
3.184,185.98342240925177,186.59884869195508,0.8974010690840917,186.94140190208213,1.2182433444328975
3.185,191.92439664309077,191.85887002480985,0.8974010690840917,192.15523577676183,1.2349887479702688
3.186,196.83422813154735,195.87400874827145,0.8974010690840917,196.17446382446502,1.2040286177388415
3.1870000000000003,200.54657673018423,200.72445473332976,0.8974010690840917,200.88024113173256,1.1558437993128199
3.188,202.9112020343876,202.5074507988982,0.8974010690840917,202.65252465876648,1.0880236680409758
3.189,203.7830428476203,204.55998776160203,0.8974010690840917,204.54304848104843,1.1023164352362809
3.19,202.94192840969168,202.17553343462905,0.8974010690840917,202.1932020855918,1.1286953164284408
3.1910000000000003,200.13672537428323,200.8021252217796,0.8974010690840917,200.71100589825764,1.163279306025556
3.192,195.1637566499926,196.72292617321432,0.8974010690840917,196.5744046747684,1.1259453766168122
3.193,191.27660637108735,192.0041816498872,0.8974010690840917,191.82415246543547,1.1401736469553194
3.194,185.64283028173,186.50382461345532,0.8974010690840917,186.19639643568348,1.163113352047178
3.1950000000000003,178.45870784824183,177.7545290892164,0.8974010690840917,177.47281111017773,1.1646328991316717
3.196,169.92810646264866,170.0929184084849,0.8974010690840917,169.6794949678629,1.1705197272799932
3.197,160.26872005164063,158.8692619726344,0.8974010690840917,158.47317169817146,1.1803824339078466
3.198,149.7064540346415,147.97435158262613,0.8974010690840917,147.57446409470333,1.144006136211649
3.1990000000000003,138.46626070441084,137.175855952159,0.8974010690840917,136.73262895658044,1.1404869992450646
3.2,126.7620352142252,125.53891160201212,0.8974010690840917,125.11088163568087,1.1377710328622712
3.201,114.79664259221386,114.97996801546728,0.8974010690840917,114.51425796646885,1.1487286131498866
3.202,102.7643258051948,103.6430043745789,0.8974010690840917,103.13230095233334,1.2111177237379815
3.203,90.8541392974182,91.01581008387744,0.8974010690840917,90.51462270781221,1.2728052745902818
3.204,79.2538705855145,78.92438883045696,0.8974010690840917,78.50611093965144,1.2882606106631462
3.205,68.1539266607042,68.6116273598027,0.8974010690840917,68.17129693709856,1.332039021534416
3.206,57.75068012629147,57.429901240212224,0.8974010690840917,57.11063966939267,1.371665020029662
3.207,48.24879044237919,49.55321861569797,0.8974010690840917,49.18372887314797,1.4086575833427752
3.208,39.862039551547454,40.10460004078179,0.8974010690840917,39.84040858428003,1.4632339119577369
3.209,32.81225243874452,33.03338976501372,0.8974010690840917,32.90855454978856,1.4609108046177062
3.21,27.325918162455423,28.926367722206912,0.8974010690840917,28.797124601913218,1.475395085015515
3.211,23.628193842359263,24.2310041501981,0.8974010690840917,24.216866298706506,1.4905975782757188
3.212,21.934072526597102,21.80383831591561,0.8974010690840917,21.972842103535264,1.484514079530927
3.213,22.436635645980644,23.900602754810805,0.8974010690840917,24.055373207236926,1.4494111068036701
3.214,25.292500824991578,24.42932049842707,0.8974010690840917,24.75167347032157,1.432993383528789
3.215,30.604822533005176,28.77309811098376,0.8974010690840917,29.27547524925465,1.4217492084834236
3.216,38.40450821285067,37.28022342661296,0.8974010690840917,37.71446928527563,1.3549742149536994
3.217,43.3182062891016,42.97190737239672,0.8974010690840917,43.46519970299729,1.2874801972257681
3.218,49.37728678938712,49.61477309256143,0.8974010690840917,50.136025135241745,1.255278113144223
3.219,56.300929967079085,57.009164715411615,0.8974010690840917,57.51861782225014,1.1963664783508996
3.22,63.83229862820706,63.27033923978157,0.8974010690840917,63.86052252449172,1.1539408322260583
3.221,71.74543241086417,70.89771043754546,0.8974010690840917,71.50794391289311,1.1263863557581457
3.222,79.84855580768668,78.52009115183289,0.8974010690840917,79.17961706530347,1.1045248446802118
3.223,87.9844066357363,87.1345395247771,0.8974010690840917,87.82388573113921,1.10223287544607
3.224,96.02822136426433,96.65321660279636,0.8974010690840917,97.25531244258393,1.0579318737634815
3.225,103.88399557613738,103.44637885253786,0.8974010690840917,104.06936481794551,1.0226462910123078
3.226,111.47958927146986,110.66979056337668,0.8974010690840917,111.32264586953576,1.0330707424176153
3.227,118.76118221789534,118.35827931117896,0.8974010690840917,118.96966728390598,1.0294970219013593
3.228,125.68751530285058,124.62343702084328,0.8974010690840917,125.25264332603744,1.0311858234300562
3.229,132.2242877258635,131.54037120094236,0.8974010690840917,132.14863795259404,1.0495365216222425
3.23,138.3390216719132,137.94951002228223,0.8974010690840917,138.5052430289863,1.0508952091115127
3.231,143.9966578844806,143.0715451106285,0.8974010690840917,143.70819096392606,1.0813127518857895
3.232,149.15610702949365,150.86665794311557,0.8974010690840917,151.37310524576725,1.104685651537689
3.233,153.7679507006307,155.48714976750782,0.8974010690840917,155.92356813403376,1.0875225482078092
3.234,157.77345861581637,158.40171747558642,0.8974010690840917,158.82509439618485,1.0897589419030462
3.235,161.10506009353878,161.3907916172841,0.8974010690840917,161.78655815089397,1.1018435705469247
3.236,163.68837262538705,163.84322550167957,0.8974010690840917,164.177553932459,1.1028262924946983
3.237,165.44584233436146,165.11896194417025,0.8974010690840917,165.44841170915726,1.1041996503145526
3.238,166.30198464521533,166.5885646726503,0.8974010690840917,166.83411856915697,1.1028597619793106
3.239,166.19012385729275,166.24999988226566,0.8974010690840917,166.48825427659835,1.0967831541767357
3.24,165.06041454992877,166.02574552596496,0.8974010690840917,166.23933285738138,1.0866494245681764
3.241,165.1387264579201,165.8252820004454,0.8974010690840917,165.99224958092557,1.0812073771329305
3.242,164.61996132400503,164.68204204326346,0.8974010690840917,164.8843354582863,1.0765289018898008
3.243,163.70954868080256,164.43174165128084,0.8974010690840917,164.5705286355449,1.0741414143576704
3.244,162.5960712130618,162.92064662853792,0.8974010690840917,163.06773109718694,1.0791248337064103
3.245,161.4349534098784,161.895601599104,0.8974010690840917,161.98834145739892,1.0880866786456957
3.246,160.3469485518366,159.82092751439032,0.8974010690840917,159.9760217284386,1.11211847118907
3.247,159.3929663582458,159.83523073846337,0.8974010690840917,159.93915574058647,1.16790154336147
3.248,158.58397938290273,158.4069206013303,0.8974010690840917,158.53016813315475,1.2106021603214694
3.249,157.8981036560525,157.6047002566371,0.8974010690840917,157.70598795087332,1.216918738587624
3.25,157.31087825189763,156.92498563669608,0.8974010690840917,157.03307801791019,1.2027912965873777
3.251,156.8006562386846,156.90940755364434,0.8974010690840917,156.9678584261078,1.1538588907814433
3.252,156.3472610093389,156.22062762261146,0.8974010690840917,156.3492188987921,1.0958116710399082
3.253,155.91129441680602,158.24120871330126,0.8974010690840917,158.2164391406672,1.076635672297285
3.254,155.40297589309034,156.28855021963886,0.8974010690840917,156.2996765755653,1.0300057463260333
3.255,154.71950520443988,155.96905038592573,0.8974010690840917,155.92536060397046,1.030488385422111
3.256,153.70116115009358,153.9473441206608,0.8974010690840917,153.88724987143956,1.005651865590243
3.257,152.18904387042667,151.87119151862134,0.8974010690840917,151.75357700453787,0.9938051686894822
3.258,150.02482452228216,148.15665747100638,0.8974010690840917,148.10576005246367,0.976883678650196
3.259,147.04944678895282,146.1910802256039,0.8974010690840917,146.10110758033073,0.9668519050633083
3.26,143.11569836333442,143.14388433519974,0.8974010690840917,142.95493629086482,0.9778752632444846
3.261,138.10586243222633,137.8357468640879,0.8974010690840917,137.62724121847995,0.9924094143827767
3.262,131.94828975836123,132.03376191862006,0.8974010690840917,131.75627622211502,1.0086432759919268
3.263,124.63415485305924,124.71122791625504,0.8974010690840917,124.40464997138737,1.0358030689286408
3.264,116.24603747192788,116.8630156828399,0.8974010690840917,116.52216950166489,1.0706948280570994
3.265,109.2934516053664,107.79636303382972,0.8974010690840917,107.61017718369882,1.076482375495377
3.266,102.8030996507106,103.42644986273628,0.8974010690840917,103.17138227010814,1.1051417032039887
3.267,96.8909301782912,97.17832147709252,0.8974010690840917,96.9844237771131,1.2018499407613
3.268,91.64499178633147,92.72138295360207,0.8974010690840917,92.54050976058058,1.2542635278380758
3.269,87.09133249072792,88.08804495820075,0.8974010690840917,87.9165383400454,1.3336505347853154
3.27,83.23066266257894,83.46285049475505,0.8974010690840917,83.36637225803953,1.3318906357447713
3.271,79.99227357628298,80.28591170297648,0.8974010690840917,80.25132725730614,1.3000293015212576
3.272,77.2669223213644,78.11682136537914,0.8974010690840917,78.0909947691054,1.2706438463429193
3.273,74.94851216619168,75.48785079682092,0.8974010690840917,75.44632732738832,1.2319231071485184
3.274,72.92508433991577,71.56628724587245,0.8974010690840917,71.70752483726858,1.1755581053223367
3.275,71.09086716435252,71.88282128233355,0.8974010690840917,71.93816052289893,1.1358843309711242
3.276,69.38146534934586,69.56874997279495,0.8974010690840917,69.71374337388873,1.1071466051631336
3.277,67.76265736827715,69.04750237935069,0.8974010690840917,69.13958865186054,1.0929671693630443
3.278,66.24949742877243,66.63561574067913,0.8974010690840917,66.74417002649936,1.1125187355115271
3.279,64.90368960360917,64.8282212451097,0.8974010690840917,64.99885442901648,1.1304452425560745
3.28,63.83594054258285,64.39817378302891,0.8974010690840917,64.60137069263754,1.1795672184405217
3.281,63.21858333887837,64.59577524103533,0.8974010690840917,64.77529797019577,1.2447932392761747
3.282,63.26069845721094,63.56261398530067,0.8974010690840917,63.83581060502555,1.3262615517500949
3.283,64.18254939603173,64.88956683964108,0.8974010690840917,65.22579066158029,1.4014164142674816
3.2840000000000003,66.20479209918935,67.87624837497026,0.8974010690840917,68.22405094357919,1.451683906171013
3.285,69.52137386188696,70.93074175597606,0.8974010690840917,71.3610999113955,1.3908064670168805
3.286,74.21910242658439,75.47679525416942,0.8974010690840917,75.9715786626254,1.3056224661714895
3.287,80.30525873631288,81.03357981830274,0.8974010690840917,81.62805887266441,1.2124367824951425
3.2880000000000003,87.72007737855296,88.65295843442661,0.8974010690840917,89.29677303218561,1.1378094244521608
3.289,95.96547051369882,96.63494849562424,0.8974010690840917,97.3431247130828,1.0923791294872618
3.29,104.89038703384752,106.02232374258884,0.8974010690840917,106.75595750558367,1.0896988654507893
3.291,114.1621375539568,115.731729035459,0.8974010690840917,116.42621064532709,1.0900144140780934
3.2920000000000003,123.49335443734708,123.95984599607996,0.8974010690840917,124.67935266552512,1.0947609815301385
3.293,132.68072100950707,132.96251629366998,0.8974010690840917,133.66341442001445,1.1202974819593208
3.294,141.5465669915948,141.66929980375494,0.8974010690840917,142.3448028091226,1.132669771599415
3.295,149.9287625628679,149.6916819977752,0.8974010690840917,150.36463904447996,1.1540563574996163
3.2960000000000003,157.67504555829635,157.84330389341685,0.8974010690840917,158.472060436339,1.182810473780484
3.297,164.64086275081075,164.94648900839533,0.8974010690840917,165.5217244563026,1.2085021620689966
3.298,170.68584880651184,170.72145050771252,0.8974010690840917,171.23378144157525,1.2518214184757197
3.299,175.66747338726367,175.12965859116514,0.8974010690840917,175.6252608207275,1.327892418746539
3.3000000000000003,179.44849866358356,179.45066536411753,0.8974010690840917,179.8603451596452,1.4156189271478672
3.301,181.91112959148865,182.07995993308785,0.8974010690840917,182.4105334218012,1.4223335971756967
3.302,183.0354890248114,183.0161358286285,0.8974010690840917,183.29761533747657,1.4707617040243819
3.303,182.81968306726387,183.18920769681893,0.8974010690840917,183.39312811892154,1.5415955712945622
3.3040000000000003,181.266189002809,181.88674292245645,0.8974010690840917,181.96169656993504,1.5482771897588068
3.305,178.47958520043753,177.6549755643894,0.8974010690840917,177.69702297607498,1.4283281433143773
3.306,174.68598859024414,173.58884455246456,0.8974010690840917,173.61930746955866,1.2956861288848587
3.307,170.1522723178544,170.19434093950875,0.8974010690840917,170.1369551373736,1.184630083686097
3.3080000000000003,165.16334446016674,165.56353515278667,0.8974010690840917,165.47510165970147,1.0902393878543082
3.309,160.0049574070136,161.2026788118325,0.8974010690840917,161.0913667599824,1.045394586207961
3.31,154.90172609765372,156.6906984320952,0.8974010690840917,156.48478011376457,1.0211680417498386
3.311,150.03827803313516,150.29976361985248,0.8974010690840917,150.1499763708138,1.0165226478213916
3.3120000000000003,145.50880015029543,145.64171532581332,0.8974010690840917,145.62930339317404,0.9670747755155935
3.313,144.59639868575147,144.99038974411215,0.8974010690840917,144.94557669698185,0.9553471670636832
3.314,143.31400319483933,143.36759468158186,0.8974010690840917,143.30613175036274,0.955997799008725
3.315,141.51267043900717,141.14502298274132,0.8974010690840917,141.10908388165188,0.9557385091974193
3.3160000000000003,139.06506101231273,139.4054166041833,0.8974010690840917,139.29453982628567,0.9590538727895623
3.317,135.90324401288532,135.60253342762206,0.8974010690840917,135.49553086887164,0.9627166078069278
3.318,132.0336624397874,131.91124557237447,0.8974010690840917,131.7564719568239,0.9725641401252202
3.319,127.50029250714904,126.64307736099548,0.8974010690840917,126.5076775203679,0.9717463412065472
3.3200000000000003,122.46020907846108,122.3267873240589,0.8974010690840917,122.1555684642272,0.9864607127707652
3.321,117.17226740533596,117.70270554927312,0.8974010690840917,117.5050625232389,1.0394742908474497
3.322,111.92804946635869,112.17571590286866,0.8974010690840917,112.016757855591,1.09268120700244
3.323,107.02868840045318,108.2370305996842,0.8974010690840917,108.04245178922311,1.1352026116329346
3.3240000000000003,102.75738396258608,103.0955631881675,0.8974010690840917,103.00213782930122,1.105571433861666
3.325,99.30196706807313,100.19661998338648,0.8974010690840917,100.1059336838906,1.0578937739578482
3.326,96.81449734491054,96.6124940786218,0.8974010690840917,96.64195236862255,1.0162657990586574
3.327,95.41436634698242,95.86903816136515,0.8974010690840917,95.9294580305788,0.9888227590260986
3.3280000000000003,95.21079461259572,95.38037051274787,0.8974010690840917,95.55219975968164,0.9830394144492941
3.329,96.28626995330973,97.701679980424,0.8974010690840917,97.82602191089536,0.980374463426455
3.33,98.6721633660602,98.86015069573956,0.8974010690840917,99.05159587779808,0.9745389911631042
3.331,102.33318463490448,101.59291064910238,0.8974010690840917,101.89313065070115,0.9865386210589738
3.332,107.16491440536744,107.10873180858026,0.8974010690840917,107.45484456549914,1.0038550950296845
3.333,112.99404263189564,113.58919426802451,0.8974010690840917,113.96651625880703,1.0074085011270644
3.334,119.58173747635496,120.45351080799848,0.8974010690840917,120.78433939135125,0.9913536658474664
3.335,126.6299286303785,125.73993427612442,0.8974010690840917,126.14910913590771,0.9951243010165653
3.336,133.79060203813626,132.7008533050898,0.8974010690840917,133.07346305892247,1.0096075782732068
3.337,139.2696732194723,138.4765070711445,0.8974010690840917,138.82210742083265,1.0032760778817755
3.338,144.06373918826262,143.59173843057852,0.8974010690840917,143.8901532403064,1.0010866282030944
3.339,148.02322937555456,147.39653701319983,0.8974010690840917,147.67286766830682,1.00094461034779
3.34,151.02945141296516,150.62678656955038,0.8974010690840917,150.84143118369087,1.0086651392600436
3.341,152.97895583118796,151.99540010815707,0.8974010690840917,152.23207388703057,1.0294189295552432
3.342,153.77221135080865,154.2606724290999,0.8974010690840917,154.39879577539187,1.076054278596171
3.343,153.31094190784785,153.79629495760994,0.8974010690840917,153.8533050275905,1.1020222978065148
3.344,151.53225390796072,151.45315741061216,0.8974010690840917,151.46847159160248,1.1072379431439807
3.345,148.4249747478965,148.22273953608607,0.8974010690840917,148.15263558491466,1.0731444173337805
3.346,144.05052037245932,143.07431891849336,0.8974010690840917,142.98987589830017,1.03132428218926
3.347,138.5160961585783,138.02484913205262,0.8974010690840917,137.91442645102583,0.9930390217112804
3.348,131.96962605540995,132.4657239931747,0.8974010690840917,132.23440051541024,1.009043531693031
3.349,124.58188121916952,124.46292277151872,0.8974010690840917,124.2515065343155,1.0421713389127827
3.35,116.5282589483592,117.57285449051868,0.8974010690840917,117.27655319041111,1.0854374041400612
3.351,107.98709257436556,108.12990256519676,0.8974010690840917,107.86385422580057,1.1374899133931082
3.352,99.13581068368966,99.3264048100297,0.8974010690840917,99.09062576932392,1.1449044865739648
3.353,90.1697488042458,90.94907912582542,0.8974010690840917,90.66589650140779,1.1733857643393744
3.354,81.30546399937845,81.13724303070236,0.8974010690840917,80.90089378461329,1.2003474793900835
3.355,72.79399464310593,72.70873547664834,0.8974010690840917,72.50723834631847,1.2011915686488006
3.356,64.9285359122369,65.03388266193905,0.8974010690840917,64.89336662334138,1.2171034649799946
3.357,58.04467820726404,58.464493768741626,0.8974010690840917,58.337750272240534,1.2621184771728353
3.358,52.51351763231752,52.02908414413633,0.8974010690840917,51.98929707864169,1.337538711325451
3.359,48.737980755455695,47.26176028884049,0.8974010690840917,47.34318043653213,1.4254812956443417
3.36,47.114225564009786,45.55023776799452,0.8974010690840917,45.67209644066874,1.5115491128171776
3.361,45.15922817619595,44.59931995909536,0.8974010690840917,44.78951410860364,1.6033801087370945
3.362,44.79112133362449,45.244686652216174,0.8974010690840917,45.46938766489677,1.6751700376466852
3.363,46.0081136547617,46.36960117858046,0.8974010690840917,46.65160055472784,1.6419306783077119
3.364,48.73094110121187,48.1004504705067,0.8974010690840917,48.4975043741279,1.5406137714534731
3.365,52.82333295228109,51.98832779838975,0.8974010690840917,52.526991699593054,1.4235167982615955
3.366,58.13827111786866,58.67663447513357,0.8974010690840917,59.26560232546732,1.312735922720185
3.367,64.54503668190492,66.14776156300843,0.8974010690840917,66.722187082794,1.1874440894618363
3.368,71.93056009782316,72.46960778048374,0.8974010690840917,73.14647913861127,1.1112951759718162
3.369,80.20694560913535,80.97460574248102,0.8974010690840917,81.67880680339485,1.0941650008039747
3.37,89.34302309727083,89.43424036165477,0.8974010690840917,90.1771715171002,1.0888681523858774
3.371,99.33213116646355,99.09588465106492,0.8974010690840917,99.8930754705899,1.1130817664300907
3.372,110.1775650944665,109.81075858656094,0.8974010690840917,110.64916812418102,1.1491809659459706
3.373,121.86249089766964,121.80019507130744,0.8974010690840917,122.65413060300007,1.1909906375890493
3.374,134.33244198676329,134.19046229772843,0.8974010690840917,135.0608950530848,1.236886073700817
3.375,147.48913643297502,147.19765097889132,0.8974010690840917,148.12959465864722,1.3232977856820558
3.376,161.18139733933214,161.7847071029672,0.8974010690840917,162.6469708986434,1.3852827107579535
3.377,175.1952400667014,174.55648211492226,0.8974010690840917,175.4645559264048,1.4509441296293333
3.378,189.246047192878,188.580096337034,0.8974010690840917,189.47307795926207,1.5555300659032443
3.379,202.97380612760148,202.59437670187057,0.8974010690840917,203.38520169904822,1.615914758710767
3.38,215.94248549859333,213.8758820647103,0.8974010690840917,214.70607221345213,1.6836952956176194
3.381,227.64468698668497,227.02523808711425,0.8974010690840917,227.7393328387548,1.770094969444001
3.382,237.51270102472955,238.04121419629791,0.8974010690840917,238.57974126489623,1.7885207848792875
3.383,244.9369852967962,244.99109789308048,0.8974010690840917,245.42969081666172,1.7945520256902738
3.384,249.2928397792791,250.00452001409295,0.8974010690840917,250.2324172749118,1.7927473293092164
3.385,249.42499065767808,250.1620429539579,0.8974010690840917,250.2424067510631,1.7626555076062493
3.386,246.7773034013512,247.50316274601644,0.8974010690840917,247.47133111732032,1.7580250990756618
3.387,241.64475151957447,242.26996765046871,0.8974010690840917,242.14789683823145,1.7484397867428145
3.388,234.318428279508,235.70762881927195,0.8974010690840917,235.3962863702634,1.7643242973429833
3.389,225.0809964262016,224.6239607611635,0.8974010690840917,224.32764000094645,1.7231162941699019
3.39,214.20900322483536,214.8211170060046,0.8974010690840917,214.39401771741274,1.6239670224398581
3.391,201.99297972324536,202.7643005365321,0.8974010690840917,202.25129948690054,1.520410672521249
3.392,188.73216804853064,189.56056464799408,0.8974010690840917,188.94297867830414,1.4485155118413002
3.393,174.70059949931462,174.0245910714542,0.8974010690840917,173.45226336959226,1.3327840894060001
3.394,160.1561169073073,160.6940735771442,0.8974010690840917,160.07763537085256,1.2436240890901822
3.395,145.33172057479922,146.78428968252612,0.8974010690840917,146.08298840119912,1.2793713632667831
3.396,130.42489784208914,130.98124033532164,0.8974010690840917,130.30490016926316,1.314281449820858
3.397,115.5698471750013,116.18281156442168,0.8974010690840917,115.50301159555364,1.329010186532771
3.398,100.88312784709656,101.25610483499835,0.8974010690840917,100.5794063836653,1.374085865258444
3.399,86.48253582043853,86.20788496539788,0.8974010690840917,85.6303441089644,1.38082936620736
3.4,72.49907873832002,73.82866103416563,0.8974010690840917,73.1774456564853,1.4260766518158725
3.401,59.0913882926968,59.07883250220555,0.8974010690840917,58.498993718152306,1.5134591796766022
3.402,46.45600428467333,45.87476550592597,0.8974010690840917,45.39557783541146,1.5402523654753166
3.403,34.83032927763416,34.643826875492806,0.8974010690840917,34.224269578304884,1.583123835810057
3.404,24.48588127867147,24.55958810622401,0.8974010690840917,24.18234341642439,1.6474517470853363
3.405,15.723878077207829,15.066949812659216,0.8974010690840917,14.829706490395633,1.6711571490477932
3.406,8.847341353276036,8.586819132407502,0.8974010690840917,8.444062784941442,1.6766927241960872
3.407,4.1596082793469975,4.11256522073361,0.8974010690840917,4.087173256495456,1.6268987052892037
3.408,1.9230936465914252,1.95511502968861,0.8974010690840917,1.988057262192687,1.5395240917129815
3.4090000000000003,0.0,0.0945464873135115,0.8974010690840917,0.22692251341152989,1.4836142116502442
3.41,0.0,0.1455515931734332,0.8974010690840917,0.2631274409968356,1.4378034616410889
3.411,0.0,-1.2474733148036528,0.8974010690840917,-0.9858384315441192,1.4207782710443155
3.412,0.0,0.7462919951876543,0.8974010690840917,0.9640556816600044,1.392275858395338
3.4130000000000003,0.1616563823023113,0.497105754445613,0.8974010690840917,0.9257317830506918,1.391898138477009
3.414,5.954925628212536,5.6490277794379935,0.8974010690840917,6.156061398495208,1.3937205129569152
3.415,13.441467724057077,12.149908749765086,0.8974010690840917,12.810692346373719,1.42652491620392
3.416,22.472119076001192,22.194141918556085,0.8974010690840917,22.8451515998727,1.4223381163718456
3.4170000000000003,32.90829139898874,31.2346129586044,0.8974010690840917,32.09469903561922,1.4383592815975674
3.418,44.60137783262584,45.515983391474194,0.8974010690840917,46.320296163622146,1.4165036832685978
3.419,57.37922291200864,58.20361704881675,0.8974010690840917,59.02028136403353,1.3090802586832209
3.42,71.04896271190381,70.39988430972623,0.8974010690840917,71.3408414938838,1.291248959039156
3.4210000000000003,85.40783588927502,85.37253339326138,0.8974010690840917,86.32378105769979,1.2904520182203514
3.422,100.2388098671989,99.86150317249404,0.8974010690840917,100.84411567404696,1.278030968361533
3.423,115.30450027697012,115.06376121112255,0.8974010690840917,116.0681810974586,1.3059715494990827
3.424,130.34187149324558,130.64091795305723,0.8974010690840917,131.58541512316404,1.3092998267786973
3.4250000000000003,145.05847108444902,144.43791313744896,0.8974010690840917,145.44188541575753,1.3542297336767648
3.426,159.13095271491505,159.9066007930462,0.8974010690840917,160.7770490687976,1.3888104720232846
3.427,172.20571664572722,171.71454000642663,0.8974010690840917,172.60278925490692,1.4193316402256746
3.428,183.89259638491475,184.10352376170607,0.8974010690840917,184.89419143739184,1.5005031404368427
3.4290000000000003,193.77009227171067,194.13905062845245,0.8974010690840917,194.8067299335838,1.5350056087511064
3.43,201.42251455451907,201.338464105004,0.8974010690840917,201.9346993340596,1.5629617528162307
3.431,206.46988958131408,207.32601156932856,0.8974010690840917,207.78755918153163,1.5336591929425756
3.432,208.6191465181521,210.6272478786186,0.8974010690840917,210.96388505773263,1.4681758343449927
3.4330000000000003,209.8660683170654,211.093149802868,0.8974010690840917,211.31054348488487,1.3927861521135756
3.434,209.238063833148,209.01483547716904,0.8974010690840917,209.21439626442543,1.3293282557321875
3.435,207.10771978050164,207.2638929533659,0.8974010690840917,207.3942809467887,1.2466501675341137
3.436,203.86730557490247,204.43926755258465,0.8974010690840917,204.49032401355385,1.2181419014210924
3.4370000000000003,199.8634149208928,200.02719742598265,0.8974010690840917,200.0553805762993,1.226795876172315
3.438,195.3618001619517,195.5772543756088,0.8974010690840917,195.54662758480177,1.2136561199276596
3.439,190.59497716069671,190.018149113164,0.8974010690840917,190.03042809580288,1.1997630337961935
3.44,185.7412228998667,186.16486152314604,0.8974010690840917,186.14233025095766,1.1890503247890176
3.4410000000000003,180.92937378858127,181.8246444035286,0.8974010690840917,181.73139370303764,1.1715800271023815
3.442,176.25138520701682,176.47691740052872,0.8974010690840917,176.40520886858238,1.1432907615415009
3.443,171.75904731491917,172.0096018084666,0.8974010690840917,171.91664356564797,1.1093099636943362
3.444,167.4636257305261,167.290925130389,0.8974010690840917,167.24867002610011,1.0723625451366579
3.4450000000000003,163.3339070435522,164.3024639368825,0.8974010690840917,164.14530269363627,1.0492537983700665
3.446,159.3090559628293,159.01277502983456,0.8974010690840917,158.91502982765877,1.0258296104089732
3.447,155.30231905236755,155.4644255663298,0.8974010690840917,155.3049661454049,1.0143251408308118
3.448,151.19162769251386,150.24219979276378,0.8974010690840917,150.13319065131904,1.016305064285909
3.4490000000000003,146.81722739617956,146.14484174094795,0.8974010690840917,145.964547191476,1.0107348796110556
3.45,142.03900121049026,140.14728823925347,0.8974010690840917,140.04275520705627,0.9989792311782657
3.451,136.72078929901488,136.72389142574423,0.8974010690840917,136.48718382039152,0.9965201701190081
3.452,130.7786877024733,129.7946668440699,0.8974010690840917,129.59135566010917,1.012941942614584
3.4530000000000003,124.15402129052116,124.01181202943935,0.8974010690840917,123.72889590781664,1.0175458726840372
3.454,116.85537883251948,115.98111242585652,0.8974010690840917,115.68820209484656,1.0495475457661203
3.455,108.939243901992,107.35010529932524,0.8974010690840917,107.0942348791011,1.0471230897178827
3.456,100.5781435624962,99.99130810456158,0.8974010690840917,99.89200225967969,1.0042803569754666
3.457,97.28091118094748,97.26936581472506,0.8974010690840917,97.1820690933503,0.9971593846508399
3.458,95.30569189620638,95.15753836974216,0.8974010690840917,95.11938365554141,1.0128484974027867
3.459,94.55382235431918,94.84591658553072,0.8974010690840917,94.81813809045602,1.0119458814648647
3.46,94.85931925616224,94.64992595921176,0.8974010690840917,94.7046262989438,1.0076544445429325
3.461,96.01573255413692,96.2200899616246,0.8974010690840917,96.29986595335494,0.9981924359603178
3.462,97.79378713052884,97.8495718184816,0.8974010690840917,97.98173124789989,0.9991101117765012
3.463,99.95400433141788,101.15151844875624,0.8974010690840917,101.18502868100478,0.9834354952475479
3.464,102.26211214418772,101.43470689826395,0.8974010690840917,101.64342285217468,0.9903238673469679
3.465,104.50475105011712,106.23195985299895,0.8974010690840917,106.31482281445552,0.9958139067425256
3.466,106.50682775542928,107.40464932552516,0.8974010690840917,107.532337018196,1.013429333303138
3.467,108.13947786692114,109.8233177756442,0.8974010690840917,109.86420468168886,1.046490329211237
3.468,109.3128719536666,109.7748600785053,0.8974010690840917,109.85838723654655,1.0756911792472663
3.469,109.94286702829744,110.6833610499801,0.8974010690840917,110.77718870435667,1.0973944683549886
3.47,109.95920468733466,111.55659112337882,0.8974010690840917,111.56938232158389,1.060443922140573
3.471,109.27171222783976,108.86638919908071,0.8974010690840917,108.9382329676356,1.0728156440317211
3.472,107.83518113322896,107.4212902896916,0.8974010690840917,107.50328952006548,1.0478017227680205
3.473,105.63496337597,105.88137191146932,0.8974010690840917,105.91575350116271,1.0263575450895812
3.474,102.68874827896929,102.51419458550592,0.8974010690840917,102.5329815281659,1.027727798847792
3.475,99.07070624310376,98.43718170391004,0.8974010690840917,98.47822908249745,1.0196129170697594
3.476,94.90943545282305,94.46733376516258,0.8974010690840917,94.53730084129464,1.0065843831709982
3.477,90.39071352321191,90.91728403393704,0.8974010690840917,90.93379578121835,1.0132858128874636
3.478,85.76775262843434,86.04759728272067,0.8974010690840917,86.0727392769877,1.0361870358825003
3.479,81.3610811621025,81.10393599846502,0.8974010690840917,81.20694621334239,1.0415188218143303
3.48,77.53794450847634,78.09568703178492,0.8974010690840917,78.37851742258235,1.0385952676596044
3.481,79.45272546454521,80.4162584429438,0.8974010690840917,80.68842063495383,1.0541523053949544
3.482,82.28311104719353,82.3625651573103,0.8974010690840917,82.77541776087875,1.0815058874179357
3.483,85.92219084299356,88.2812414252258,0.8974010690840917,88.56117494602427,1.0779993187744044
3.484,90.26482051359255,90.47666506661936,0.8974010690840917,90.93122456986205,1.0600500899746839
3.485,95.17563004328711,96.9323436428844,0.8974010690840917,97.35540826032805,1.0365410033999818
3.486,100.4922077182089,102.1452146742553,0.8974010690840917,102.60433587004728,0.9956650244224995
3.487,106.04423750538145,107.97447139063406,0.8974010690840917,108.3917002624135,0.9766095336166621
3.488,111.66767726662032,112.51602068917929,0.8974010690840917,112.96157765541336,0.9802717109149311
3.489,117.22532904946236,117.60104979055008,0.8974010690840917,118.05818169357647,1.0010281628454467
3.49,122.62550170926124,122.70389245815927,0.8974010690840917,123.14321446644846,1.016379893263787
3.491,127.79693947289408,126.72232977332804,0.8974010690840917,127.23500242240384,1.027814814509758
3.492,132.7040252099082,133.24752534324068,0.8974010690840917,133.68175256782055,1.0371004701816289
3.493,137.3295564256394,137.93712462721305,0.8974010690840917,138.34503611810914,1.0178814465030368
3.494,141.65261300177008,142.31020902580204,0.8974010690840917,142.7002037698008,1.01461306658223
3.495,145.64164950149967,146.14518636586465,0.8974010690840917,146.5051521457146,1.015141152835634
3.496,149.24139022890162,149.56388200265434,0.8974010690840917,149.91404557992524,1.0246271927651216
3.497,152.38176262487002,152.92123406653192,0.8974010690840917,153.19652033272686,1.0285488092767914
3.498,154.9875774360964,154.2622817748098,0.8974010690840917,154.58248695671764,1.0430815152343722
3.499,156.9611319400968,157.20470634617908,0.8974010690840917,157.45596421416494,1.1090998731198192
3.5,158.16516865065347,157.60199823892944,0.8974010690840917,157.8625843040509,1.1699363274730497
3.501,158.45524866395976,158.60871877661697,0.8974010690840917,158.78777365164228,1.2291429534196234
3.502,157.71422035488592,158.1416077583531,0.8974010690840917,158.23504237660612,1.244863198818522
3.503,155.89733851200543,155.7359916217092,0.8974010690840917,155.79386071167986,1.2403765386446062
3.504,153.01685359400568,152.93840296413472,0.8974010690840917,153.09615362315984,1.1694452112712308
3.505,153.2955273105186,153.55310918346188,0.8974010690840917,153.6590338390538,1.0938503214578867
3.506,152.91849452096437,153.83138979977605,0.8974010690840917,153.8567954186348,1.0331831802327278
3.507,152.02507635820382,152.52814022874722,0.8974010690840917,152.53600371606248,0.9846014652124105
3.508,150.76030192633232,151.05299242375315,0.8974010690840917,151.05191277045782,0.9507166935887756
3.509,149.26246023506314,149.54290153424978,0.8974010690840917,149.51063080708064,0.9463251949271477
3.51,147.60774510800928,147.3965780455145,0.8974010690840917,147.41103405742797,0.9488134259074106
3.511,145.8212884250038,146.34925191280155,0.8974010690840917,146.3262250982285,0.9511773766691405
3.512,143.92390006690155,144.52192169931888,0.8974010690840917,144.4517328850842,0.964247852461575
3.513,141.93458728471234,141.06790385582747,0.8974010690840917,141.05410797819036,0.9620945272950091
3.514,139.88613344081486,138.77691029900708,0.8974010690840917,138.77288598075958,0.950492080594178
3.515,137.81734720501552,136.8548709340768,0.8974010690840917,136.89176410927473,0.9412489004096031
3.516,135.76438088167097,136.40960257373874,0.8974010690840917,136.36815935403604,0.9414165223210039
3.517,133.76108839123415,133.96217507429574,0.8974010690840917,133.9369915533193,0.9431225001020481
3.518,131.83960812667786,132.0036068859562,0.8974010690840917,131.95647215637777,0.9405578356032412
3.519,130.0308298478048,129.74479730619265,0.8974010690840917,129.7490738889241,0.935017001539578
3.52,128.36634634612312,129.18148403952097,0.8974010690840917,129.14016239204588,0.9336935117077428
3.521,126.90427512964504,127.51607477035895,0.8974010690840917,127.50294749166916,0.9441416504157141
3.522,125.74177509561022,126.72418665623329,0.8974010690840917,126.69323698339358,0.970901868310397
3.523,124.9822127594734,125.7097776267518,0.8974010690840917,125.69874356243135,1.011675011980309
3.524,124.72072880600112,125.1997116097219,0.8974010690840917,125.23164638749323,1.056825732199451
3.525,125.0359189229767,125.39713252474743,0.8974010690840917,125.48412842761982,1.0452582107214852
3.526,125.91145901277058,126.38899958331992,0.8974010690840917,126.51131225465029,1.0039433728333735
3.527,127.24596360331354,128.12667054627104,0.8974010690840917,128.212329322622,0.9683829912145863
3.528,128.91727061658662,128.73824381645494,0.8974010690840917,128.93881473211582,0.9428436447162517
3.529,131.3163975042335,131.86459963515745,0.8974010690840917,132.0326223519992,0.9378698839029801
3.53,133.72667073668558,133.44012254196636,0.8974010690840917,133.6475027355967,0.9430438344978229
3.531,135.9978381959263,135.94303396182616,0.8974010690840917,136.11330035183494,0.9557682058924365
3.532,137.99920162637983,137.25267246714918,0.8974010690840917,137.42029362649498,0.9583197804140129
3.533,139.62407768773923,138.39052430242126,0.8974010690840917,138.56365901705553,0.9591937484436737
3.5340000000000003,140.78518192337083,139.3755066923637,0.8974010690840917,139.56251245782414,0.9548849209688621
3.535,141.40768758920345,140.94249957773005,0.8974010690840917,141.07824065615708,0.9538057120241774
3.536,141.409730539869,141.5740042941728,0.8974010690840917,141.62420402780975,0.9536867164881524
3.537,140.7083813717104,139.77331489745487,0.8974010690840917,139.83002078052604,0.9514529097900111
3.5380000000000003,139.22893262750674,138.50569399811505,0.8974010690840917,138.5143756412016,0.9547408669568096
3.539,136.899480815835,135.70400945720618,0.8974010690840917,135.73839961741342,0.9625202833989042
3.54,133.64441399440292,133.37005299962965,0.8974010690840917,133.3291391062422,0.9735842656427418
3.541,129.40432219956142,129.16320831480985,0.8974010690840917,129.114226798049,0.976059912415172
3.5420000000000003,124.17279676292438,125.08299179765392,0.8974010690840917,124.91443382621577,0.986773346947463
3.543,118.01805823760772,117.98038451727376,0.8974010690840917,117.82162133027511,1.0100601042488415
3.544,111.07589122857436,111.67284727546212,0.8974010690840917,111.42738665581804,1.049320093141212
3.545,103.51267057117656,102.8514788792432,0.8974010690840917,102.67379308511754,1.109749755468042
3.5460000000000003,95.54242970717472,96.26232155387272,0.8974010690840917,95.98933965661837,1.1875824307685572
3.547,87.43107656507227,87.16971409291543,0.8974010690840917,86.9751217318107,1.2367988122005127
3.548,79.42706241710177,80.00727779211394,0.8974010690840917,79.75771993508883,1.2676308698781285
3.549,71.7950016550426,70.69820144369298,0.8974010690840917,70.59374026791181,1.2705546583685108
3.5500000000000003,64.81299503930154,65.13091411573657,0.8974010690840917,65.01512574947117,1.243819240628818
3.551,58.78460921091313,58.622298574056096,0.8974010690840917,58.59464920889634,1.244359542147324
3.552,54.03260559565753,54.21374055524574,0.8974010690840917,54.20872648278153,1.2339281993660811
3.553,49.32108891611591,49.88064259858622,0.8974010690840917,49.91830382039264,1.2447437809328197
3.5540000000000003,45.4426238058108,46.21290890114998,0.8974010690840917,46.314280309862816,1.2607277034006035
3.555,42.37955984615032,44.40222319124187,0.8974010690840917,44.47547119997743,1.2708512702454782
3.556,40.11871167044448,41.7162787391773,0.8974010690840917,41.82372608758092,1.3018554109490128
3.557,38.67576220635274,39.430943409905495,0.8974010690840917,39.5966330242314,1.332405168474168
3.5580000000000003,38.096618946819234,37.84004828713381,0.8974010690840917,38.04556811520365,1.3753510576798684
3.559,38.455162417468046,36.669567735627496,0.8974010690840917,37.05909148206394,1.3663908588000389
3.56,39.809286965351845,39.9320599676943,0.8974010690840917,40.28889787252267,1.3418776987171672
3.561,42.2318641325449,41.53964759385512,0.8974010690840917,42.00259902514637,1.2686267052614433
3.5620000000000003,45.77200838882983,45.16640332672219,0.8974010690840917,45.690031217738216,1.2457351172761786
3.563,50.51833928951427,50.218022056543305,0.8974010690840917,50.78396803274215,1.2348990914378783
3.564,56.60664927512896,56.25495471560134,0.8974010690840917,56.902432582716386,1.1710283930181524
3.565,64.1150062728858,63.816296348788285,0.8974010690840917,64.5407078565079,1.139460633891621
3.5660000000000003,73.09597947633048,73.26964411224328,0.8974010690840917,74.00687068612143,1.1227857390381426
3.567,83.60819408925633,82.8224556754151,0.8974010690840917,83.6721817889529,1.1332660148444662
3.568,95.65574698066985,94.79807754406744,0.8974010690840917,95.7427003182201,1.2202113324561883
3.569,109.24672792318674,109.61231608556456,0.8974010690840917,110.52157490665921,1.2549712845308088
3.5700000000000003,124.32500533039722,123.08162721012292,0.8974010690840917,124.18317204279799,1.3507349318537243
3.571,140.74000537750186,142.0309571864423,0.8974010690840917,142.99754419711587,1.4309690241524637
3.572,158.21878851222934,157.32351295133466,0.8974010690840917,158.3760125230788,1.4655987235584587
3.573,176.35756331508884,174.45770352339784,0.8974010690840917,175.56598673398614,1.6355481029233794
3.5740000000000003,194.60942307274524,193.51768531088987,0.8974010690840917,194.59904969804882,1.823131016201013
3.575,212.27430593660387,212.0004842307064,0.8974010690840917,212.98217055793287,1.9613534087439284
3.576,228.53929177625503,228.32758945854383,0.8974010690840917,229.02282584177883,2.0602261771041737
3.577,238.2377779666612,236.7056291013604,0.8974010690840917,237.36529777892224,2.145513017770131
3.5780000000000003,244.9713582607497,245.00644615256647,0.8974010690840917,245.43800893259657,2.1555487001878237
3.579,248.8250860920701,248.2823829091239,0.8974010690840917,248.59359838204827,2.074401890771663
3.58,249.9972391456729,249.54736205611195,0.8974010690840917,249.75394646247338,2.046685715979416
3.581,248.6916253519179,249.16722736314352,0.8974010690840917,249.16704279240608,1.9249298553159744
3.5820000000000003,245.1648134179005,244.9302923449833,0.8974010690840917,244.8599984577554,1.769825694258024
3.583,239.7005313452984,240.31576476150383,0.8974010690840917,240.09966615431176,1.6288254791874444
3.584,232.5723660142756,232.8094971101899,0.8974010690840917,232.48422888050237,1.5158413822185854
3.585,224.0084795059312,223.5584095121714,0.8974010690840917,223.17547684489813,1.4822240329138407
3.586,214.1477880120599,213.31120182072945,0.8974010690840917,212.94366348617248,1.411767241436896
3.587,203.0989649883955,204.4505771696829,0.8974010690840917,203.93787345853409,1.3720943706589477
3.588,190.96473124834617,192.42227239498348,0.8974010690840917,191.8566809418594,1.3598074113861276
3.589,177.84549762181652,179.47195418838334,0.8974010690840917,178.78300055208075,1.3593185222850803
3.59,163.85042515326117,163.44628606448384,0.8974010690840917,162.84398413581025,1.3085058547090722
3.591,149.09756470407635,150.15701914852258,0.8974010690840917,149.43486814094402,1.2869290822077517
3.592,133.72188647197555,133.79598983900152,0.8974010690840917,133.0867892431416,1.3244651058727892
3.593,117.884736484801,118.22186356705112,0.8974010690840917,117.5117717298931,1.328066435960958
3.594,101.78276222173616,102.49910049740286,0.8974010690840917,101.70984955665182,1.4139555905183232
3.595,85.65558779943126,84.70774357285511,0.8974010690840917,84.09186783082649,1.429499559347873
3.596,69.79144305914033,71.93309579397851,0.8974010690840917,71.18561913876313,1.4770750750282833
3.597,54.52988262929343,55.43403594870492,0.8974010690840917,54.78655147688744,1.5942752790247219
3.598,40.260687296092456,41.351026589071054,0.8974010690840917,40.72686582363003,1.647271715481193
3.599,27.41804193402132,27.39883524227888,0.8974010690840917,26.935427969781095,1.6918158294759036
3.6,16.46915664248702,17.414517708383357,0.8974010690840917,16.85050927769419,1.7614925757282052
3.601,2.7448790584799525,3.937586112753495,0.8974010690840917,3.7801383382503535,1.7959901084740644
3.602,0.0,1.3491715891922935,0.8974010690840917,1.276913916429856,1.744780488679271
3.603,0.0,0.2407904058382217,0.8974010690840917,0.23843468500684484,1.7268351314515777
3.604,0.0,-0.2486258269670035,0.8974010690840917,-0.12488174803004354,1.7029247702993267
3.605,0.0,1.3862681385155622,0.8974010690840917,1.4501044468308901,1.680382335173563
3.606,0.0,0.2906202684471948,0.8974010690840917,0.38502749701592287,1.7020613113541843
3.607,0.0,-1.0847477371240029,0.8974010690840917,-0.8447068238869659,1.7363473011159978
3.608,0.0,0.81421488757241,0.8974010690840917,0.9809023241726659,1.7328495457085993
3.609,0.0,-0.686987742872315,0.8974010690840917,-0.4403535086723182,1.7139935179029466
3.61,0.0,-0.9688883967387856,0.8974010690840917,-0.6714580012212642,1.6916873563127035
3.611,0.0,-0.9134799293342156,0.8974010690840917,-0.4627641342349492,1.6858806470727687
3.612,2.621539564313622,2.7209837883903294,0.8974010690840917,3.531939376520606,1.6516924434821376
3.613,15.549372773682691,15.860475615846418,0.8974010690840917,16.77492307946356,1.6875497124497363
3.614,30.455867334504944,31.38994213334965,0.8974010690840917,32.401036701467994,1.5788599789180735
3.615,47.0823184233838,48.4582992468612,0.8974010690840917,49.46966747622573,1.4772229496469598
3.616,65.13189447873185,64.68663089604945,0.8974010690840917,65.80942864993796,1.416006852780241
3.617,84.24424036749697,82.93186905076803,0.8974010690840917,84.16175960152546,1.477413579122677
3.618,104.03064548357858,103.49596562474429,0.8974010690840917,104.69615980492021,1.5051965881163427
3.619,124.06389307132658,123.13498046423877,0.8974010690840917,124.35907149218531,1.5197822603968318
3.62,143.83346993797028,143.21725381508378,0.8974010690840917,144.40833005537863,1.561362627864682
3.621,162.75560103998407,162.27001527919057,0.8974010690840917,163.43534978198184,1.6084111808110564
3.622,180.18263538085083,180.632767847944,0.8974010690840917,181.66104487825115,1.6301208326147936
3.623,195.42836890620163,195.4068178200729,0.8974010690840917,196.351070935133,1.6397402828869456
3.624,207.7965306224135,208.00448994550868,0.8974010690840917,208.7308632375551,1.6345311248134853
3.625,214.91849055615265,214.95054085508156,0.8974010690840917,215.54265492294468,1.6102303232173552
3.626,219.16852108826,218.9480332595764,0.8974010690840917,219.42272123876506,1.6019570106283718
3.627,220.7948559120773,220.72925463737428,0.8974010690840917,221.086758979782,1.5786639028138618
3.628,220.11880485887232,220.4168700177929,0.8974010690840917,220.6722401275568,1.5542255511877772
3.629,217.5003546256792,217.9869162921682,0.8974010690840917,218.10322166145153,1.4625190227391902
3.63,213.3455130022528,213.09497220199532,0.8974010690840917,213.1819129697529,1.3843139559674666
3.631,208.04532135904097,208.27718160663983,0.8974010690840917,208.33937312675528,1.2663149912068385
3.632,201.97293798694372,204.0843323426047,0.8974010690840917,203.9980382287515,1.183300514010808
3.633,195.47596148500665,196.78120034755472,0.8974010690840917,196.68921671990833,1.150178602935873
3.634,188.80621509891296,189.8158596770016,0.8974010690840917,189.6704418030684,1.1412211203133542
3.635,182.1051388119882,181.60923387318897,0.8974010690840917,181.55498949029658,1.120005907156042
3.636,175.43737874960416,175.88495802813787,0.8974010690840917,175.70840215512908,1.1374542563693308
3.637,168.8074175861512,167.32643300154498,0.8974010690840917,167.24669000674007,1.1202184388169782
3.638,162.2014129902139,161.77500720797698,0.8974010690840917,161.71676455477458,1.0807624149119661
3.639,155.5815883541247,157.02081441530504,0.8974010690840917,156.8694676457269,1.0382351078006182
3.64,148.9480126446868,150.71111953522754,0.8974010690840917,150.51386603455163,1.0560892893699922
3.641,142.24962457880503,143.17156816303353,0.8974010690840917,142.98599953757312,1.0351050383148717
3.642,135.43956930907908,136.5865908175937,0.8974010690840917,136.41123507124732,1.0054051433719744
3.643,128.48119143364323,130.63317414411085,0.8974010690840917,130.37785608645814,1.0170761346624764
3.644,121.35357555457377,122.47820991491557,0.8974010690840917,122.21860712156894,1.0440124162403486
3.645,114.06266684040698,114.37253678797292,0.8974010690840917,114.09128770256694,1.0631537474966366
3.646,106.6410460267551,105.12659229045302,0.8974010690840917,104.95947189298546,1.044563395652771
3.647,99.14285217101258,98.99357624332536,0.8974010690840917,98.77814207627439,1.023911415713612
3.648,91.64337513836242,90.9619939743162,0.8974010690840917,90.84446702888047,1.0144129966137923
3.649,87.47256705734019,85.27494689353722,0.8974010690840917,85.32631210975119,0.9490153987080812
3.65,85.00021466633251,84.5393787849053,0.8974010690840917,84.59700566012111,0.9325998746340929
3.651,84.17145681341778,84.25253912004578,0.8974010690840917,84.35254654183666,0.9309387121651126
3.652,84.87017029621563,85.20760220154168,0.8974010690840917,85.31548204419312,0.936041429631473
3.653,86.95834371439466,86.53713646694307,0.8974010690840917,86.74887294066146,0.9532247334420428
3.654,90.27030286566156,90.8653489981686,0.8974010690840917,91.0324456312719,0.9604482706052424
3.655,94.58976473551266,93.80139387677733,0.8974010690840917,94.04071816588481,0.9568876377003867
3.656,99.664126023506,98.28173499951949,0.8974010690840917,98.60136308373579,0.9807608348720983
3.657,105.2380280597266,104.54204209270226,0.8974010690840917,104.80411714041814,0.9862143166163845
3.658,111.07755951250364,109.36415943299292,0.8974010690840917,109.7090414976097,0.9913932060062939
3.659,116.92759630933308,116.32586483949017,0.8974010690840917,116.6149280129136,1.000133686922326
3.66,122.52945783506128,122.08759047279074,0.8974010690840917,122.32622124281531,0.9690074234142512
3.661,127.61370506821224,126.01363232749551,0.8974010690840917,126.29990451516359,0.9628311200520574
3.662,131.9156598429525,130.8812495203873,0.8974010690840917,131.13440654882703,0.9659737181210644
3.663,135.190783914674,134.59304816352767,0.8974010690840917,134.78661096099054,0.9542510715723355
3.664,137.22347370633636,136.78956677151746,0.8974010690840917,136.9492859445218,0.9488761504829897
3.665,137.83306565975045,138.1504777481489,0.8974010690840917,138.2257581322661,0.9435262209826485
3.666,136.8910911584005,137.6560968478575,0.8974010690840917,137.6405230519663,0.9422298988374682
3.667,134.34180168315828,134.72599237416725,0.8974010690840917,134.70484615053786,0.9444904510037853
3.668,130.19917983084252,131.99412076747095,0.8974010690840917,131.8280217644495,0.968677755674285
3.669,124.55405638579036,125.25508339532064,0.8974010690840917,125.09224244037952,1.0170720841757743
3.67,117.5842805478818,118.83311071697676,0.8974010690840917,118.64379297553073,1.0485204232809464
3.671,109.55397557291894,111.98257285668434,0.8974010690840917,111.68883922175704,1.1232807411062218
3.672,100.8023493326264,102.22864733356016,0.8974010690840917,102.21050348111359,1.1340438040373269
3.673,98.35489754830238,100.62917604799424,0.8974010690840917,100.57837657936051,1.0881604407680643
3.674,96.45810354168448,97.64609627701968,0.8974010690840917,97.64861271326959,1.067404617890776
3.675,95.0434766999739,95.35268365797364,0.8974010690840917,95.41436918958713,1.0299250190165967
3.676,94.027449351292,94.02978687898177,0.8974010690840917,94.11869624473364,1.0104411547346652
3.677,93.35106862229948,92.98094912208524,0.8974010690840917,93.09001917464207,0.992712001176287
3.678,92.96248584518396,91.77074898151632,0.8974010690840917,92.01019439428356,0.9847257288278206
3.679,92.82943607708452,93.94112102209218,0.8974010690840917,94.12250712798524,0.9749313749783929
3.68,92.9381406318626,94.34484836588167,0.8974010690840917,94.48598782100089,0.9715771775819058
3.681,93.29065126795358,93.81704937192865,0.8974010690840917,93.96784401278775,0.9714029057554779
3.682,93.89998748116754,93.12438971721662,0.8974010690840917,93.39574480468353,0.970996743953325
3.683,94.78796118451048,95.3114600494944,0.8974010690840917,95.55869113601484,0.9662421967414682
3.684,95.97918962607824,96.52418831248676,0.8974010690840917,96.75260014673226,0.9545677992663467
3.685,97.48937076142911,97.19516987778124,0.8974010690840917,97.51620513545977,0.9531703510653569
3.686,99.33075894292746,100.48195737205668,0.8974010690840917,100.760710599845,0.9417092387060498
3.687,101.48197550533006,102.28688161580268,0.8974010690840917,102.53247996003273,0.9314747395383622
3.688,103.92151134099016,103.27232326805132,0.8974010690840917,103.58951962222582,0.9372174698090056
3.689,106.6372286152178,105.81004310339412,0.8974010690840917,106.18351573005707,0.9573600059673814
3.69,109.61999815155455,109.90197586104892,0.8974010690840917,110.25026657469046,0.9748746863038495
3.691,112.85397814665806,113.47479852852923,0.8974010690840917,113.76863357364502,0.969164194722985
3.692,116.32662518159984,115.95249183791049,0.8974010690840917,116.30715909732926,0.9685997133384002
3.693,120.02721770762147,119.91287361573148,0.8974010690840917,120.26151035475522,0.9751833355367698
3.694,123.9283399515537,123.858012726788,0.8974010690840917,124.17222061724426,0.9686487761778881
3.695,127.97615246179674,126.76717548876324,0.8974010690840917,127.13514878660631,0.9683528912023679
3.696,132.09227047797248,131.1807209966114,0.8974010690840917,131.56841440346918,0.9861591846397725
3.697,138.18319134703256,136.32611970309412,0.8974010690840917,136.74826364927983,1.0091924521695137
3.698,144.0513607288985,142.5225036981171,0.8974010690840917,142.90860058101782,1.0263019522370964
3.699,149.56553559018303,147.7834917253906,0.8974010690840917,148.19448935783257,1.0428807961702837
3.7,154.62061607923175,153.7072826231627,0.8974010690840917,154.0576502637422,1.057933370168431
3.701,159.13866018340312,158.17111615636594,0.8974010690840917,158.4772655317356,1.061577589081225
3.702,163.06281136136585,161.30457343128785,0.8974010690840917,161.63333861906756,1.0735217893955002
3.703,166.35726668170727,165.56416961717738,0.8974010690840917,165.84008559072993,1.0885941761779907
3.704,169.0103693643456,168.72509810533623,0.8974010690840917,168.92507423631727,1.0607970715174049
3.705,171.05080893311504,170.30315677936886,0.8974010690840917,170.5060745156193,1.029278588670278
3.706,172.5298077276638,172.43982597729996,0.8974010690840917,172.6028987845962,0.9964724881989905
3.707,173.51703118064952,173.9493767381072,0.8974010690840917,174.0269401670313,0.9580012057547259
3.708,174.09131425099343,173.87917559211965,0.8974010690840917,174.00608979378705,0.9370364525423764
3.709,174.3171589508502,175.55608409715472,0.8974010690840917,175.56437833741512,0.944971790383901
3.71,174.16532769129893,173.4656083605881,0.8974010690840917,173.54335079378126,0.9542270082130945
3.711,173.5693439297632,173.3266605921624,0.8974010690840917,173.3621220514008,0.9706313039254153
3.712,172.45224462646237,171.88224858596342,0.8974010690840917,171.9276768840001,0.9896168752281745
3.713,170.73513666959622,170.64995661485293,0.8974010690840917,170.65212657249404,0.9911532953617878
3.714,168.36779624519085,168.80069273923834,0.8974010690840917,168.74687894912256,1.0174789806133884
3.715,165.28694168539917,165.51946478321798,0.8974010690840917,165.49087416866806,1.0331815230200099
3.716,161.44180089634017,162.97287981437503,0.8974010690840917,162.78510529953977,1.0551535273015993
3.717,156.822391712998,156.17169138637786,0.8974010690840917,156.04840739674387,1.0465579571661001
3.718,151.46727000158037,151.39249570135183,0.8974010690840917,151.17057145956719,1.031529900902626
3.719,145.46785629006197,143.76024972312115,0.8974010690840917,143.59938802737375,1.0104417491252804
3.72,138.9805596337298,138.2427573978431,0.8974010690840917,138.11980206273984,0.973103559790542
3.721,134.88357485591874,134.281414979078,0.8974010690840917,134.20081640949715,0.9722155502116733
3.722,131.16992387580885,131.63592268955833,0.8974010690840917,131.52905787879007,0.9839013726485967
3.723,127.96494689712318,128.18053722414237,0.8974010690840917,128.07961195364484,0.9899130636821506
3.724,125.306328416428,124.90204524417749,0.8974010690840917,124.83858802570538,0.976536826589122
3.725,123.16871210013944,122.14183615940918,0.8974010690840917,122.14409060199539,0.9486929164030228
3.726,121.4645573786788,120.90246900007416,0.8974010690840917,120.91955916445883,0.9329815592622008
3.727,120.07562338688476,120.02725684477277,0.8974010690840917,120.0027346029035,0.9367506918024411
3.728,118.86340704616796,117.434730111014,0.8974010690840917,117.49961382443611,0.9468690078297228
3.729,117.68456868130276,116.8741757896208,0.8974010690840917,116.90834021922649,0.9404747823106677
3.73,116.45919307281056,115.6619977478482,0.8974010690840917,115.67617645435217,0.9340077839911932
3.731,115.14252131028344,114.22505818494513,0.8974010690840917,114.25767025437302,0.9317807543477635
3.732,113.6942195680368,113.39529801578593,0.8974010690840917,113.40421107946635,0.9362506667717971
3.733,112.06746059250378,112.00340571248265,0.8974010690840917,112.00765483143654,0.94567438589948
3.734,110.2051802319775,110.79050394883188,0.8974010690840917,110.7558552042934,0.9512135269300352
3.735,108.0383183663194,108.445703283165,0.8974010690840917,108.38625666129086,0.9639145697253232
3.736,105.50764057891766,105.45656877520778,0.8974010690840917,105.38734693552244,0.968976311709591
3.737,102.5511812457668,101.6149366540743,0.8974010690840917,101.57888640806749,0.9604876900840885
3.738,99.0923608837577,98.18397848664569,0.8974010690840917,98.17400345320186,0.9464350730146239
3.739,95.07305026598712,95.5436417340562,0.8974010690840917,95.44197849029135,0.9595368964074231
3.74,90.47500280417889,89.8404053354724,0.8974010690840917,89.80602556231311,0.9734991329070887
3.741,85.32592667915635,85.84340248992015,0.8974010690840917,85.77075493047333,0.9706793416734265
3.742,79.73298894271025,81.07556719758757,0.8974010690840917,80.9249670747972,0.9817039398278624
3.743,73.95840896974775,74.90053899026522,0.8974010690840917,74.7722576361195,1.009725164911452
3.744,68.34514505985814,69.55771813108946,0.8974010690840917,69.36100996333593,1.071429213130444
3.745,62.709147647018455,62.59685776380411,0.8974010690840917,62.48344142356661,1.1483094013215862
3.746,57.51841740278096,57.56571373207236,0.8974010690840917,57.48383167405351,1.2219587193490176
3.747,52.8703461333551,53.2647181474082,0.8974010690840917,53.22439809279367,1.314148451805535
3.748,48.853893510563736,49.83415780759841,0.8974010690840917,49.75048984497722,1.346719471290179
3.749,45.49349568763638,45.04348191632005,0.8974010690840917,45.077034440590715,1.343571310285112
3.75,42.78650328175296,42.741884453838615,0.8974010690840917,42.81148496840128,1.3076732117907222
3.751,40.74017238481905,40.495650618081406,0.8974010690840917,40.67257586385722,1.2947721348023904
3.752,39.39210525125563,40.66397706965629,0.8974010690840917,40.8159300153417,1.2879307867462306
3.753,38.81216799079184,39.823632231881874,0.8974010690840917,40.03615140293604,1.3023140332991276
3.754,39.10264479161495,40.287827330339184,0.8974010690840917,40.49262587031213,1.3442027610207363
3.755,40.41060628934822,40.2391209275945,0.8974010690840917,40.55699183372257,1.3935390028793146
3.756,42.90393969023455,42.26529910945344,0.8974010690840917,42.67983608266055,1.4335721523322853
3.757,46.73983836485901,46.20679672295277,0.8974010690840917,46.64852746810593,1.4257323191278306
3.758,52.03187959438878,50.30582713892026,0.8974010690840917,50.95645282033304,1.3796500866353218
3.759,58.8171542744218,59.52445964148893,0.8974010690840917,60.10224027208771,1.2609220523078173
3.76,67.06317423743667,65.65356755634572,0.8974010690840917,66.42402643103966,1.1856152796368886
3.761,76.69748696851178,76.33516037309244,0.8974010690840917,77.09233486377727,1.1444068717133256
3.762,87.59019499628421,85.86064754780845,0.8974010690840917,86.78265958457605,1.1682732966092284
3.763,99.57393707830587,99.94032759333965,0.8974010690840917,100.78714554111201,1.2092005029270436
3.764,112.44853782420688,111.86154966742448,0.8974010690840917,112.73238614003908,1.2038226357314161
3.765,125.94543234961266,124.1539744907614,0.8974010690840917,125.10918165040115,1.277718800090505
3.766,139.75338381239084,139.11604006146212,0.8974010690840917,140.0660724945098,1.362376663569158
3.767,153.49331112321337,154.19127253550786,0.8974010690840917,155.05930108515903,1.3700677705735451
3.768,166.70953868856014,167.31705180818585,0.8974010690840917,168.07440170220025,1.3468309527912372
3.769,178.25568135858148,177.393394254407,0.8974010690840917,178.20865447565876,1.3914991687719345
3.77,188.51266594326583,189.232651775889,0.8974010690840917,189.86396833420852,1.4282512003501637
3.771,197.4348827754302,196.51168499951555,0.8974010690840917,197.11035243626284,1.4592290225461888
3.772,205.0010483086449,202.918845270262,0.8974010690840917,203.53424047035946,1.5907382952602547
3.773,211.18279380596408,209.99679305014507,0.8974010690840917,210.5224807239049,1.7209566120958018
3.774,215.96644392232395,215.44981887921665,0.8974010690840917,215.8864861656305,1.84008516985511
3.775,219.3465420272244,218.8492458681425,0.8974010690840917,219.15704433672906,1.9295559956821322
3.776,221.31354740743225,220.0571076738083,0.8974010690840917,220.34622767289517,2.0263365791193992
3.777,221.84405274289284,221.4369772182781,0.8974010690840917,221.58843918160974,2.1138449678110662
3.778,220.9127411475912,220.26293779023453,0.8974010690840917,220.3142027512931,1.9828594556379464
3.779,218.5895992166234,217.816256079373,0.8974010690840917,217.78170897025913,1.834093199670795
3.78,214.9417739328361,214.5427765609472,0.8974010690840917,214.39137514246826,1.6958106091372496
3.781,210.00703946924145,209.1513513430736,0.8974010690840917,208.9802721124381,1.535045012563474
3.782,203.79791850187564,204.85090043045503,0.8974010690840917,204.4663325868464,1.4282390164636842
3.783,196.30902754730383,195.33364952332843,0.8974010690840917,194.99783479607916,1.299352414573686
3.784,187.52732024295352,188.2560161930201,0.8974010690840917,187.78738668433957,1.1937288430543598
3.785,177.4315306810351,178.3506739776724,0.8974010690840917,177.80613968534027,1.223761737156794
3.786,165.93535191507883,166.61166606277112,0.8974010690840917,165.98391573079624,1.2539766317556829
3.787,152.9884609996315,152.58525247265314,0.8974010690840917,151.94248876611195,1.268905850072979
3.788,138.6194683131505,138.09203506432982,0.8974010690840917,137.3938586489904,1.2881578722521427
3.789,122.9664791075441,122.38576663599808,0.8974010690840917,121.661548303778,1.3568889396252148
3.79,106.30523666337562,106.53324272361311,0.8974010690840917,105.75029112338923,1.4872224716075408
3.791,89.0222378630766,89.49111773800038,0.8974010690840917,88.69450977533583,1.6690247826626403
3.792,71.61642069690744,72.29202741075726,0.8974010690840917,71.6003535315869,1.8193292868054667
3.793,56.3036011078852,57.92593668951347,0.8974010690840917,57.28086605903433,1.966183477165205
3.794,43.1062459351849,44.40844311128121,0.8974010690840917,43.86383061074166,2.136621481181665
3.795,32.31880962867265,33.1572406122787,0.8974010690840917,32.73717421488737,2.280763253412845
3.796,24.141814748135687,24.301235497970147,0.8974010690840917,24.04248168549292,2.3569414789847163
3.797,18.6469138523437,18.33735512267084,0.8974010690840917,18.222080397488764,2.2558524499346944
3.798,15.737397708855312,14.665667863511032,0.8974010690840917,14.76420447806368,2.142918840192665
3.799,15.26025808385063,15.55719752409987,0.8974010690840917,15.720709782523203,1.9945210163484708
3.8,17.031470065599947,16.374095663554208,0.8974010690840917,16.715858451512766,1.8572954702818003
3.801,20.846918131960607,20.493503333584982,0.8974010690840917,20.95590705022541,1.7190435374232111
3.802,26.490279708812366,26.82136663532353,0.8974010690840917,27.311660439758985,1.5672497630100057
3.803,33.73800355765852,32.97407574746322,0.8974010690840917,33.6220533084078,1.435630647385035
3.804,42.36167710192393,42.30314638561866,0.8974010690840917,42.97589334315248,1.3174488929300585
3.805,52.145612785506586,51.17333292686944,0.8974010690840917,51.96008706328433,1.2768036075412288
3.806,62.92291015229668,62.37263820048331,0.8974010690840917,63.2570390842265,1.2653876087367366
3.807,74.49222123346456,75.74448177481264,0.8974010690840917,76.52727436139678,1.176120388351898
3.808,86.5918863220738,85.81579380944598,0.8974010690840917,86.70390871456075,1.150522318475049
3.809,98.93654726721228,98.32880370301676,0.8974010690840917,99.22480915305617,1.2309288726579386
3.81,111.22020391373697,110.5749356387684,0.8974010690840917,111.52082793782996,1.3400440893808954
3.811,123.11505158121896,124.33616170713329,0.8974010690840917,125.15629167653417,1.4458167575195067
3.812,134.27246399760548,135.00046123162596,0.8974010690840917,135.8015216108246,1.5496464769408294
3.813,144.3268200414836,145.2302339315602,0.8974010690840917,145.94346297385565,1.645805743860999
3.814,152.95127225558082,153.413973337403,0.8974010690840917,154.04558937005473,1.5841422495743573
3.815,159.92431540211498,160.15123727782645,0.8974010690840917,160.67184153289537,1.5119030463881507
3.816,165.0450913198663,164.72016514428546,0.8974010690840917,165.20493889343365,1.4379897588200965
3.817,169.60756065698484,169.09630607101855,0.8974010690840917,169.51922797118146,1.3692836103992496
3.818,172.87386076856092,172.75328535614722,0.8974010690840917,173.08555545895484,1.2919013162977753
3.819,174.9071208608667,174.85922891842577,0.8974010690840917,175.09631730305932,1.212672775198995
3.82,175.7922206141973,174.90303246906348,0.8974010690840917,175.10900808680466,1.1282804175305814
3.821,175.61588957526078,175.0944440302599,0.8974010690840917,175.2457938133971,1.1298492898460177
3.822,174.40601229994382,174.20938265342625,0.8974010690840917,174.29847173417156,1.1182707558716973
3.823,172.19321107955895,172.24717928952404,0.8974010690840917,172.27549897376755,1.0912883718727282
3.824,169.0392210749116,168.92529736282614,0.8974010690840917,168.92808152259693,1.0260300141200758
3.825,165.0541280775641,165.71786562485465,0.8974010690840917,165.64978453973256,0.9834694131724332
3.826,160.36295031950635,161.05041692349704,0.8974010690840917,160.87471450563348,0.9917873044075113
3.827,155.095338714624,153.80210421792242,0.8974010690840917,153.68030899666425,1.0109304709555658
3.828,149.38779268459888,148.12697416101685,0.8974010690840917,148.07279587458441,1.019261922648491
3.829,143.38639980035072,144.6075707172615,0.8974010690840917,144.4284741613842,1.0907422923635701
3.83,137.24967161394744,137.8076322549936,0.8974010690840917,137.6183356226228,1.218941981065704
3.831,131.14778719184272,130.7029348894956,0.8974010690840917,130.61606228701805,1.2300642035697154
3.832,125.17814891851845,126.12359378330902,0.8974010690840917,126.00976718779641,1.1796020215673497
3.833,119.38545994588436,120.43104556324198,0.8974010690840917,120.2947840839671,1.165285020844279
3.834,113.83802995115585,113.4082132600748,0.8974010690840917,113.35017117435973,1.138198986278406
3.835,108.62814180062708,107.81345678148998,0.8974010690840917,107.86828485532841,1.0763601337065167
3.836,103.87055268448664,105.0667118927507,0.8974010690840917,105.09136814784839,1.0294147475495377
3.837,99.69892211839888,101.29877048873212,0.8974010690840917,101.27033658323289,1.0209777182659612
3.838,96.26000400682236,95.33097521566854,0.8974010690840917,95.45901551995318,0.9916851253339636
3.839,93.7148516824288,93.05242517682366,0.8974010690840917,93.23453620686463,0.972461554571093
3.84,92.27863687587896,92.52397096994216,0.8974010690840917,92.72269860677635,0.9718692786666866
3.841,93.67111113555336,92.64236883817024,0.8974010690840917,92.9685988795111,0.974186138141266
3.842,96.16248256772906,96.032484173926,0.8974010690840917,96.3760975531179,0.9813071967355932
3.843,99.6564646562012,99.92936471265988,0.8974010690840917,100.28589489552391,0.9737524078134161
3.844,104.03966593926953,103.85618692272814,0.8974010690840917,104.28042278165056,0.9754838898355204
3.845,109.18790133240267,109.1889615717368,0.8974010690840917,109.5709313423134,0.9709000246506329
3.846,114.9708964189386,113.33495745956472,0.8974010690840917,113.88473700649176,0.997421689485701
3.847,121.25338953369568,121.69895590787942,0.8974010690840917,122.15491887850607,1.0213754778678177
3.848,127.86762010043331,127.29101702651862,0.8974010690840917,127.77693083779052,1.0379164742087332
3.849,134.60318713252207,133.88822270117277,0.8974010690840917,134.38249682365927,1.1193500487728822
3.85,141.24419100176664,140.6857492481803,0.8974010690840917,141.16961867261122,1.2148941949323713
3.851,147.57614997974525,147.04881524184395,0.8974010690840917,147.50315908769034,1.3194579602522964
3.852,153.38550457430244,152.46892964981583,0.8974010690840917,152.96547156762958,1.441214157486272
3.853,158.45924470217523,159.44293034285295,0.8974010690840917,159.7542574394037,1.5555693005731621
3.854,162.58514274935214,161.84261255877698,0.8974010690840917,162.1836053547265,1.6414767957527256
3.855,165.55305137660037,166.04445592473303,0.8974010690840917,166.25814815788488,1.745929681231743
3.856,167.18778852377247,167.26071438103276,0.8974010690840917,167.35445354156343,1.635270000605453
3.857,167.44065959345596,166.14283254241803,0.8974010690840917,166.2276420217203,1.5186806245433482
3.858,166.2907628089557,165.68294232168086,0.8974010690840917,165.64736593047397,1.4148790831464813
3.859,163.73239952751462,162.6712588116764,0.8974010690840917,162.57054819205038,1.3023727584663338
3.86,159.7819428703807,158.94082051679368,0.8974010690840917,158.7548878567048,1.1985240250534515
3.861,154.48595641518858,153.93828132662742,0.8974010690840917,153.71584878440248,1.1088159476644808
3.862,147.93007570348573,148.81299880446886,0.8974010690840917,148.49502415801135,1.0538490201289596
3.863,140.24799077766556,141.79453068730697,0.8974010690840917,141.37538228362817,1.0607353802574273
3.864,131.62324274714922,132.3446004765357,0.8974010690840917,131.9808405035317,1.0600555823287188
3.865,125.39196973200406,124.9782264884563,0.8974010690840917,124.67318096525486,1.020896381321004
3.866,118.71909231342327,119.05735657696252,0.8974010690840917,118.6659359136868,1.04172018819979
3.867,111.67536468166178,110.6021657194377,0.8974010690840917,110.26523801114637,1.0742115952242897
3.868,104.32881404610076,103.23999204657824,0.8974010690840917,102.97133358588492,1.0629307581182872
3.869,96.74761640477992,97.69519436271044,0.8974010690840917,97.32044128185758,1.097765526044471
3.87,89.00353277822808,89.30658029655493,0.8974010690840917,88.93410703261402,1.167342445232215
3.871,81.17559337856775,80.73959428631473,0.8974010690840917,80.42945036478791,1.1926602657622483
3.872,73.3537294874306,73.49348389152063,0.8974010690840917,73.16549672867977,1.2252669154789841
3.873,65.64206531781142,65.25381393312,0.8974010690840917,64.97132748992074,1.2739424438377394
3.874,58.161592315364096,58.13376931224591,0.8974010690840917,57.8505710052936,1.3082762317899492
3.875,51.05195558552673,50.143701582760045,0.8974010690840917,49.91816970365385,1.3555138669522053
3.876,44.47208757613869,43.25106893657122,0.8974010690840917,43.07680103424036,1.3845590020830454
3.877,38.599430608115455,37.4793752802528,0.8974010690840917,37.39323028463685,1.397716945739568
3.878,33.62750159958466,33.33886270073924,0.8974010690840917,33.284334859480744,1.4124636320289876
3.879,29.761574878718804,29.51476229536444,0.8974010690840917,29.506990336084158,1.426609316690647
3.88,27.212298768253877,26.11948472217003,0.8974010690840917,26.228861725141904,1.4378071275520525
3.881,26.1871256179534,25.681867562129955,0.8974010690840917,25.877324618913832,1.4231218953964244
3.882,26.87953007973213,26.835680599555968,0.8974010690840917,27.07628744792276,1.4014880119501059
3.883,29.45612277048784,28.403364852812704,0.8974010690840917,28.79664531680792,1.3866478819584016
3.884,34.04194033138481,33.5564572170141,0.8974010690840917,34.0287807629999,1.365241745746872
3.885,40.70440946699537,40.3459261033945,0.8974010690840917,40.91613566849456,1.3337884987471724
3.886,49.43673846261255,49.11386322683309,0.8974010690840917,49.787603734352345,1.3066679459719266
3.887,60.14177535495264,59.85771338862612,0.8974010690840917,60.632205197694766,1.3045321893353716
3.888,72.61766995054279,73.1542822480858,0.8974010690840917,73.79328710944075,1.2091886713554971
3.889,81.66066758585457,81.92984779804637,0.8974010690840917,82.54812581128982,1.101657532919088
3.89,90.81463267558831,89.93224954436805,0.8974010690840917,90.62929940963986,1.088567468492393
3.891,99.85707980980231,99.58050127300216,0.8974010690840917,100.31286698568519,1.1069965748986796
3.892,108.62671586926054,110.01382209825692,0.8974010690840917,110.66022605071082,1.0779361904322247
3.893,117.02006126026284,118.03739376032098,0.8974010690840917,118.66097399911739,1.0436772940670698
3.894,124.98489905517008,125.60116637696096,0.8974010690840917,126.20376111759805,1.0434235526219564
3.895,132.51146598887829,132.70305323564708,0.8974010690840917,133.31458263591725,1.057589201345987
3.896,139.62219537471265,139.80032215824497,0.8974010690840917,140.40062965373556,1.0777410582157547
3.897,146.36070042563944,146.7000510506421,0.8974010690840917,147.23705387194553,1.0857638984731897
3.898,152.78056569009027,151.69094852949618,0.8974010690840917,152.29243801154664,1.1091093311715143
3.899,158.93440769279948,158.74270260220402,0.8974010690840917,159.31060462135432,1.1550419459241204
3.9,164.86358200013422,165.36019134792028,0.8974010690840917,165.89236544783503,1.177579637807309
3.901,170.58885716874113,171.45663220848402,0.8974010690840917,171.98109842009984,1.2069638651196706
3.902,176.10234708820803,177.81170033625702,0.8974010690840917,178.19120071835533,1.2163756698597066
3.903,181.36098962946767,180.50391152800705,0.8974010690840917,180.9930209610178,1.2300776073546098
3.904,186.2829216596228,186.73676496377988,0.8974010690840917,187.1094338833945,1.2541156435374237
3.905,190.7629511152898,190.271510684159,0.8974010690840917,190.694128775431,1.2218835886076922
3.906,194.68593605673237,195.89385252200063,0.8974010690840917,196.16093841204295,1.1830004352626822
3.907,197.91352199870988,197.4683515027064,0.8974010690840917,197.71761380059164,1.1112015927055685
3.908,200.27410280593088,199.08869885026613,0.8974010690840917,199.34808688703052,1.0589796390366828
3.909,201.5700535894588,201.61244720586168,0.8974010690840917,201.7667673856021,1.0158339848763909
3.91,201.57633523883084,201.8944854015707,0.8974010690840917,202.032610720471,0.992974253741759
3.911,200.0287747926376,202.2572203408797,0.8974010690840917,202.19956123607824,0.9773444546225728
3.912,196.68735060995687,197.97523250733383,0.8974010690840917,197.86571664880233,1.0097151029231366
3.913,190.01438435398157,191.71971088329903,0.8974010690840917,191.55603297234248,1.0493481568175411
3.914,182.39823303396804,184.3287502697736,0.8974010690840917,184.07338388585637,1.1046446241811878
3.915,174.17006438312666,174.20666565840347,0.8974010690840917,173.9975796829046,1.122752945599867
3.916,165.62597036561303,165.44780663496073,0.8974010690840917,165.29876198760147,1.0872785215151122
3.917,157.01772526942975,158.38640787603188,0.8974010690840917,158.11862050026798,1.1127311359105583
3.918,148.54737984015128,148.25433756274373,0.8974010690840917,148.06781061161135,1.1092711585307191
3.919,140.39560601683706,140.65084340493033,0.8974010690840917,140.40906529043704,1.0639998405634123
3.92,132.759749116526,131.64920947011566,0.8974010690840917,131.50764887985943,1.0229635400836257
3.921,125.7786966326945,126.0614061693656,0.8974010690840917,125.87112762926853,0.9979191524182369
3.922,119.53071519199337,119.0832829492934,0.8974010690840917,118.92702013826788,1.0054226969408677
3.923,114.04629128305857,113.02352687434282,0.8974010690840917,112.94412173948747,0.9781682474000704
3.924,109.29125962021116,109.24338718342504,0.8974010690840917,109.11053316394275,0.9682093664731702
3.925,105.15662611184877,103.8548697873858,0.8974010690840917,103.81642000139526,0.9606437773291965
3.926,101.49146385610037,100.75341553868822,0.8974010690840917,100.69589290693442,0.9513829318677052
3.927,98.12523021958478,97.31268622781757,0.8974010690840917,97.3026664566166,0.9571917096730502
3.928,94.87672896139529,94.93414882131115,0.8974010690840917,94.86974918526963,0.9813481931205658
3.929,91.56241734236542,90.63479039821522,0.8974010690840917,90.60788063920702,1.007986660651957
3.93,88.00520978966256,87.17657727095585,0.8974010690840917,87.12473135652104,1.0324760720793396
3.931,84.04382425800114,83.06908047648713,0.8974010690840917,82.9873893701578,1.0718353050300966
3.932,79.55373552307525,77.9727184425758,0.8974010690840917,77.90642511502242,1.02201961340877
3.933,74.55086141440788,73.91293982982731,0.8974010690840917,73.7485115687303,0.9898819988432177
3.934,69.14203259993386,67.60015305589565,0.8974010690840917,67.51079015237083,0.9744053025486009
3.935,63.4799460859968,63.926007112485976,0.8974010690840917,63.71352356945137,0.9981202615056521
3.936,57.76669575088288,57.45364447499784,0.8974010690840917,57.18153064125884,1.0964934311702015
3.937,49.0630959396435,49.38981746707729,0.8974010690840917,49.13782177271148,1.197247138665836
3.938,41.653696300426745,41.90451193919152,0.8974010690840917,41.74042529784428,1.2809161681018517
3.939,35.66843252118535,36.98984236377719,0.8974010690840917,36.83034283588775,1.3726317150729506
3.94,31.18946353728579,31.8592930980123,0.8974010690840917,31.793732016894076,1.4427526439789076
3.941,28.22238068709315,28.82766669769964,0.8974010690840917,28.80731924675976,1.447134854285502
3.942,26.69564935407074,26.4276950475201,0.8974010690840917,26.532190620757472,1.443333742582169
3.943,26.510476127931696,26.59853735639673,0.8974010690840917,26.769686556280263,1.4288263167225768
3.944,27.546861814419078,27.946605534924547,0.8974010690840917,28.201662827579923,1.4120433324180377
3.945,29.66775099591541,31.07226126796531,0.8974010690840917,31.32539923856021,1.3952024963893495
3.946,32.73901316465431,33.37528152467993,0.8974010690840917,33.673861996765325,1.4139445156251798
3.947,36.6452190299616,36.16404046942903,0.8974010690840917,36.58001301661528,1.4806024056438505
3.948,41.285812122027295,41.99739933243359,0.8974010690840917,42.41243185942661,1.5178017773264032
3.949,46.55893198153278,47.05129604439355,0.8974010690840917,47.53330793617537,1.553250129913934
3.95,52.35688118834456,53.3755282256969,0.8974010690840917,53.8872531709151,1.477941480502732
3.951,58.502075855697605,59.34739500757348,0.8974010690840917,59.88930277443017,1.4135267154738633
3.952,64.81567841932093,65.16456668940148,0.8974010690840917,65.73501640535413,1.3032705899370698
3.953,71.10436377829713,70.86942322816756,0.8974010690840917,71.53755054619383,1.2158992394756338
3.954,77.19463829717856,78.46156473007953,0.8974010690840917,79.05388763974534,1.1365303357800212
3.955,82.9794718441172,83.49140128188883,0.8974010690840917,84.10368746044686,1.0484407807801555
3.956,88.38425717683222,88.5047746870965,0.8974010690840917,89.15564546477349,1.0172886264166363
3.957,93.39776678747025,94.11756787207028,0.8974010690840917,94.76448019170029,1.0028228176096454
3.958,98.08060398160272,99.34608142723368,0.8974010690840917,99.91620433450399,0.9770264783282913
3.959,102.55359498050578,102.35510307555953,0.8974010690840917,103.02061532698023,0.9809444018691358
3.96,106.98640524086876,108.09229997004638,0.8974010690840917,108.8039516142345,1.0221176680665724
3.961,115.39020866472076,115.6866168822151,0.8974010690840917,116.45230405215207,1.0693938027812404
3.962,124.95108666943275,124.76807667217152,0.8974010690840917,125.60887215228772,1.1374479934584967
3.963,135.57734872512,135.95703902237202,0.8974010690840917,136.7931937682965,1.2000104713944921
3.964,147.1296550876225,146.99390397295727,0.8974010690840917,147.85346572986742,1.2510234821310235
3.965,159.4252109578896,158.41321560685947,0.8974010690840917,159.3180347825314,1.341330354418858
3.966,172.23084856542343,170.86918521151475,0.8974010690840917,171.79372975237527,1.4749173851918274
3.967,185.2492453698819,184.1646891594778,0.8974010690840917,185.05770546471754,1.6365711706081278
3.968,198.126219379222,196.76290987417755,0.8974010690840917,197.66043848673286,1.7930126023928117
3.969,210.49064859141305,210.2409884331161,0.8974010690840917,211.0398774046254,1.955712424252743
3.97,221.9555752655068,221.56170491161456,0.8974010690840917,222.27385834992245,2.041935019830231
3.971,232.1492401986187,231.34683746296545,0.8974010690840917,231.98902322085377,2.070616587558856
3.972,240.746222440914,240.78323370912503,0.8974010690840917,241.2654043162727,2.016004661429723
3.973,247.46497987129936,246.74163917975903,0.8974010690840917,247.12605001033847,2.0456690030306097
3.974,251.92934246642545,250.49499288866477,0.8974010690840917,250.80144076098466,2.163560982199977
3.975,253.6935382263559,252.5283752768108,0.8974010690840917,252.728282517245,2.149838122191187
3.976,252.41811591830927,253.04678980820705,0.8974010690840917,252.95713244538936,2.014906222244994
3.977,247.88753944032504,247.4264367859198,0.8974010690840917,247.1943116897644,1.8622453973495348
3.978,239.94821696697528,239.5284836309484,0.8974010690840917,239.1744316682358,1.7133635442907695
3.979,228.53412514394444,229.228412879516,0.8974010690840917,228.63783420835,1.6191806783672287
3.98,213.67009686454597,213.7618364030916,0.8974010690840917,213.04394340218167,1.6412224381135627
3.981,195.4577411295388,195.38019709786224,0.8974010690840917,194.54494232387933,1.6334799095179429
3.982,174.17605587180867,174.45736873557965,0.8974010690840917,173.49352628727158,1.6485047907163695
3.983,150.304577533162,151.16448156042716,0.8974010690840917,150.1181586970926,1.6872101895053808
3.984,124.54917633505718,126.42873806684187,0.8974010690840917,125.69547044422055,1.510607563315297
3.985,110.01001706375357,111.5897203819477,0.8974010690840917,110.90638722587504,1.3622032302714804
3.986,97.03515916498212,98.5763995067822,0.8974010690840917,97.91447246110879,1.4490670394152603
3.987,85.84730779879105,86.20871974943492,0.8974010690840917,85.69256819625518,1.540610454551501
3.988,76.56890647014906,77.37882276487065,0.8974010690840917,76.91165535700243,1.6430592488506566
3.989,69.23999067708223,69.57026739473953,0.8974010690840917,69.24911830394453,1.7382479263392288
3.99,63.81520071244693,65.42632593903635,0.8974010690840917,65.10244547336521,1.7117860395291278
3.991,60.12805049080942,59.84090648225745,0.8974010690840917,59.71010089204753,1.6748527663088402
3.992,57.95061984493902,58.582841645913234,0.8974010690840917,58.538004956810475,1.5740065043486458
3.993,57.026886793707874,58.55920210798003,0.8974010690840917,58.535250258394676,1.460142991243549
3.994,57.09636799500227,57.75721676723882,0.8974010690840917,57.83282538411636,1.3576666024353103
3.995,57.91585394913236,58.43525065297875,0.8974010690840917,58.551689504255734,1.2575372140624248
3.996,59.27092249390432,59.28600954327435,0.8974010690840917,59.494937915559355,1.201892425167789
3.997,61.00985252901347,61.89620909344588,0.8974010690840917,62.10548312163353,1.1559295645495968
3.998,63.0356933453958,63.70440334077384,0.8974010690840917,63.90162056733054,1.1282064757712003
3.999,65.29791061171386,64.64117588629567,0.8974010690840917,64.93442912614653,1.1171336127782365
4.0,67.78157416847583,67.68276197924487,0.8974010690840917,67.94905973168464,1.090904424605651
4.001,70.49746205266703,69.04664174269368,0.8974010690840917,69.41011453493074,1.0782635448091382
4.002,73.47181509002887,72.75711276334972,0.8974010690840917,73.14439614612638,1.0599981037793924
4.003,76.73400613770755,76.80583176800145,0.8974010690840917,77.23426049324593,1.0245253455640841
4.004,80.2987616483625,81.54842148396929,0.8974010690840917,81.92579352262312,0.9851626339105615
4.005,84.17463591082154,84.7452700898719,0.8974010690840917,85.14131804078598,0.9538098477731196
4.006,88.35305377704253,87.9676368188905,0.8974010690840917,88.45053691161486,0.9666081559409289
4.007,92.81305159079784,93.70170298633349,0.8974010690840917,94.17252267824023,0.9977969091132011
4.008,97.53931612573275,99.28351483642666,0.8974010690840917,99.84473445725008,1.0448457296665101
4.009,107.24746435331406,107.7218583525026,0.8974010690840917,108.31992707437902,1.102388854409701
4.01,117.17756435987808,117.10363782385107,0.8974010690840917,117.78525585973738,1.1712055998678237
4.011,127.00237186387986,128.69021572277765,0.8974010690840917,129.25322083457013,1.1815095118410588
4.0120000000000005,136.44058958032963,137.35751226642714,0.8974010690840917,137.9277450451353,1.1546433995550087
4.013,145.26079013984497,146.39191520039913,0.8974010690840917,146.88118531536463,1.1471054492443973
4.014,153.26309225968356,153.292568633252,0.8974010690840917,153.78805677291737,1.133445521337328
4.015,160.2792387766768,160.5692673755709,0.8974010690840917,161.0305088927875,1.14676228133368
4.016,166.1618165304997,167.37082707894535,0.8974010690840917,167.70842075365664,1.1337999539416441
4.017,170.7823766746166,171.32429255598703,0.8974010690840917,171.6068399120491,1.1267303487066487
4.018,174.0288213320585,173.82262208780674,0.8974010690840917,174.1303393583288,1.1394103388741232
4.019,175.8151810050941,177.0820077802428,0.8974010690840917,177.2310063272064,1.1406486530498738
4.0200000000000005,176.08504186466007,176.5771622375477,0.8974010690840917,176.68526362958596,1.1320209415134448
4.021,174.81248368382515,175.2065778663008,0.8974010690840917,175.24519323211894,1.1235437880849148
4.022,172.00405333713886,172.2677089529614,0.8974010690840917,172.22631829952323,1.1134402181622307
4.023,167.70168573495403,167.61070638911914,0.8974010690840917,167.53969447834723,1.1021538527954762
4.024,161.9863528954732,162.23249628641423,0.8974010690840917,162.0357843210156,1.1021524547615
4.025,154.9820915113355,153.9081092627469,0.8974010690840917,153.77246783037057,1.074365972422407
4.026,146.85993198405458,147.72365770465862,0.8974010690840917,147.42249097931185,1.0779056725234362
4.027,137.84113174179214,137.25652459727172,0.8974010690840917,137.01844136162964,1.0854879202918961
4.0280000000000005,128.1990097998027,128.88087642346244,0.8974010690840917,128.55404972212582,1.0787103061626708
4.029,118.25859835138664,118.37377720018443,0.8974010690840917,118.04820587302424,1.1138136520440587
4.03,108.3932845659998,107.89634171717265,0.8974010690840917,107.56404830761554,1.1297227845403386
4.031,99.0176288316485,97.4891055134636,0.8974010690840917,97.22749468601029,1.1286105007063754
4.032,90.57563391240072,88.9591143018772,0.8974010690840917,88.94932365653246,1.0610461414527195
4.033,86.8807310650161,87.5218628200797,0.8974010690840917,87.47716756919732,1.0341168820625704
4.034,84.28015420233048,85.01466036488652,0.8974010690840917,84.95306209004978,1.0503723929185294
4.035,82.77084919779222,81.6653783387718,0.8974010690840917,81.72944785953389,1.0569496818115343
4.0360000000000005,82.3258584669874,81.86686766544533,0.8974010690840917,81.9895595939995,1.0463280567697404
4.037,82.90280049441449,83.1702536311472,0.8974010690840917,83.2557935539496,1.0376509045589857
4.038,84.45106575558334,83.18489394547845,0.8974010690840917,83.39349079238985,1.0303557264978942
4.039,86.91740655868506,85.83621375551256,0.8974010690840917,86.04256154012779,1.021336522361146
4.04,90.24974493548048,88.0472714261104,0.8974010690840917,88.3644017802927,1.022638474745941
4.041,94.3991423526708,93.25779755334672,0.8974010690840917,93.53489748695549,1.0120980056202107
4.042,99.3199699840293,97.07570429678287,0.8974010690840917,97.49105317247661,1.0090475591530108
4.043,104.96839319827026,104.02650896838074,0.8974010690840917,104.44137550686442,1.0249441212150008
4.0440000000000005,111.29934465118592,111.00663903578516,0.8974010690840917,111.4307786538577,1.0170096422710417
4.045,118.26221314764815,118.16422499607371,0.8974010690840917,118.58593619347785,1.0148873143678603
4.046,125.79552608115245,125.2902096894011,0.8974010690840917,125.80477038408547,1.0496617596099804
4.047,133.82095654509132,134.9890946310935,0.8974010690840917,135.4345058332354,1.0710471726507387
4.048,142.23704532312487,142.68987547693857,0.8974010690840917,143.1396610730637,1.0651664485252188
4.049,150.91309398104883,150.3971683757408,0.8974010690840917,150.88199408088335,1.1030224761234828
4.05,159.68375669708485,158.97669570994438,0.8974010690840917,159.4819088893136,1.1581529400312605
4.051,168.34493076646316,168.2909828052437,0.8974010690840917,168.77317159542065,1.205841737336931
4.0520000000000005,176.651611020664,177.13728797015514,0.8974010690840917,177.5929588483651,1.2418962009502177
4.053,184.31842026163145,185.36215200643176,0.8974010690840917,185.7088651226632,1.255147251886233
4.054,191.02354124896092,190.8589855500209,0.8974010690840917,191.16189602895426,1.2607173094253359
4.055,196.41673772815068,195.4075170311616,0.8974010690840917,195.73513508019076,1.2898592627280057
4.056,200.13204227677284,201.14165434688869,0.8974010690840917,201.29332451443116,1.3065217719489384
4.057,202.82864271330703,202.4135225917862,0.8974010690840917,202.51019003262044,1.2926532541031646
4.058,203.2341337310372,202.7376765256481,0.8974010690840917,202.75190284103638,1.2861008898544064
4.059,201.41260779575717,201.3004399516704,0.8974010690840917,201.21379044049013,1.2789204006236188
4.0600000000000005,197.46873398050843,197.3138220556797,0.8974010690840917,197.14970378959742,1.260498958854615
4.061,191.5361156036883,191.77190410139036,0.8974010690840917,191.46336082377346,1.2536950933390547
4.062,183.76843268006743,182.7732289700745,0.8974010690840917,182.42338829735465,1.2355057291524814
4.063,174.33351010103289,173.29408151404738,0.8974010690840917,172.9510192523736,1.177891678214027
4.064,163.41021647237616,164.62333541433853,0.8974010690840917,164.1159454433793,1.1889604091452588
4.065,151.187914805027,151.61169834202025,0.8974010690840917,151.0457465908012,1.2331455767961363
4.066,137.86804689890323,137.96555612189812,0.8974010690840917,137.44192219838317,1.2035358452778808
4.067,123.66732903590773,125.68917885798535,0.8974010690840917,125.02339540772603,1.2508310853192
4.0680000000000005,108.82581602205347,109.73118912942984,0.8974010690840917,109.08692996208467,1.341176887303876
4.069,93.62833837127766,94.65401032773092,0.8974010690840917,93.98293788746847,1.4205770848429677
4.07,78.41860334062432,78.76853910483048,0.8974010690840917,78.12875712250022,1.5618610673150843
4.071,63.59305370550945,63.755743156970375,0.8974010690840917,63.1875384400774,1.692866302155585
4.072,49.57926435059349,50.1561859805641,0.8974010690840917,49.61774906743982,1.8546604802282793
4.073,36.83006297742338,37.05664375502023,0.8974010690840917,36.60045843181691,2.0288834522296777
4.074,25.81264815106856,26.04543473981688,0.8974010690840917,25.70907164117564,2.10405905684183
4.075,16.94975440128526,17.53876311888263,0.8974010690840917,17.34070391034941,2.062450495956917
4.0760000000000005,10.58453057107424,11.505791820116375,0.8974010690840917,11.437419768447572,1.980431847434106
4.077,7.008217322104301,7.899290012477909,0.8974010690840917,8.012853829504666,1.872409338998165
4.078,6.465656999691191,8.12480748601859,0.8974010690840917,8.366260980859687,1.7470235552185462
4.079,9.137952852855976,10.676154478031645,0.8974010690840917,11.04301858937896,1.6355879384225593
4.08,15.127351308477344,15.452122191239468,0.8974010690840917,15.80934290720776,1.518663995815949
4.081,17.986735822282853,18.443098792399656,0.8974010690840917,18.85451759316729,1.4382806758792583
4.082,22.512859171791348,21.71414945763843,0.8974010690840917,22.28420695236238,1.4171090057838804
4.083,28.433874455989795,28.83995030230281,0.8974010690840917,29.38300827419422,1.3703256780805602
4.0840000000000005,35.504587621183404,34.58809395642841,0.8974010690840917,35.28660399257702,1.335530505414296
4.085,43.51154314742863,43.942838765392096,0.8974010690840917,44.659545613893265,1.3026475408739715
4.086,52.27336914392068,53.41524555804456,0.8974010690840917,54.10694965170824,1.2162092421429263
4.087,61.63455263660704,61.76834706065036,0.8974010690840917,62.56125542365257,1.157563000776679
4.088,71.45911963884966,72.07276626514468,0.8974010690840917,72.86357955515183,1.1278669498741623
4.089,81.64203391370947,81.79584792617905,0.8974010690840917,82.60844317371435,1.1000494906034837
4.09,92.10154292242784,91.2797112346029,0.8974010690840917,92.1200586005901,1.1179681405893318
4.091,102.79649255604588,101.49873001818943,0.8974010690840917,102.40172422343952,1.1950399993784824
4.0920000000000005,113.68009370326784,113.0593613997759,0.8974010690840917,113.93583387813709,1.2531043872255418
4.093,124.73810306287962,124.0653240828738,0.8974010690840917,124.96485330671548,1.2759737954593724
4.094,136.00549454917223,136.48458586383754,0.8974010690840917,137.3121487254954,1.2839347475551643
4.095,147.504240322402,147.322863647151,0.8974010690840917,148.1481456385486,1.2914617703693554
4.096,159.1846286102978,158.26142108376476,0.8974010690840917,159.1022603698391,1.3247714389336227
4.097,170.94381968498257,170.35175621490907,0.8974010690840917,171.13913616821682,1.3691904455591428
4.098,182.60162587051624,181.3027312996561,0.8974010690840917,182.11405698642866,1.430022702510638
4.099,193.8856434457728,193.1955094061032,0.8974010690840917,193.96086057020577,1.507173810903058
4.1,204.4467747003922,204.08088248286663,0.8974010690840917,204.85676700896425,1.5782568334435447
4.101,213.86869607335,216.2688864923448,0.8974010690840917,216.85132673325617,1.622958265908689
4.102,221.67932896418824,223.9739625538706,0.8974010690840917,224.42987345212723,1.6021597502884064
4.103,227.37668397893572,229.04340025470967,0.8974010690840917,229.3783788693396,1.5731147398574694
4.104,230.4619901762465,231.4400691646697,0.8974010690840917,231.56059711192034,1.499214010938119
4.105,227.49550232047596,228.7780769949655,0.8974010690840917,228.7514346491869,1.3944283219242302
4.106,222.17528000060764,223.0417046349712,0.8974010690840917,222.94751798700585,1.300045487969943
4.107,214.9875146526544,216.64745028898355,0.8974010690840917,216.43857224788238,1.2392370362101799
4.108,206.3977202518198,207.8657151101657,0.8974010690840917,207.5908787638775,1.2375142294612431
4.109,196.7922215450214,197.68843633863224,0.8974010690840917,197.41860263269479,1.2548102603621727
4.11,186.46864173486168,187.5759809977885,0.8974010690840917,187.2671443480576,1.2601507371146958
4.111,175.69277007898788,176.70604691525628,0.8974010690840917,176.3738665675964,1.2631944066045873
4.112,164.70295171218518,165.26797082434862,0.8974010690840917,164.90319912435132,1.2091137108818728
4.113,153.75874093472038,153.71244150328633,0.8974010690840917,153.37181499047972,1.186917895897843
4.114,143.04172526877096,142.64024283608765,0.8974010690840917,142.30267472915904,1.1304489654783594
4.115,132.71924481065037,132.60030882821567,0.8974010690840917,132.3081805754217,1.0722194374558782
4.116,122.94352132739232,124.43826550884698,0.8974010690840917,124.03626238089925,1.0857630122893165
4.117,113.8235610157304,113.53273183811643,0.8974010690840917,113.2058684993534,1.1085952686269651
4.118,105.434788746173,104.72272562838148,0.8974010690840917,104.49131807729896,1.0678369961635077
4.119,97.82411014430195,98.07051195928064,0.8974010690840917,97.84802760439916,1.0570479777921737
4.12,91.0046660386879,91.98017986552895,0.8974010690840917,91.7702105078507,1.0504025589702977
4.121,84.9406129022905,85.99359450435247,0.8974010690840917,85.79807232856128,1.035127920098942
4.122,79.55488764506367,79.62393430159824,0.8974010690840917,79.48649924041835,1.014096996037006
4.123,74.75857023960252,74.33711948338822,0.8974010690840917,74.29332112122894,0.9731294739166493
4.124,70.46218833139525,71.28036017186159,0.8974010690840917,71.18536073963642,0.9578314744487479
4.125,66.58024776945295,66.83210868335695,0.8974010690840917,66.75092290623526,0.961876347781544
4.126,63.03552898742859,62.68456259457578,0.8974010690840917,62.616379361979725,0.9603660794977221
4.127,59.78357032157915,58.54545566620769,0.8974010690840917,58.50922498908924,0.9572532724482865
4.128,56.91284055330581,55.35676048886474,0.8974010690840917,55.17672062103663,1.0078690210605104
4.129,49.22501228873182,48.02729115240173,0.8974010690840917,47.90519848350765,1.0957310043964792
4.13,42.90549623790963,42.9992983244867,0.8974010690840917,42.88964168118096,1.1573744687599405
4.131,38.04499383948418,38.46295272951761,0.8974010690840917,38.38405290148114,1.2481397761246176
4.132,34.68526231615262,34.87014108985024,0.8974010690840917,34.871815369646406,1.3306073420791236
4.133,32.83079055017531,32.90410738306216,0.8974010690840917,32.95256060152648,1.3850994425393437
4.134,32.430161927300915,31.5746939712138,0.8974010690840917,31.740375833965206,1.3876080098685044
4.135,33.370197396814035,32.97703028719448,0.8974010690840917,33.19876830770465,1.3633030656887073
4.136,35.5243467044197,34.96439626859773,0.8974010690840917,35.25097750985543,1.338683491173014
4.1370000000000005,38.76653179024272,37.985168381330624,0.8974010690840917,38.39763931253174,1.3204066346599095
4.138,42.97574357084531,43.88471491965491,0.8974010690840917,44.26565154278393,1.2786028304768968
4.139,48.038423409115325,48.37318422081567,0.8974010690840917,48.780517011735824,1.2266561808177383
4.14,53.85162135947277,52.682618212061946,0.8974010690840917,53.216116440973806,1.2284929580373627
4.141,60.33096748248777,60.371168308677895,0.8974010690840917,60.87050796956425,1.2155101767221579
4.142,67.41600804407803,66.41348681797506,0.8974010690840917,67.00695511740264,1.2211263188371058
4.143,75.06441620511778,74.70306729651873,0.8974010690840917,75.33523418005527,1.2589129669313155
4.144,83.24496346237709,83.97566561506089,0.8974010690840917,84.61213336071816,1.2578787832723846
4.1450000000000005,91.91346213148572,92.70644275274316,0.8974010690840917,93.34072834050637,1.2464394041245792
4.146,100.98874055602936,101.67275722786924,0.8974010690840917,102.34666042110052,1.1960786984887473
4.147,110.31823327011,110.87752014389297,0.8974010690840917,111.59753764683953,1.140895284881144
4.148,119.6697280361309,120.74871784293492,0.8974010690840917,121.45796817279711,1.101750817764638
4.149,128.79271379943418,129.83004056948045,0.8974010690840917,130.5030008141005,1.0550546804837828
4.15,137.39408968885206,137.15852724706298,0.8974010690840917,137.85849897633153,1.0627342288991874
4.151,145.16050927800006,145.33647230200464,0.8974010690840917,146.02574284322398,1.1114734172400684
4.152,151.78845228461796,153.02403175577533,0.8974010690840917,153.57774060854828,1.1179508925051924
4.1530000000000005,156.27973541606303,156.90091085361811,0.8974010690840917,157.41547100228252,1.1132181765728555
4.154,159.7744448710987,160.39333766775334,0.8974010690840917,160.84857129030246,1.1220619742137554
4.155,162.42632813262335,162.78316962044147,0.8974010690840917,163.22379891344377,1.132136455727098
4.156,164.42097531118606,164.67024127968665,0.8974010690840917,165.08124162159183,1.1319455073256939
4.157,165.95770865377133,166.11204042477132,0.8974010690840917,166.45254638804494,1.1104667595985078
4.158,167.2428802398035,166.43524033784638,0.8974010690840917,166.82987923839497,1.100938093079564
4.159,168.45762010293473,168.78373838334429,0.8974010690840917,169.1319147170195,1.131975724337712
4.16,169.72407911701498,169.85653288860954,0.8974010690840917,170.2188548704992,1.1508427119278761
4.1610000000000005,171.11686983496003,172.02405048283555,0.8974010690840917,172.3515557485274,1.192907714483423
4.162,172.66340226837625,173.5343185361801,0.8974010690840917,173.81730886857596,1.2275197495175065
4.163,174.3450477812092,174.3990481533857,0.8974010690840917,174.7127377216704,1.2365202735260943
4.164,176.1211810940124,176.86894237663958,0.8974010690840917,177.08110257805203,1.2599434760447261
4.165,177.9092219330669,177.09943305931566,0.8974010690840917,177.39262002762752,1.2956217461511834
4.166,179.56526587555817,180.05129830044507,0.8974010690840917,180.23085063026622,1.2579365112132697
4.167,180.96954249679,180.66017295060297,0.8974010690840917,180.83307619181977,1.2212251520138564
4.168,181.9741564730922,181.2595540353972,0.8974010690840917,181.41347284052603,1.1963401140813934
4.1690000000000005,182.3852190989665,181.83829346248888,0.8974010690840917,181.96744871941337,1.1715393293473633
4.17,181.9905587879437,182.12647503444515,0.8974010690840917,182.14478337636376,1.156842450000015
4.171,180.5606984185074,179.66465630770978,0.8974010690840917,179.66535679972614,1.13660280656237
4.172,177.86235611961612,177.33555349387836,0.8974010690840917,177.2528081173786,1.122147313763488
4.173,173.6817135180032,173.214553487595,0.8974010690840917,173.08724170197797,1.1166361765400756
4.174,167.8419529835209,168.06136631631807,0.8974010690840917,167.8191833745506,1.1132928831204418
4.175,160.2282511774173,160.59743108153302,0.8974010690840917,160.2618411140581,1.1362137699477561
4.176,150.81216826562255,150.6625460336865,0.8974010690840917,150.42162371010014,1.0816026726540975
4.1770000000000005,145.00918902090882,143.9300288039664,0.8974010690840917,143.71354448128966,1.0162110970228972
4.178,139.33196784425505,137.9012166901088,0.8974010690840917,137.71478735907814,0.9844127315084473
4.179,133.93558676734335,133.14120127912622,0.8974010690840917,132.93884189316523,0.9822736644667911
4.18,128.9248914172515,128.1094000527774,0.8974010690840917,127.88007279907144,1.0148704768514094
4.181,124.367599525098,122.65755873573713,0.8974010690840917,122.51212912970979,1.0399993985912257
4.182,120.2973832619266,119.65668281699116,0.8974010690840917,119.51430157050771,1.0321674429818297
4.183,116.6738779495726,116.52970270408848,0.8974010690840917,116.46035259309176,1.020698458476267
4.184,113.41222341869457,114.86649818015908,0.8974010690840917,114.69434193464572,1.0136924775053358
4.1850000000000005,110.40221197383772,109.763806811871,0.8974010690840917,109.72613906794797,1.0088715399357782
4.186,107.52369714122295,108.42825731969204,0.8974010690840917,108.36320825628933,0.9790200263649322
4.187,104.65710491350268,106.18274852744494,0.8974010690840917,106.04253741717264,0.9853810791173686
4.188,101.70464085238312,101.60037343011209,0.8974010690840917,101.54558021874237,0.9933941203067291
4.189,98.60803941888553,98.901231245249,0.8974010690840917,98.8452945671133,0.9915951515371381
4.19,95.34258333461516,95.82414346861162,0.8974010690840917,95.744324744306,1.0178208088581167
4.191,91.92816238448856,91.870668925191,0.8974010690840917,91.80648249940513,1.070086291226147
4.192,88.44590090577367,88.24071016596245,0.8974010690840917,88.2149608352687,1.1422446640272255
4.1930000000000005,85.02631003179602,85.92388461735099,0.8974010690840917,85.83798131685313,1.230739404134816
4.194,81.82960921990866,82.01435082210483,0.8974010690840917,81.94259289185487,1.2979094958752546
4.195,79.00344333048275,77.5786886397373,0.8974010690840917,77.62348533578559,1.270457880562874
4.196,76.6378468268006,75.089326761903,0.8974010690840917,75.22697633502081,1.2316125054982074
4.197,74.82877702672482,74.69864914134737,0.8974010690840917,74.84712794212707,1.1700905968618698
4.198,73.68233776163211,73.95933603772804,0.8974010690840917,74.15389678293198,1.1063298176397685
4.199,73.29829839963924,74.18881997670304,0.8974010690840917,74.40211048744318,1.0797963825120367
4.2,73.81451505756496,74.74965393800315,0.8974010690840917,75.10548459836167,1.043998217177455
4.2010000000000005,78.65435186038602,79.03253913149278,0.8974010690840917,79.46529227967245,1.037895961605422
4.202,84.62492730532851,85.06470373328715,0.8974010690840917,85.56715956039295,1.0571163244320978
4.203,91.46905914881492,92.99108791569668,0.8974010690840917,93.49795207090295,1.0534685670746773
4.204,98.93589600828454,100.56258605393936,0.8974010690840917,101.05096288956494,1.0252020382167428
4.205,106.78839751283049,107.09412816931032,0.8974010690840917,107.58171376700224,1.0045733840359745
4.206,114.79632725864424,113.4419752599941,0.8974010690840917,114.06159924455721,1.038764015493604
4.207,122.73826724885984,123.04319290269436,0.8974010690840917,123.590988505786,1.0640660338360974
4.208,130.39652847038298,130.6907756709729,0.8974010690840917,131.18684705188912,1.0511571425801038
4.2090000000000005,137.54047902316714,136.4178159454386,0.8974010690840917,136.9567188454865,1.1037064389202846
4.21,143.93449920029204,143.186912825096,0.8974010690840917,143.63715118950734,1.1852239449808697
4.211,149.35506392435707,147.29147827361888,0.8974010690840917,147.75265613691442,1.2664796420929956
4.212,153.59936996579273,151.79056468319584,0.8974010690840917,152.22097052171375,1.3686999101403248
4.213,156.5004738063601,155.71351359731287,0.8974010690840917,155.96008196142512,1.3306349825567194
4.214,158.01444233817463,155.30620291545043,0.8974010690840917,155.63842220386343,1.2326393236198232
4.215,158.17569845590037,158.44115570257026,0.8974010690840917,158.60180238021448,1.1672524746806179
4.216,157.04349817697292,157.71560578847382,0.8974010690840917,157.81963198711526,1.0855752520404423
4.2170000000000005,154.70446370741166,156.3956027887564,0.8974010690840917,156.3464171428575,1.0303823675858355
4.218,151.27572344782675,151.57023316494866,0.8974010690840917,151.4927291714914,1.0097585361373596
4.219,146.88154112212084,146.15667810271574,0.8974010690840917,146.13401835742746,0.997659964785942
4.22,141.61097327785336,142.20417880100405,0.8974010690840917,142.0563844366463,0.9950360260298077
4.221,135.6100661909622,135.32942559701655,0.8974010690840917,135.218947121619,1.0041273843379723
4.222,129.0580318631025,129.6683198830091,0.8974010690840917,129.47186215406495,1.005507096688552
4.223,122.18715571266664,122.15412114066883,0.8974010690840917,121.98932164285365,1.0148330045584169
4.224,115.28164912760342,115.56010513770794,0.8974010690840917,115.49995316581,0.9793326337502152
4.225,111.684097138377,112.0796059401615,0.8974010690840917,111.98740009876074,0.9680939626653923
4.226,108.43930643288648,107.51864716259011,0.8974010690840917,107.56514691548401,0.9601419308949685
4.227,105.619327444462,106.83600292885116,0.8974010690840917,106.79612692132612,0.9567815134227716
4.228,103.28386821924305,103.79881808976228,0.8974010690840917,103.83532510124118,0.9650220839728755
4.229,101.48322413445196,102.94011348103062,0.8974010690840917,102.94802739841347,0.962194135153607
4.23,100.2610921856708,100.84611782944653,0.8974010690840917,100.86822088979235,0.969725000219287
4.231,99.65696824380318,98.8149467047245,0.8974010690840917,98.9689027498204,0.9665521129387127
4.232,99.70788545744009,100.29701290660684,0.8974010690840917,100.35229391092203,0.9629897016667698
4.233,100.4493091336912,99.04526972439804,0.8974010690840917,99.27720627557989,0.9640095538522873
4.234,101.9150568007062,102.24346973824048,0.8974010690840917,102.41334131359285,0.9607972871835018
4.235,104.13616230516467,103.4331832598182,0.8974010690840917,103.70643373036798,0.9568310856541605
4.236,107.13865159590183,107.05266350086396,0.8974010690840917,107.28319435967455,0.9542115456259167
4.237,110.94024800821356,109.32799559705096,0.8974010690840917,109.64538353513863,0.9583322613770243
4.238,115.54607950051906,114.25094155432706,0.8974010690840917,114.6732840243508,0.996059627864065
4.239,120.943522435129,121.7679402385946,0.8974010690840917,122.08719911971444,0.9911816911717288
4.24,127.0963885920289,126.35224833679422,0.8974010690840917,126.78230292364997,0.9961294960374741
4.241,133.93874550963886,134.06636902093655,0.8974010690840917,134.48791172230406,1.0408357065802838
4.242,141.36875463529523,141.71153846506027,0.8974010690840917,142.1423182629428,1.0587623174380898
4.243,149.24301453674516,149.37527673120746,0.8974010690840917,149.83000946052616,1.092217939122327
4.244,157.37200208696245,157.7882578534473,0.8974010690840917,158.20230942681636,1.1210085029594195
4.245,165.51730416423007,165.08086918086212,0.8974010690840917,165.5349868014893,1.156317743268195
4.246,173.39141324694094,173.39226052650793,0.8974010690840917,173.78892852974857,1.195318413257594
4.247,180.6609056076012,180.16738689714984,0.8974010690840917,180.54194244327712,1.2145769081667734
4.248,186.9538102618439,186.83279800224,0.8974010690840917,187.19827273070572,1.2555157546172224
4.249,192.92062023415568,193.30201682431743,0.8974010690840917,193.55101362686472,1.2704215859471781
4.25,197.3866373351936,197.0490147594424,0.8974010690840917,197.21248688655538,1.26844324722175
4.251,200.29733040794565,198.70016891989115,0.8974010690840917,198.8645809670798,1.27214625849226
4.252,201.62827803676373,200.67486206262865,0.8974010690840917,200.7795342104047,1.2765619591223063
4.253,201.376810810884,201.6319316553004,0.8974010690840917,201.61119629883007,1.2675434526011413
4.254,199.5551657441058,199.99318203556848,0.8974010690840917,199.8695082564289,1.252465406482616
4.255,196.1854979661756,196.31325644201596,0.8974010690840917,196.16185102191315,1.2233349277789334
4.256,191.29693364768025,192.73174975273588,0.8974010690840917,192.48744578210514,1.204862543621645
4.257,184.9247153647885,186.9797599483481,0.8974010690840917,186.66741665994547,1.1847958396236615
4.258,177.11138292803923,180.1461729403284,0.8974010690840917,179.6349003439482,1.2147330158269931
4.259,167.9098430588664,167.93535557196262,0.8974010690840917,167.55039765468754,1.175177090476834
4.26,157.38810315704535,159.87485255795178,0.8974010690840917,159.2555079634476,1.17764870315564
4.261,145.63537070889276,145.6309634631536,0.8974010690840917,145.08446198339496,1.2164820646676626
4.2620000000000005,132.76914443520343,133.65799891993407,0.8974010690840917,133.04361949091074,1.2007806863138357
4.263,118.9428414531536,120.05867634308268,0.8974010690840917,119.41192696922738,1.2605445641923338
4.264,104.35341417680036,105.5352495882226,0.8974010690840917,104.84607802512248,1.3377286381498796
4.265,89.24831196263533,89.51352032149003,0.8974010690840917,88.86034919467177,1.4029781222941564
4.266,73.93103968826279,74.72097565235592,0.8974010690840917,74.07461373804851,1.453154976933977
4.267,58.76446666610945,59.576372808743386,0.8974010690840917,58.91976401638006,1.5541658123690507
4.268,44.17095716035054,43.83020530883344,0.8974010690840917,43.24454691330135,1.637804704422028
4.269,30.628345593685356,29.63202690430368,0.8974010690840917,29.218874371928564,1.653332256182089
4.2700000000000005,18.660787081491208,19.540709078754624,0.8974010690840917,19.10365568221392,1.697865711513452
4.271,8.823602692241664,8.479160953342111,0.8974010690840917,8.245205194093714,1.7420566894409926
4.272,1.681436394027358,2.415478725532316,0.8974010690840917,2.3944680376418317,1.7201866383385829
4.273,0.0,1.489790390596463,0.8974010690840917,1.4995996184125537,1.7099772038860015
4.274,0.0,0.5761158327797355,0.8974010690840917,0.6307784996015112,1.7587652770038436
4.275,0.0,-0.0812976614082359,0.8974010690840917,0.015495772077141144,1.8432241419525073
4.276,0.0,-0.4877638110861468,0.8974010690840917,-0.3567733561082717,1.9280823322321374
4.277,0.0,-0.9308486774759572,0.8974010690840917,-0.6906160123660733,1.9776432549197245
4.2780000000000005,0.0,0.4576651580179742,0.8974010690840917,0.6880164119941701,2.006846924877017
4.279,0.0,0.5957553912887619,0.8974010690840917,0.8423894399752041,1.916427042840734
4.28,0.0,-0.1214137305307723,0.8974010690840917,0.510224182555017,1.815743302309634
4.281,8.654905662331743,8.918471249939,0.8974010690840917,9.689329487424207,1.705025531635412
4.282,19.06781307644158,20.616998112644435,0.8974010690840917,21.355669232165802,1.5289384563127073
4.283,31.04010485769595,30.530080876063728,0.8974010690840917,31.42378122516819,1.3961884225530106
4.284,44.39068509219968,43.54740654056961,0.8974010690840917,44.529904620190855,1.3514781180555158
4.285,58.94501323250433,58.20780324449749,0.8974010690840917,59.31414820639169,1.3622385824418697
4.2860000000000005,74.54126900573772,75.42811916173423,0.8974010690840917,76.48743903091315,1.3620634462294179
4.287,91.04011567464212,91.22774353542955,0.8974010690840917,92.34028779759836,1.353445707081237
4.288,108.26154701868998,108.59456573046486,0.8974010690840917,109.73024873125425,1.4007859924139572
4.289,125.95335481980376,126.56334237244825,0.8974010690840917,127.7179864478752,1.449781695798791
4.29,143.78526431069906,144.97694025419696,0.8974010690840917,146.08218309713462,1.4896251444632025
4.291,161.3507240470422,162.27746706531678,0.8974010690840917,163.34905108430405,1.5386912860543056
4.292,178.16023108794633,178.50571097989064,0.8974010690840917,179.53252361794534,1.6360934278718713
4.293,193.6353629939373,193.45326081724187,0.8974010690840917,194.4283330500528,1.7742135660308147
4.2940000000000005,207.135540598871,207.0496336588542,0.8974010690840917,207.89049518502728,1.9084914256612762
4.295,217.9953321652032,217.28296728706,0.8974010690840917,218.0316604121058,2.0374990077904394
4.296,225.55996272529708,225.20457707122188,0.8974010690840917,225.83660719865597,2.094706230436105
4.297,230.87829553377628,231.206411965694,0.8974010690840917,231.63755226450664,2.0498853594875435
4.298,233.1634614489572,232.79979424321888,0.8974010690840917,233.0979108706376,1.9504772347034238
4.299,232.7697999747794,232.00641739509408,0.8974010690840917,232.20671427373748,1.818058780171165
4.3,230.11128173417097,230.19684265144036,0.8974010690840917,230.26939095103677,1.6916150333990332
4.301,225.6233392146381,225.7957858130507,0.8974010690840917,225.75467054517168,1.6107663874264342
4.3020000000000005,219.6934064778047,219.24894971876697,0.8974010690840917,219.1817712612724,1.4652039541683777
4.303,212.69507048709104,213.78774698247773,0.8974010690840917,213.58138279541998,1.371396331761559
4.304,204.95032714985177,205.47244053585223,0.8974010690840917,205.28671334343827,1.3272909509358426
4.305,196.67174334489837,198.79745134457565,0.8974010690840917,198.4854596786431,1.3062914152872533
4.306,188.01285954853967,189.2890934225217,0.8974010690840917,188.95460030528523,1.2851180009405518
4.307,179.0876306290366,179.7562935806019,0.8974010690840917,179.40275442978933,1.2217163739499348
4.308,169.98037877513718,170.49635305531808,0.8974010690840917,170.14469940810272,1.1742932108198356
4.309,160.74138104960153,161.1667250821036,0.8974010690840917,160.76661454241494,1.1472984335165417
4.3100000000000005,151.3936599926287,150.8925019740747,0.8974010690840917,150.5303134080537,1.1043785384209128
4.311,141.94793760119782,142.21062698415912,0.8974010690840917,141.8017163095338,1.0937439323523794
4.312,132.38304153331245,131.8719182647481,0.8974010690840917,131.4750941312405,1.102077924349189
4.313,122.68342186244008,122.13675884449236,0.8974010690840917,121.75306914618048,1.0958330725095873
4.314,112.80979296462478,112.09277671012724,0.8974010690840917,111.7114953997725,1.1014275377328007
4.315,102.75519475820042,102.17187936718668,0.8974010690840917,101.80216538357229,1.105895772126698
4.316,92.61430913544598,93.26669162577406,0.8974010690840917,92.839548236886,1.1429137411127406
4.317,82.52354704096945,82.71104410350884,0.8974010690840917,82.30407574411454,1.171257067567731
4.3180000000000005,72.60306498753016,72.16915849389744,0.8974010690840917,71.80745983216863,1.1992734494658497
4.319,63.08972263113266,63.07261440088861,0.8974010690840917,62.70587460234071,1.2165301562519881
4.32,54.28107032942026,53.46135783397687,0.8974010690840917,53.198217563274014,1.2336897940343827
4.321,47.266517898216776,46.111648863726,0.8974010690840917,45.96990088828559,1.2627157202077606
4.322,42.56696606351585,42.05342785084756,0.8974010690840917,41.98501103973712,1.283915000174422
4.323,40.164412108973,39.45491998879651,0.8974010690840917,39.493213151776416,1.3244149608255606
4.324,39.96751419426667,39.23603827482522,0.8974010690840917,39.35774280877213,1.3465904749084268
4.325,41.812210264656215,41.052142974824406,0.8974010690840917,41.24303403622622,1.3361547393962396
4.3260000000000005,45.46947547066429,44.360540585058274,0.8974010690840917,44.68257295396368,1.3110423568240368
4.327,50.67534545971402,50.31422415248967,0.8974010690840917,50.66136038273815,1.2757999022906716
4.328,57.14996224986278,56.314745481976026,0.8974010690840917,56.756182856416494,1.2413238483813804
4.329,64.60630518466901,64.25644126432555,0.8974010690840917,64.70232923259212,1.184132209512038
4.33,72.7409905021893,71.56620071136923,0.8974010690840917,72.03470092007262,1.102888565225951
4.331,81.22533588887778,78.86728826444703,0.8974010690840917,79.4312429738998,1.0685573468825766
4.332,89.72759351985712,88.08249877327572,0.8974010690840917,88.64659854525382,1.0650785578248911
4.333,97.93112936057328,96.86957662885531,0.8974010690840917,97.40741293948622,1.0552576665200353
4.3340000000000005,105.56360437532234,104.4163065959537,0.8974010690840917,104.92094979312152,1.0371344385835077
4.335,112.43936565688146,110.94733365693494,0.8974010690840917,111.48517367904432,1.0382380067444565
4.336,118.4385486045662,118.85183691657984,0.8974010690840917,119.2811456620879,1.0191836884379901
4.337,123.48606106523631,124.41888503929964,0.8974010690840917,124.78813054584306,0.9759500948721617
4.338,127.53196377658364,128.7554611138868,0.8974010690840917,129.04564036522618,0.9466795162396541
4.339,130.55374034210914,130.7890108867594,0.8974010690840917,131.05499358616618,0.9342866713626499
4.34,132.5419750925653,132.16041329228784,0.8974010690840917,132.47683820953603,0.9357772077530878
4.341,133.4587706988198,134.8349634440907,0.8974010690840917,135.0075848742602,0.9298020444617288
4.3420000000000005,133.2772198441713,133.3075588023773,0.8974010690840917,133.56701154548963,0.9310106103606532
4.343,132.00629733358534,134.3562155791017,0.8974010690840917,134.4258515013523,0.940896325976337
4.344,129.6978273626663,130.42201133890168,0.8974010690840917,130.62141171869362,0.9457246529378224
4.345,129.55266237250257,130.16107623049777,0.8974010690840917,130.36774509003945,0.938853488600538
4.346,128.871028712372,130.23491228090165,0.8974010690840917,130.3625145751917,0.9389720816900121
4.347,127.71121427206818,128.3849260157679,0.8974010690840917,128.52177967399626,0.9378210890221949
4.348,126.14542390537116,127.171399504753,0.8974010690840917,127.24397160512854,0.9402162223946142
4.349,124.2574281305402,124.11014691222384,0.8974010690840917,124.24505770290938,0.9347905743210347
4.3500000000000005,122.1661051463896,123.1010815845504,0.8974010690840917,123.18913065865395,0.9378042910162314
4.351,120.0357330932434,120.94681416267954,0.8974010690840917,121.018772651799,0.9690433190151455
4.352,118.03828755611018,118.3876635905422,0.8974010690840917,118.46030499034826,1.0171498984380534
4.353,116.34080706669792,115.98078716780964,0.8974010690840917,116.09763429699166,1.0713726785129702
4.354,115.10281623959092,114.36990753034246,0.8974010690840917,114.50305305986467,1.1367166534544493
4.355,114.47393962604669,112.98362624389304,0.8974010690840917,113.23609558176936,1.1650823847688214
4.356,114.53711244274726,114.33998774699192,0.8974010690840917,114.57272180034016,1.0878208059098944
4.357,115.26016231666708,114.62530241002604,0.8974010690840917,114.87304894012445,1.025065735274219
4.358,116.58943602618668,114.62737424139222,0.8974010690840917,115.01528239751423,0.9852750808552637
4.359,118.45873494281004,118.2443135319127,0.8974010690840917,118.61246575315964,0.9604056787630679
4.36,120.78827142720472,121.11083276067924,0.8974010690840917,121.49381777560039,0.9468201287765515
4.361,123.48356250679376,124.40035349815696,0.8974010690840917,124.71272894144433,0.9507175241636252
4.362,126.43451957786664,125.61724626320424,0.8974010690840917,126.01235907365312,0.9696771380917905
4.363,129.55440743858952,128.95038234435486,0.8974010690840917,129.3037556316412,0.9685363071049444
4.364,132.81483992601767,131.60149124647654,0.8974010690840917,132.01592443137443,0.9737086469311075
4.365,136.16215531897396,135.93564443960602,0.8974010690840917,136.29886368111931,0.984300002771127
4.366,139.50391371790946,139.17878365940982,0.8974010690840917,139.5364890930338,0.9863667715830927
4.367,142.72162064682098,142.41509249459764,0.8974010690840917,142.77061670298048,1.0068553319859601
4.368,145.66034555693497,145.49406890216957,0.8974010690840917,145.85906291843986,1.0565783598785343
4.369,150.88152895907822,148.61522577475876,0.8974010690840917,149.03271640687086,1.1390274978551678
4.37,155.55822617923158,153.28959838485312,0.8974010690840917,153.72575305364612,1.2510171679453281
4.371,159.52414112875294,158.47952269423416,0.8974010690840917,158.81619397335115,1.3389138202079502
4.372,162.64727235307743,161.55309402779085,0.8974010690840917,161.83086664623323,1.3428974495530555
4.373,164.87847535005804,163.63233009791966,0.8974010690840917,163.8447009307846,1.3401979045062413
4.374,166.20731184819584,164.2016078978955,0.8974010690840917,164.44707675876586,1.2592844151901805
4.375,166.6793829838713,166.73851935358994,0.8974010690840917,166.83583983651553,1.1839800182529343
4.376,166.3608641180729,166.36724202621477,0.8974010690840917,166.4382721363611,1.1027116515456015
4.377,165.317314989646,166.21291192929328,0.8974010690840917,166.18010268190494,1.040734507603771
4.378,163.61173373845472,163.83043525892884,0.8974010690840917,163.7729432674518,0.9904120561313003
4.379,161.29993686420812,161.34010239941784,0.8974010690840917,161.2725898178304,0.9770511121252005
4.38,158.3734915113664,158.76312736355152,0.8974010690840917,158.59756349682664,0.9945792955617192
4.381,154.77723134676262,153.57328965198022,0.8974010690840917,153.46964403647468,1.0036711192946457
4.382,150.45717241450384,149.72922098597468,0.8974010690840917,149.57843125956927,1.001169372546842
4.383,145.38597049768873,144.48991005600487,0.8974010690840917,144.2738193556138,1.0131201072133584
4.384,139.57397621195742,137.70539324002436,0.8974010690840917,137.53524555685664,1.002080143491459
4.385,133.0601721646689,132.354555483798,0.8974010690840917,132.16405089149706,0.9854920787685832
4.386,125.9134320294781,126.76549970176735,0.8974010690840917,126.45028049422878,1.0204837060409242
4.3870000000000005,118.2381426810927,118.12008241579706,0.8974010690840917,117.81421451306234,1.0647112151878249
4.388,110.17902823059084,109.505288647236,0.8974010690840917,109.19352004075151,1.0828254723785873
4.389,101.9245949180345,100.63124111466736,0.8974010690840917,100.39873424416703,1.08164383604148
4.39,93.7085351846854,94.16791038973642,0.8974010690840917,93.83778961869159,1.1116025885568792
4.391,85.81004147779252,84.58947527302222,0.8974010690840917,84.32994281948166,1.1827318432975633
4.392,78.57276722747885,77.32293247472475,0.8974010690840917,77.21649594988546,1.2068798516780226
4.393,73.75134182164356,73.9942511945912,0.8974010690840917,73.8982385421244,1.2688040338232027
4.394,70.15216182935927,70.48249924403653,0.8974010690840917,70.39491186564017,1.3667430455027214
4.3950000000000005,67.8168618694437,67.28342393875437,0.8974010690840917,67.30716731580866,1.3899469181230717
4.396,66.70315823459921,66.68024314834051,0.8974010690840917,66.74388258496776,1.3530097773562966
4.397,66.69924940281743,66.32446354867236,0.8974010690840917,66.50656638590124,1.2615863684521547
4.398,67.63413628864693,68.38248164181512,0.8974010690840917,68.56169929886214,1.1635585196463045
4.399,69.32481796600001,69.42641973241295,0.8974010690840917,69.67776290370848,1.0863647072464309
4.4,71.59117182537697,71.88132248732019,0.8974010690840917,72.15354539483218,1.0222612461555418
4.401,74.26056945886464,74.44258535917218,0.8974010690840917,74.73905227148799,0.9695153776846723
4.402,77.17551508562934,76.78797312809952,0.8974010690840917,77.0992400956621,0.9584776669783249
4.4030000000000005,80.25206462040651,79.43194696896126,0.8974010690840917,79.76097839513524,0.9646523819355329
4.404,83.47307340484953,82.25366391966274,0.8974010690840917,82.66895145625853,0.9901966075024239
4.405,86.85011166835282,87.24132348766948,0.8974010690840917,87.5312727527536,0.9896124551738269
4.406,90.3937402209482,88.84262897030325,0.8974010690840917,89.28874434364718,0.9963361299906385
4.407,94.09094310750991,94.3439225214419,0.8974010690840917,94.71481617559238,0.9905705050739315
4.408,97.90207956098868,97.56551724042482,0.8974010690840917,97.99497910222898,0.9773836100046188
4.409,101.78199419990769,102.38098993505646,0.8974010690840917,102.74691594333589,0.9674490609550555
4.41,105.68191343060032,105.48345579612402,0.8974010690840917,105.87664296674639,0.9553540531352934
4.4110000000000005,109.54803178473946,109.13698330999227,0.8974010690840917,109.52777485378438,0.9536082360885778
4.412,113.32062288382178,112.51237231097453,0.8974010690840917,112.9583128511852,0.9600526121584468
4.413,116.93383254812078,117.30905846764595,0.8974010690840917,117.71234955413533,0.962891733170139
4.414,120.31629809366297,121.00325681627818,0.8974010690840917,121.371168942099,0.9521783235708489
4.415,123.3927142435286,123.8513217073556,0.8974010690840917,124.20864851349799,0.9493281203475541
4.416,126.08642848033196,126.13260138066184,0.8974010690840917,126.45407722795042,0.946386435784468
4.417,128.14227360876794,127.59023687772614,0.8974010690840917,127.95128061095828,0.9505862144941617
4.418,129.4660973590723,129.99217340983697,0.8974010690840917,130.2755787559819,0.9502022102232838
4.4190000000000005,130.1068295390797,130.6752298850129,0.8974010690840917,130.90783647024315,0.9455218718825328
4.42,130.14854386167616,130.2535432264705,0.8974010690840917,130.45517003277712,0.9451083317418723
4.421,129.70299144986342,129.05827384569173,0.8974010690840917,129.29639738773733,0.9427227671865637
4.422,128.90226326769937,128.88145127240278,0.8974010690840917,129.08829447665207,0.9417973138581707
4.423,127.89183533369837,127.87610154978675,0.8974010690840917,128.08738621311508,0.9409057928006906
4.424,126.82412204338549,127.0165314292084,0.8974010690840917,127.27457595058428,0.9376855199079533
4.425,125.85255872171592,127.60181755966092,0.8974010690840917,127.70801750425265,0.9418758905879525
4.426,125.12615733230967,123.95011038099987,0.8974010690840917,124.21954317952431,0.9377848179669719
4.4270000000000005,124.78465795212765,124.70227715942993,0.8974010690840917,124.91535056962286,0.9329924084220902
4.428,124.95950600030214,124.1732169403016,0.8974010690840917,124.41848687030794,0.9292120202923954
4.429,125.78354055009255,124.82312803958072,0.8974010690840917,125.14099674351198,0.9335097396997324
4.43,127.37918778274336,127.62213120879872,0.8974010690840917,127.93473968577797,0.9468670299167901
4.431,129.86281539805964,130.82292158099364,0.8974010690840917,131.09774267930226,0.9541336228846934
4.432,133.33098177100413,133.08754558386383,0.8974010690840917,133.43573679179693,0.9596262967028412
4.433,137.78789715912254,137.02484659464318,0.8974010690840917,137.44536334070708,0.9811345525945759
4.434,143.15072029376873,143.20085890233648,0.8974010690840917,143.58725368361493,0.9805318509878624
4.4350000000000005,149.24611038589387,147.95724396865495,0.8974010690840917,148.44514267169419,1.0075291723218012
4.436,155.82520248180677,155.41130299404057,0.8974010690840917,155.85294041562207,1.0566761733337489
4.437,162.60163361443864,161.5276395630079,0.8974010690840917,162.0113009320163,1.1179707324372596
4.438,169.2222659186241,168.46246396914046,0.8974010690840917,168.94522277492413,1.1894692892171719
4.439,175.31512600386424,175.88456183632934,0.8974010690840917,176.29178601579272,1.2217852279991481
4.44,180.51039332703516,181.8370985452833,0.8974010690840917,182.1070735142421,1.2202557442965232
4.441,183.4733433995816,184.0481527505277,0.8974010690840917,184.296085938821,1.2068871293277748
4.442,185.73148872098227,185.7072084230736,0.8974010690840917,185.88439341136447,1.2013022388503114
4.4430000000000005,187.3502148684952,185.8072695321064,0.8974010690840917,186.03940393410755,1.195377912396013
4.444,188.37632070945705,188.08541885484408,0.8974010690840917,188.15383811820814,1.2066448621025383
4.445,188.83790754552356,185.81651501526716,0.8974010690840917,185.97256281930524,1.1921815032967407
4.446,188.74069332888587,186.09235807127573,0.8974010690840917,186.22945808458545,1.1879811383605254
4.447,188.05709671135585,186.58321126365087,0.8974010690840917,186.691887573052,1.2279166138888127
4.448,186.6955638522691,186.7364943844375,0.8974010690840917,186.71121008520373,1.294334419418669
4.449,184.51071071715228,184.02000624494812,0.8974010690840917,183.99237526980235,1.34954851891595
4.45,181.3377454700417,181.8822942665909,0.8974010690840917,181.75632662006535,1.4109528227894537
4.4510000000000005,177.0013639491624,177.5527900517415,0.8974010690840917,177.31044957805946,1.438118123809477
4.452,171.36463557890715,170.4371890644918,0.8974010690840917,170.19250849151467,1.3582841120146212
4.453,164.37202086334128,163.80981378962372,0.8974010690840917,163.4639260593921,1.2433455948723064
4.454,156.0211660142002,155.46167668059834,0.8974010690840917,155.0833047596405,1.1572489370859702
4.455,146.33825527431785,146.9402604332414,0.8974010690840917,146.45023197937937,1.1214258898497895
4.456,135.38109776308818,136.1126985409367,0.8974010690840917,135.54307826741737,1.161606993106354
4.457,123.25022917680012,123.5684663636826,0.8974010690840917,122.93623686637973,1.2493943172942519
4.458,110.09313424927724,109.61338106066384,0.8974010690840917,108.9913602826892,1.3211028875922532
4.4590000000000005,96.05604528524506,95.3403973545184,0.8974010690840917,94.73028733455871,1.3592412173595854
4.46,81.31159628338855,81.2181893397016,0.8974010690840917,80.54022514784248,1.4422322473686817
4.461,66.122659831191,64.98302772999344,0.8974010690840917,64.36687902234335,1.52308720821791
4.462,50.85254284484135,49.90008818931607,0.8974010690840917,49.32619710112474,1.5794015822066412
4.463,35.97448746291896,35.53174867468677,0.8974010690840917,34.984229501920446,1.6613396632725275
4.464,22.050404877640236,21.878527044409147,0.8974010690840917,21.37729271828949,1.7413809533168836
4.465,8.743723746188607,9.258671906105178,0.8974010690840917,8.901681444176818,1.8149092049133615
4.466,0.0,0.2343082169672925,0.8974010690840917,0.20301117062721213,1.8856752702173147
4.4670000000000005,0.0,0.0049045342616445,0.8974010690840917,0.08129445399878775,1.950366369083332
4.468,0.0,1.9426554902807676,0.8974010690840917,1.9634226250755,2.0213621351934496
4.469,0.0,1.684770147208063,0.8974010690840917,1.7203340131126685,2.1007263426852956
4.47,0.0,0.5174455629237116,0.8974010690840917,0.6717615002854297,2.183591531074668
4.471,0.0,1.1287871110566527,0.8974010690840917,1.270109875833924,2.0865568426736307
4.472,0.0,-0.3467849572319323,0.8974010690840917,-0.103975594821233,1.9667991365145845
4.473,0.0,-0.7961804745796144,0.8974010690840917,-0.49776026687742514,1.8358953722276372
4.474,0.0,-1.7250789260271588,0.8974010690840917,-1.3756032375543445,1.7241351948145553
4.4750000000000005,0.0,-2.688434050782279,0.8974010690840917,-2.2403319514495292,1.6165295681713538
4.476,0.2434015642973719,-2.20074930708563,0.8974010690840917,-1.3432715535014708,1.550258375168265
4.477,11.809080781952131,9.453989324262894,0.8974010690840917,10.412899629132259,1.5133818161619679
4.478,25.363374754957988,22.878488705798425,0.8974010690840917,23.984944506720225,1.5356320241766144
4.479,40.84236966116941,39.86817003876102,0.8974010690840917,41.02895674716659,1.5581904343768165
4.48,58.13502482995468,58.41511807099306,0.8974010690840917,59.58279676719187,1.5059798254323353
4.481,77.03942861932087,76.6219072622564,0.8974010690840917,77.85690116779536,1.474704646775048
4.482,97.2607771629268,96.13840632652008,0.8974010690840917,97.46706779195783,1.5318914795901648
4.483,118.38953805455714,117.81507982073433,0.8974010690840917,119.13765466973442,1.6153712066461718
4.484,139.87803174291406,139.03801584569948,0.8974010690840917,140.38433018903808,1.7340129293627282
4.485,161.07460393556664,160.4477568039092,0.8974010690840917,161.7880964190733,1.9160085393708546
4.486,181.24228829139807,181.8326936695429,0.8974010690840917,183.0292069802416,2.0730026316635666
4.487,199.57453390473933,199.4695479671177,0.8974010690840917,200.5649391996414,2.211888140032097
4.488,215.22062490961665,214.87123424677253,0.8974010690840917,215.79862204115213,2.363549514339646
4.489,226.56018832164332,226.46876764592577,0.8974010690840917,227.2230941845807,2.39214102386155
4.49,234.8000672150465,234.31730250183492,0.8974010690840917,234.91576817608836,2.2965060653016445
4.491,240.15523425712595,239.46135562315123,0.8974010690840917,239.94822046473078,2.1985935166330397
4.492,242.9148875170648,242.92590796511564,0.8974010690840917,243.2193272185221,2.08512099554514
4.493,243.41066973678176,242.5006855741081,0.8974010690840917,242.72266307648837,1.9495287005674296
4.494,241.988930774506,241.5259062076459,0.8974010690840917,241.61891609493597,1.8135904954754627
4.495,238.9878056968111,238.4558632694516,0.8974010690840917,238.48982790987964,1.6698072941010693
4.496,234.71794685506035,235.07476857669857,0.8974010690840917,234.98641379756359,1.6011693162700262
4.497,229.3986420726057,229.2566162071397,0.8974010690840917,229.12265087611743,1.5501271343579064
4.498,223.1667238024641,223.51951565337856,0.8974010690840917,223.34174861194415,1.4867048038192465
4.499,216.12161704356217,217.5275504712692,0.8974010690840917,217.22648769423583,1.4407945174624006
4.5,208.3191008720018,209.1180842077514,0.8974010690840917,208.78526437032963,1.3895293056040678
4.501,199.7758873606826,200.5806518315124,0.8974010690840917,200.19842956071767,1.3259211440653578
4.502,190.47790663240136,191.51892097405357,0.8974010690840917,191.0816211898697,1.2750838963440079
4.503,180.39123130817973,181.709087088618,0.8974010690840917,181.1991979481606,1.2541290539218457
4.504,169.4752043378267,170.0353317799713,0.8974010690840917,169.5016063969501,1.2353332277624611
4.505,157.69729250270584,157.97608126607807,0.8974010690840917,157.4352646042776,1.203557449637836
4.506,145.0491145039557,145.88029896506407,0.8974010690840917,145.26024727978856,1.216219320495953
4.507,131.56298293741986,131.80337021276972,0.8974010690840917,131.14355979542768,1.267678892142109
4.508,117.32815397458693,116.66869700766308,0.8974010690840917,116.03769332124568,1.288350514402619
4.509,102.50580343443056,102.42483437270474,0.8974010690840917,101.74913226491408,1.330915028513179
4.51,87.34155620417076,87.09148767389061,0.8974010690840917,86.43734434745863,1.40103502410589
4.511,72.17420845133901,72.17861395525759,0.8974010690840917,71.5546881860825,1.4561201926123377
4.5120000000000005,57.4391279049675,57.79468757661071,0.8974010690840917,57.30068965209239,1.4787068027989192
4.513,47.26499673305854,46.75433212843087,0.8974010690840917,46.387556925983674,1.4687395526327767
4.514,39.6120703975573,38.920770911152246,0.8974010690840917,38.659496796098736,1.4667400832703792
4.515,34.51557544100254,33.22645251286626,0.8974010690840917,33.09761617472281,1.4643037813701523
4.516,31.92150047603809,30.241279721476648,0.8974010690840917,30.273485612681647,1.4597306359508364
4.517,31.70454467369555,31.36066746856273,0.8974010690840917,31.427910456603897,1.4367563546080933
4.518,33.68487782348575,32.66554765426169,0.8974010690840917,32.90377216941148,1.4227593211423017
4.519,37.642952399787816,38.09127051256019,0.8974010690840917,38.34782349645676,1.3834236673816716
4.5200000000000005,43.33194935444361,43.17091631729731,0.8974010690840917,43.53111701402733,1.34472475049412
4.521,50.48772199830053,50.46923351138349,0.8974010690840917,50.93624852759426,1.3205752128366326
4.522,58.83632519712033,60.02116955929917,0.8974010690840917,60.46281403586415,1.2545843685323654
4.523,68.09938419126516,67.95756070693936,0.8974010690840917,68.5115341424559,1.2174619776098967
4.524,77.99767553229586,78.66589516060505,0.8974010690840917,79.20120828132168,1.1931599908533936
4.525,88.25336983626808,88.70280349669501,0.8974010690840917,89.292345955149,1.1460620384588094
4.526,98.59142986314669,99.2231902717586,0.8974010690840917,99.8327238049144,1.1225095277409662
4.527,108.74067410335968,109.60222052894632,0.8974010690840917,110.1165132551699,1.0621616182822917
4.5280000000000005,118.4350099137478,116.9134948265004,0.8974010690840917,117.51505356779518,1.044728809111878
4.529,127.41531339517186,125.94444538732829,0.8974010690840917,126.56967869318613,1.0862582646386738
4.53,135.43238549518304,135.57913129948386,0.8974010690840917,136.14146254298217,1.0915839444344928
4.531,142.2513430924268,143.62125019343975,0.8974010690840917,144.06389589600352,1.0580881284071544
4.532,147.65770639033707,148.491384496338,0.8974010690840917,148.87869534562944,1.0371803700909852
4.533,151.4653153500035,151.93031979547348,0.8974010690840917,152.27385709189343,1.034697308883389
4.534,153.52604389605094,154.69263838685623,0.8974010690840917,154.9148814153261,1.0288756371885477
4.535,153.74107853889254,154.56188135666105,0.8974010690840917,154.70205355858567,1.02165674719469
4.5360000000000005,152.07328827679692,152.6250623986388,0.8974010690840917,152.92208661497244,1.0079242255920822
4.537,154.34758577610165,155.67389680534703,0.8974010690840917,155.88209465191736,1.0264476135195506
4.538,155.4684998650587,156.15602578893677,0.8974010690840917,156.31995688437453,1.0194624378067385
4.539,155.43300384800258,155.81803438309774,0.8974010690840917,155.9652933475646,1.0155897492572914
4.54,154.26846085154517,155.29485583322722,0.8974010690840917,155.3545576289203,1.0159374929146008
4.541,152.02704189322412,152.41816266265064,0.8974010690840917,152.43740285373036,1.0154102349661989
4.542,148.7810363625633,148.59604282518413,0.8974010690840917,148.57287475768263,1.0084883065953192
4.543,144.61923920351848,143.986659140145,0.8974010690840917,143.95669345297927,1.0023332882548783
4.5440000000000005,139.64446441171705,139.06673355828124,0.8974010690840917,138.9935296823162,0.9975823206491247
4.545,133.97212212000986,133.2788877178053,0.8974010690840917,133.1871589002109,0.9940751517102204
4.546,127.72970553785323,127.44565853117196,0.8974010690840917,127.3134775365259,0.9991755071003707
4.547,121.05696201590148,120.56472394588724,0.8974010690840917,120.43619790328493,1.0075209125016014
4.548,114.1081490197478,113.87550988157764,0.8974010690840917,113.7478873619811,1.0115189266577973
4.549,107.07792693723172,107.64680806853572,0.8974010690840917,107.43711243241405,1.0710002993257706
4.55,100.21311250001328,98.91592299552978,0.8974010690840917,98.82743386208465,1.1412172107549752
4.551,93.78510855145564,93.8005728397388,0.8974010690840917,93.70272147036661,1.1830660603399668
4.5520000000000005,88.05095795139592,88.19997470630659,0.8974010690840917,88.12251046850109,1.250922379401428
4.553,83.24524928335669,82.89741768898035,0.8974010690840917,82.85484757907855,1.282593580320115
4.554,79.56964921988232,78.31964026423927,0.8974010690840917,78.40008790785778,1.2226881549738249
4.555,77.15797712523877,76.228636260715,0.8974010690840917,76.36951525871918,1.1477303584613103
4.556,76.1075873960066,75.28464105788736,0.8974010690840917,75.54281822557971,1.081422859264242
4.557,76.49377292248101,77.19243391093863,0.8974010690840917,77.39492533508431,1.0501945992164032
4.558,78.39988299240471,77.38894837708942,0.8974010690840917,77.73619139997105,1.0048074370076157
4.559,81.84541191074263,81.07163149325355,0.8974010690840917,81.53228260832347,0.9940838563657468
4.5600000000000005,86.79179036235482,87.1925909583093,0.8974010690840917,87.66260822106507,1.0079255330204524
4.561,94.0484196464418,93.43483044786532,0.8974010690840917,94.02171843912699,1.0469264921850099
4.562,102.0269663282004,103.03281029681638,0.8974010690840917,103.54951730780002,1.0627922713146987
4.563,110.50260908650895,110.89763058492944,0.8974010690840917,111.47819189218528,1.0618099646470371
4.564,119.2511961331236,120.77883090133126,0.8974010690840917,121.26473725272817,1.0506318541793909
4.565,128.06068319371238,127.76079813434934,0.8974010690840917,128.33788505253068,1.0522976838995235
4.566,136.74487196131977,137.0708818758771,0.8974010690840917,137.57312963195946,1.0741033184056379
4.567,145.14659218605976,144.1635841250983,0.8974010690840917,144.7661340431792,1.1046573994292417
4.5680000000000005,153.13456419722343,154.02934981513403,0.8974010690840917,154.4933192333302,1.1304828326266048
4.569,160.59797204435117,160.4329004795399,0.8974010690840917,160.97085712815004,1.1550144231654802
4.57,167.42859775098657,169.05436972579207,0.8974010690840917,169.4472369673434,1.2050091752311016
4.571,173.51265358863378,173.98421527831937,0.8974010690840917,174.34322231290255,1.2366235430548997
4.572,178.73172476241442,178.15063408357804,0.8974010690840917,178.53918785492522,1.325364963464122
4.573,182.95372851421325,183.26812975585992,0.8974010690840917,183.59190621289272,1.3994083128662838
4.574,186.0611327202185,187.00078977457744,0.8974010690840917,187.2220155819471,1.3698595865107235
4.575,188.00423405594432,188.55817050095752,0.8974010690840917,188.7017062972759,1.3769436058148512
4.5760000000000005,188.7148369906552,188.529886150464,0.8974010690840917,188.6532105537903,1.3297728816875036
4.577,188.14493451275783,188.57652735277,0.8974010690840917,188.57424321954142,1.2851196799850082
4.578,186.2599309819602,185.73497091085972,0.8974010690840917,185.71462784472243,1.2256894911823497
4.579,183.03462512542595,182.8826751785235,0.8974010690840917,182.76077136047954,1.1472630110563442
4.58,178.47705974583477,178.28622650398458,0.8974010690840917,178.17204310696934,1.0833819764709607
4.581,172.60650496223548,174.57172531536446,0.8974010690840917,174.26902278279388,1.100570011070273
4.582,165.4203119221781,165.82423372243943,0.8974010690840917,165.51060591681332,1.1135570899357516
4.583,156.9571681790407,157.39213720375005,0.8974010690840917,157.0261363820129,1.106561540590365
4.5840000000000005,147.2972938642142,147.74091992685845,0.8974010690840917,147.3575320287185,1.1145575942006614
4.585,137.53944156412228,137.4855624486035,0.8974010690840917,137.0666510850838,1.127427087396626
4.586,127.19789720693568,126.10591477295532,0.8974010690840917,125.72053753508361,1.1263854699200508
4.587,116.57277842666606,115.75661149239114,0.8974010690840917,115.35929777747504,1.1257728287769468
4.588,105.94488080203833,105.16621085769376,0.8974010690840917,104.7785233160626,1.1525390885489586
4.589,95.58158837074376,95.24729494425236,0.8974010690840917,94.87917961211438,1.1794849184556524
4.59,85.72561483725741,86.02534612663491,0.8974010690840917,85.65471071306726,1.202693606999765
4.591,76.55789690186505,76.00208065737381,0.8974010690840917,75.71543989544114,1.2093129219791336
4.5920000000000005,68.20935883242558,68.1693748225554,0.8974010690840917,67.9032626071124,1.224797064825974
4.593,60.81411623625348,60.72190987018146,0.8974010690840917,60.52194775125349,1.2030124062151393
4.594,54.437721820434575,54.531566453109605,0.8974010690840917,54.37186038666406,1.190174920087214
4.595,49.120603418925725,49.361905054283824,0.8974010690840917,49.22860459308056,1.1652540857307878
4.596,44.86534347537436,44.34932037315567,0.8974010690840917,44.342995322035016,1.1474192326513124
4.597,41.65352526887946,42.614612779569626,0.8974010690840917,42.55927741044502,1.1859303046890344
4.598,39.495358116280926,39.32720338184248,0.8974010690840917,39.34905899285893,1.193921725141892
4.599,38.33382639872728,37.79130956295083,0.8974010690840917,37.88725584907032,1.200480940593525
4.6000000000000005,38.08366120987077,37.28932918375674,0.8974010690840917,37.44560456160494,1.2243390913900387
4.601,38.64617722975542,37.59074791567405,0.8974010690840917,37.80193803166241,1.2735356033812186
4.602,39.91155841549697,39.31812049358027,0.8974010690840917,39.55827943554089,1.2829945991851188
4.603,41.73950335679619,40.91987576811083,0.8974010690840917,41.22544784861126,1.2814505976741564
4.604,43.96470809663328,43.77135648530612,0.8974010690840917,44.0943644276344,1.2547343774741628
4.605,46.415520209036,46.47824546420688,0.8974010690840917,46.78838044319242,1.2250943718332792
4.606,48.94336465455898,48.318590755503045,0.8974010690840917,48.682664113851864,1.2049656991017688
4.607,51.43783529750755,51.12833270320519,0.8974010690840917,51.47701180028212,1.1752065083800185
4.6080000000000005,53.83776029786552,52.67618490539266,0.8974010690840917,53.021188606678365,1.1549057012484847
4.609,54.51662529741888,53.62200960046464,0.8974010690840917,53.971665194362714,1.143611265746072
4.61,55.67884151208935,54.3345213175628,0.8974010690840917,54.77028510754794,1.1381895507427409
4.611,57.4120422911672,57.124936291318654,0.8974010690840917,57.55410424975378,1.1197459639806753
4.612,59.80987575344227,59.17085139288685,0.8974010690840917,59.667938067514996,1.1081832472717743
4.613,62.96162702268862,62.864869740260936,0.8974010690840917,63.34606125346209,1.0891834817595045
4.614,66.94254460594118,65.79087464207834,0.8974010690840917,66.38446260497582,1.0786813034251108
4.615,71.80559729942846,71.21643206566199,0.8974010690840917,71.84893085987999,1.0786528199499072
4.616,77.57512234239579,77.53618785501291,0.8974010690840917,78.16643496069224,1.057194670155562
4.617,84.24256151738393,83.43586375342998,0.8974010690840917,84.09875280994494,1.043229109670331
4.618,91.76424762315511,90.23304830655007,0.8974010690840917,90.96451587632029,1.054568891914861
4.619,100.06102001896777,98.59375902868624,0.8974010690840917,99.4446753676222,1.1090780340282445
4.62,109.01932771632391,110.15956629889598,0.8974010690840917,110.87151819547073,1.0952297244104259
4.621,118.49370831204207,117.53859572263777,0.8974010690840917,118.37771241403942,1.0948527069375682
4.622,128.3139397759753,128.42212976105617,0.8974010690840917,129.19533902294333,1.1499027229542909
4.623,138.26441157422818,137.7635615707679,0.8974010690840917,138.57969214957336,1.1784575091442007
4.624,148.11701845938674,148.53736925990626,0.8974010690840917,149.31307296530915,1.2194573213413211
4.625,157.64960038499987,158.4324970987721,0.8974010690840917,159.15442792512152,1.2150317025243256
4.626,166.64300581007458,167.5572192969331,0.8974010690840917,168.26328592928863,1.2029075046740048
4.627,174.89669448724675,176.92665794257326,0.8974010690840917,177.49561273253005,1.185838258269739
4.628,182.1783525709844,182.58397961025707,0.8974010690840917,183.17480108828553,1.2044596123445959
4.629,188.1873307377572,188.73775962972493,0.8974010690840917,189.26300088694617,1.305051073476613
4.63,192.5789722999853,193.17046104092088,0.8974010690840917,193.5627343410621,1.3628728999541257
4.631,195.04877952945932,194.29453123141477,0.8974010690840917,194.6781312396241,1.4155318815122344
4.632,195.3263742951152,195.58917863392728,0.8974010690840917,195.86203864633453,1.5023614211323104
4.633,193.97072771772352,194.2790319850077,0.8974010690840917,194.4689350943171,1.4025702466528485
4.634,191.9264465044556,191.8919917783617,0.8974010690840917,192.00709732247117,1.37283187850262
4.635,189.4971570875871,187.92174286860524,0.8974010690840917,188.093927690134,1.2689730728005018
4.636,186.9538323209957,186.67575241980143,0.8974010690840917,186.73772274666717,1.2209888046097286
4.6370000000000005,184.50333806721267,183.2183563051824,0.8974010690840917,183.36090002665037,1.185299602459696
4.638,182.27016228968748,182.6644680453564,0.8974010690840917,182.69654901448376,1.1726656449129016
4.639,180.31339914961305,179.50493466170337,0.8974010690840917,179.58953404933686,1.1531734569041403
4.64,178.63312693762646,177.98003934359136,0.8974010690840917,178.06690796541554,1.1308570404384062
4.641,177.17427631971287,177.10217274632643,0.8974010690840917,177.14435540571503,1.1129101027619872
4.642,175.83217568891402,175.9789092630844,0.8974010690840917,175.99016836033857,1.1061813338449178
4.643,174.4594829499014,174.1265167798166,0.8974010690840917,174.17994139036625,1.083557844591632
4.644,172.8742963988889,174.44075118020817,0.8974010690840917,174.32075809506603,1.086751592187439
4.6450000000000005,170.8693382555146,170.10222979627378,0.8974010690840917,170.04898743282098,1.0749130106476976
4.646,168.22218380197822,167.6498365050867,0.8974010690840917,167.58673002230046,1.0469031634622543
4.647,164.7065585429595,165.59652017945507,0.8974010690840917,165.43267011071882,1.0421207733958908
4.648,160.10473810680844,161.12905709624735,0.8974010690840917,160.87160542973456,1.0608831306950481
4.649,154.22105471366325,153.85487637017906,0.8974010690840917,153.5746989914927,1.06943750564029
4.65,146.89643525025932,146.05302871883305,0.8974010690840917,145.81792227966523,1.0332041183842933
4.651,138.02376650885475,140.0680059811683,0.8974010690840917,139.60033772167424,1.0771885525572809
4.652,127.56308003197115,127.98226307502296,0.8974010690840917,127.51431491248964,1.164020243854094
4.6530000000000005,115.5475485288718,116.16495575423092,0.8974010690840917,115.64385184474213,1.1898293526723775
4.654,102.09447427803116,102.99573303335096,0.8974010690840917,102.43036237022558,1.2551637161214675
4.655,87.42720812967961,88.33992275005124,0.8974010690840917,87.6943970553704,1.3629783335976053
4.656,71.90175338047496,71.08018239607053,0.8974010690840917,70.57680947360996,1.3995995005748314
4.657,58.54999045540736,57.74969197369991,0.8974010690840917,57.37918017158796,1.3399133591386334
4.658,46.537810374094846,47.934408012771314,0.8974010690840917,47.549341351897404,1.4050969517901202
4.659,36.04713139953735,38.11690898653652,0.8974010690840917,37.74695997385083,1.5394011105075613
4.66,27.227672689520546,28.63894839368656,0.8974010690840917,28.344004503029577,1.6187511486312334
4.6610000000000005,20.15049854460132,20.44661560636244,0.8974010690840917,20.290085242964693,1.6608874446547905
4.662,14.831280428028691,15.542748583545707,0.8974010690840917,15.440570798029315,1.7083844289248027
4.663,11.277976994848231,11.292431631219484,0.8974010690840917,11.300321634708942,1.6940791646635291
4.664,9.452547804177255,8.9044222796971,0.8974010690840917,9.039795171739609,1.6674085162246444
4.665,9.30638424133059,9.024965528453208,0.8974010690840917,9.223216049864325,1.6117605570894882
4.666,10.78787024470462,9.8305680154464,0.8974010690840917,10.195775958245337,1.564874537788116
4.667,13.85443013750296,14.403220285686896,0.8974010690840917,14.776577981629135,1.5082939450907997
4.668,18.4795314242472,18.503212645381616,0.8974010690840917,18.96159166908159,1.4619030406695772
4.6690000000000005,24.65108607764941,24.140812954126982,0.8974010690840917,24.701386219256918,1.4167678165380577
4.67,32.35694262263671,31.384357163321518,0.8974010690840917,32.04122129338974,1.3924833789097835
4.671,41.58296270267884,40.65871065473166,0.8974010690840917,41.435246731669004,1.4024193341231188
4.672,52.30915950458197,52.930288106409606,0.8974010690840917,53.675691605782816,1.3672727792370287
4.673,64.49263884270545,63.58234577768827,0.8974010690840917,64.46475263656534,1.3395399657662572
4.674,78.03669687975253,77.15706176008202,0.8974010690840917,78.10103960070605,1.3479676531886955
4.675,92.75855683012917,92.25830908539,0.8974010690840917,93.2847500265953,1.364351587539464
4.676,108.40132854391452,109.39358140795882,0.8974010690840917,110.41105076768801,1.3533336677043877
4.6770000000000005,124.59720587823006,125.70508486457712,0.8974010690840917,126.64999346284873,1.3023160687804038
4.678,140.88862664250382,139.5398087840152,0.8974010690840917,140.6247397400178,1.3782631562667773
4.679,156.7495163137685,157.0395884928708,0.8974010690840917,158.02520892577633,1.4983348199823925
4.68,171.58450893119942,171.62434870645075,0.8974010690840917,172.5192142452144,1.5122843799174115
4.681,183.70366211424889,183.8414249437502,0.8974010690840917,184.67937089346586,1.5509933200170074
4.682,194.41196679070129,195.0422980009931,0.8974010690840917,195.75411044139997,1.564220198893031
4.683,203.66758791065624,203.08467408198996,0.8974010690840917,203.7748197240626,1.5689465172871102
4.684,211.49204873964624,210.9384519733928,0.8974010690840917,211.5519132699661,1.5842228309863846
4.6850000000000005,217.9429711375421,217.57844243606365,0.8974010690840917,218.1063147525155,1.5885037109259867
4.686,223.09159884062603,222.7468521753381,0.8974010690840917,223.18962046939356,1.5987024985247908
4.687,227.0021077838429,226.47491740856617,0.8974010690840917,226.81924759362454,1.602230077522924
4.688,229.7276807260348,228.362574804492,0.8974010690840917,228.70954787570335,1.617879397608834
4.689,231.29294575744527,231.03337975526492,0.8974010690840917,231.27248536991107,1.6619921342988828
4.69,231.6770621436163,231.58358692616903,0.8974010690840917,231.7447497041742,1.7007123404566533
4.691,230.8225536393257,230.70987536487988,0.8974010690840917,230.7909611156047,1.7316772171314252
4.692,228.6468785935308,228.36049911858024,0.8974010690840917,228.38082677209553,1.7249035362055576
4.6930000000000005,225.06090012965691,225.4293922827345,0.8974010690840917,225.31143810061525,1.6799346047701469
4.694,219.98877746833008,219.78396047215676,0.8974010690840917,219.60700779386997,1.5666436158997397
4.695,213.38604440039765,213.7750671724328,0.8974010690840917,213.44704163074954,1.4503214783503255
4.696,205.2328052469091,204.65369317327583,0.8974010690840917,204.2785478014643,1.3341887406604935
4.697,195.52843370250667,195.09026947806868,0.8974010690840917,194.67654990689215,1.245491345028289
4.698,184.26799810620287,185.069155417636,0.8974010690840917,184.49617032264575,1.239967103094816
4.699,171.46249205218788,171.36084955607237,0.8974010690840917,170.76676073129937,1.2687469877085809
4.7,157.15622123430887,157.25393292146086,0.8974010690840917,156.61726058844812,1.2665012556426738
4.7010000000000005,141.45293366891894,142.55014216916516,0.8974010690840917,141.82328769579132,1.3142340723711607
4.702,124.55167063793895,125.66388225124058,0.8974010690840917,124.87594450748263,1.3999363917004135
4.703,106.76233372611723,107.2379294290601,0.8974010690840917,106.3945654250319,1.5007138286499473
4.704,88.52679601288008,86.91696745645726,0.8974010690840917,86.45383722278139,1.3909484654853765
4.705,77.264064776805,77.4381623671419,0.8974010690840917,76.97436309146234,1.2864367207907033
4.706,67.80099348498348,67.80584168428241,0.8974010690840917,67.43646271219421,1.361063601378635
4.707,60.31003844014121,60.70396773667599,0.8974010690840917,60.419491884537585,1.4248224222702845
4.708,54.89677434736771,55.44866280151156,0.8974010690840917,55.21376725515167,1.525533637333137
4.7090000000000005,51.61056249091624,51.27635970834815,0.8974010690840917,51.24807421651292,1.5660326559398738
4.71,50.4111846924924,52.15316811657903,0.8974010690840917,52.06374044807489,1.5630134683550565
4.711,51.18525796500383,50.38293665737601,0.8974010690840917,50.479724323766796,1.5140775837737221
4.712,53.74129664043777,52.79299875131832,0.8974010690840917,53.02471862634612,1.4061167647296928
4.713,57.83116538568535,57.5101435508796,0.8974010690840917,57.784836622713215,1.2891755038879325
4.714,63.182436501803934,62.56458080148931,0.8974010690840917,62.948675172893225,1.1865519065493446
4.715,69.51712176793205,69.60636489999145,0.8974010690840917,69.98726651442311,1.0992365233325099
4.716,76.56246188103358,75.95303663685159,0.8974010690840917,76.37690738544892,1.0728067965795498
4.7170000000000005,84.11837613302868,83.05960322896385,0.8974010690840917,83.6050527238325,1.0902346444678255
4.718,92.00030918907648,93.1667186670944,0.8974010690840917,93.62491075578183,1.0834245641874158
4.719,100.0459809852396,100.81739063121375,0.8974010690840917,101.29667016079635,1.0463637484430537
4.72,108.085754233332,108.91021371901304,0.8974010690840917,109.35271228305832,1.0262112352001347
4.721,115.93638280604168,115.66732026511886,0.8974010690840917,116.14874901800526,1.0167322398389624
4.722,123.39993730158886,123.2875474098233,0.8974010690840917,123.76282739020085,1.0255430088164932
4.723,130.27676198682738,130.49397451634908,0.8974010690840917,130.94308282935566,1.0224543382876612
4.724,136.36939788367349,137.04087205211212,0.8974010690840917,137.44436574579225,1.0224598888126613
4.7250000000000005,141.46823423052192,142.05994781273057,0.8974010690840917,142.40682796045957,1.0393294169478178
4.726,145.3449606872786,145.78871931029036,0.8974010690840917,146.08484368755228,1.0925883852638765
4.727,147.77324922676695,147.86429171244347,0.8974010690840917,148.10908668008895,1.1594279268913963
4.728,148.5602289713705,148.3778962385318,0.8974010690840917,148.8128353216208,1.2445117282405165
4.729,153.9139823772954,154.72036514050674,0.8974010690840917,154.9829548684369,1.3093849926424173
4.73,158.01073789104993,156.49478086158018,0.8974010690840917,156.84612304734085,1.2909711407327962
4.731,160.74471220894145,161.2380700591013,0.8974010690840917,161.40814813414966,1.234612924546382
4.732,162.08696456105477,162.33676842866947,0.8974010690840917,162.4286596012133,1.1530185798564725
4.7330000000000005,162.05742609984475,161.7042256142151,0.8974010690840917,161.75123618589106,1.0807295010112479
4.734,160.7037751759612,160.37508841891974,0.8974010690840917,160.39028868638988,1.020077393236254
4.735,158.0962063432665,158.55021593454802,0.8974010690840917,158.4611705060192,1.0024309357424985
4.736,154.2887527443724,153.85968818177724,0.8974010690840917,153.7438409295058,1.006016827467861
4.737,149.31583621016853,148.75215199510973,0.8974010690840917,148.58026764946237,1.0118920255394057
4.738,143.2180620254233,142.32097128795937,0.8974010690840917,142.13164806121748,1.0203680505656973
4.739,136.05700403756893,135.50490169763967,0.8974010690840917,135.25957265704548,1.0323823251946072
4.74,127.932924445386,127.25420397679989,0.8974010690840917,126.99952864914142,1.044712916121354
4.741,118.98814359373496,119.06993617666662,0.8974010690840917,118.76760999629934,1.0611248500497652
4.742,109.40093374976804,109.99498812334166,0.8974010690840917,109.67189773973267,1.0952689194985328
4.743,99.38681026096393,100.43834417270445,0.8974010690840917,100.01477871870328,1.1709054745090675
4.744,89.19984641775008,87.99639117873379,0.8974010690840917,87.68665089650844,1.2108361712884108
4.745,79.13240226895783,78.76228054957276,0.8974010690840917,78.47275921065336,1.2037588676362634
4.746,69.5126662816285,69.79336188847743,0.8974010690840917,69.49956898593244,1.2525160457599642
4.747,60.6994087746308,60.401383992127705,0.8974010690840917,60.164557931378845,1.296289415853883
4.748,53.0744956226535,52.19099102475637,0.8974010690840917,52.05396566141268,1.3249216351002826
4.749,47.04526249285611,46.51673901081288,0.8974010690840917,46.433928881952426,1.3718207349427642
4.75,43.03362497934933,41.94766088737555,0.8974010690840917,41.98493264286154,1.4329721425783104
4.751,41.44194686278533,40.28125432300064,0.8974010690840917,40.473663943339034,1.462274295944509
4.752,42.60358696734494,42.30451937548061,0.8974010690840917,42.54735356634349,1.4408390271761977
4.753,46.31057701732591,45.10167333855269,0.8974010690840917,45.46674224827962,1.3846137797490976
4.754,51.740541268661175,50.60354248008459,0.8974010690840917,51.06682847113804,1.2988698363627984
4.755,58.548380306551785,58.11507912077925,0.8974010690840917,58.65449169503264,1.2025022234971732
4.756,66.38867569115772,66.7090678760965,0.8974010690840917,67.28336972613114,1.1487174255383215
4.757,74.97582743043313,75.90630011030991,0.8974010690840917,76.46542111640898,1.0844266268900027
4.758,84.06765405009298,83.95649450253603,0.8974010690840917,84.58123312959424,1.0636900197947687
4.759,93.47947907617043,93.22291400246274,0.8974010690840917,93.88080299643929,1.0939308289856486
4.76,103.10614071358424,103.75380248655904,0.8974010690840917,104.409911015311,1.1146977141431618
4.761,112.890378186637,114.44944999855625,0.8974010690840917,115.04211484370555,1.0918176818752587
4.7620000000000005,122.8052759453562,123.35318440580016,0.8974010690840917,123.97591823063549,1.0808746353986416
4.763,132.82614496946852,132.8007891736255,0.8974010690840917,133.453276715494,1.116619692515975
4.764,142.91512143704054,143.1133624468347,0.8974010690840917,143.76879512179158,1.1599718757971327
4.765,153.0182863219115,153.38660143466828,0.8974010690840917,154.02492322417635,1.1945621076648005
4.766,163.06723999577756,163.47200117238285,0.8974010690840917,164.09009618387725,1.2334408159278607
4.767,172.9706643550331,173.0915797624074,0.8974010690840917,173.6969326112551,1.2781384734125867
4.768,182.6060843080582,182.2634401174172,0.8974010690840917,182.8267266476689,1.317113256470015
4.769,191.8132212436848,190.7751112805167,0.8974010690840917,191.34985572822265,1.3715065105670556
4.7700000000000005,200.389557122536,200.2008265792646,0.8974010690840917,200.73280389682265,1.436538311990596
4.771,208.0887612887215,208.862091266668,0.8974010690840917,209.28651955389512,1.4638904839937816
4.772,214.622647943431,215.1724968864375,0.8974010690840917,215.54351976822628,1.479673290368276
4.773,219.66731340013104,220.8055847765222,0.8974010690840917,221.08011225624549,1.5026832244458843
4.774,222.87402908784972,224.13424576202053,0.8974010690840917,224.24194417733665,1.5067299980369324
4.775,223.8853177355708,222.89793910959636,0.8974010690840917,222.97163821233548,1.4769459824951554
4.776,222.3563957467676,221.86113507395515,0.8974010690840917,221.827129732228,1.4612376949990369
4.777,217.58639763317436,218.39563539017013,0.8974010690840917,218.1918910575351,1.4467621003048081
4.7780000000000005,210.34218668908807,210.8984509655871,0.8974010690840917,210.53504786302744,1.4375346926652084
4.779,201.01318231939348,199.8123660162768,0.8974010690840917,199.45619602171948,1.3861343254779954
4.78,189.99662361534652,189.4580085214203,0.8974010690840917,189.06150254038934,1.3056555278245563
4.781,177.6811260231018,178.82668538238647,0.8974010690840917,178.27828715871559,1.295885297235992
4.782,164.4351837909115,164.73920242693444,0.8974010690840917,164.17833231213314,1.2913093717218291
4.783,150.60013279652924,150.8866526321397,0.8974010690840917,150.33794230062867,1.2393498830203222
4.784,136.48782233393354,137.67427385020864,0.8974010690840917,137.0312837206765,1.24971102503006
4.785,122.395293256708,122.50424601336007,0.8974010690840917,121.95988317344256,1.2481327230798123
4.7860000000000005,108.62111847474615,110.594788745054,0.8974010690840917,109.9470759008013,1.3088204787738444
4.787,95.46492813117432,95.99974742558486,0.8974010690840917,95.38848185799377,1.4620140170501228
4.788,83.20932640998478,82.36199147796452,0.8974010690840917,81.92983552753451,1.492659158567841
4.789,72.0752099931765,73.29384228250083,0.8974010690840917,72.82151901905094,1.5461002223168612
4.79,62.242753305815896,62.827543669763095,0.8974010690840917,62.49854148065561,1.5492183830826558
4.791,53.81932229309375,55.66404615113879,0.8974010690840917,55.325426458111664,1.5111981698463512
4.792,46.87771536578448,47.348024823784925,0.8974010690840917,47.16799076275793,1.466067548638127
4.793,41.47415957017441,42.49534470366872,0.8974010690840917,42.33356249111185,1.4029487088631458
4.7940000000000005,37.66294374790698,37.15376268958837,0.8974010690840917,37.22467649031944,1.3366216992289492
4.795,35.490893267421654,37.52623072615176,0.8974010690840917,37.5513738933252,1.327025225200139
4.796,35.04215135576227,36.44770309036862,0.8974010690840917,36.53676412904063,1.3201558482928366
4.797,36.38921293208587,36.30398827350835,0.8974010690840917,36.53761977664622,1.3218729294164788
4.798,39.57565042588621,39.41281011439674,0.8974010690840917,39.749395299478834,1.3243802215166551
4.799,44.60405289144846,44.75136183072257,0.8974010690840917,45.179173559854064,1.3051543195460755
4.8,51.40859043355823,51.878008859166805,0.8974010690840917,52.095926865485836,1.214961901543585
4.801,51.4273974636567,52.352287462649365,0.8974010690840917,52.60377927595039,1.1844292264509644
4.8020000000000005,52.47363491018612,53.16965934287662,0.8974010690840917,53.45418854533702,1.1709790905915092
4.803,54.43627871810672,54.23241756697084,0.8974010690840917,54.63876529502641,1.1624158034230665
4.804,57.2017638357746,58.076356873501794,0.8974010690840917,58.447956901872104,1.1374910039073038
4.805,60.65935284705054,60.40792724896937,0.8974010690840917,60.85838881665018,1.1032042899483088
4.806,64.68699014331273,64.38655898506053,0.8974010690840917,64.83532771478146,1.048659511627996
4.807,69.1408642593748,67.77297504001456,0.8974010690840917,68.32377238758407,1.0060910085384414
4.808,73.87003587350449,73.32306193830456,0.8974010690840917,73.83532841313006,0.9844249069686002
4.809,78.75733180450732,77.44911179599038,0.8974010690840917,78.01405013561873,0.9771776970827724
4.8100000000000005,83.72155210504962,82.84519918743149,0.8974010690840917,83.41851282556195,0.9919328596216644
4.811,88.72980865321799,88.47605708207766,0.8974010690840917,89.0245789242296,0.9890783694037005
4.812,93.81214233220297,93.85679564530264,0.8974010690840917,94.34771369359098,0.9731929390710539
4.813,99.02362323333486,97.63450186881066,0.8974010690840917,98.18556873754268,0.9807619595972804
4.814,104.41507540200864,103.3829962025627,0.8974010690840917,103.98137728049504,1.0188501562482157
4.815,110.0232655030079,110.5592993828258,0.8974010690840917,111.08160418488066,1.0106243314601902
4.816,115.83490103033294,115.81548045021644,0.8974010690840917,116.4227047110927,1.0071236848396057
4.817,121.7697338559072,123.34412398970396,0.8974010690840917,123.85441589319038,1.003740289425585
4.8180000000000005,127.72112096350423,128.5431513527418,0.8974010690840917,129.0920804501599,1.001904106089847
4.819,133.53831462752385,135.02259770147927,0.8974010690840917,135.5165233772166,1.0229782954096145
4.82,139.0527393783908,140.11153377168512,0.8974010690840917,140.58149106533673,1.0261113473763934
4.821,144.10102199328793,144.32348182226102,0.8974010690840917,144.81247908763575,1.040501257436729
4.822,148.51983705964906,149.0767623719266,0.8974010690840917,149.5419933968207,1.047691480612488
4.823,152.16105678680918,153.4653256375952,0.8974010690840917,153.8237287791313,1.011096004076895
4.824,154.9151440802546,155.162752598451,0.8974010690840917,155.4820975605366,0.9719194046142305
4.825,156.72676423587768,155.73431636272647,0.8974010690840917,156.07745404614954,0.9448071378979541
4.8260000000000005,157.9508312653461,157.67356923601926,0.8974010690840917,158.0087575540972,0.9402564826829571
4.827,158.81419693742075,159.65359604233197,0.8974010690840917,159.9363360975432,0.9355079767173398
4.828,159.50384441120866,160.44625499641813,0.8974010690840917,160.67674211211235,0.9409976696737941
4.829,160.13686416438733,159.80661454218267,0.8974010690840917,160.04182354067888,0.9679595499387749
4.83,160.7797980693894,158.84135936726966,0.8974010690840917,159.19306935806188,1.0041941181927465
4.831,161.473577580658,160.89266967099434,0.8974010690840917,161.20386699589713,1.065644512345829
4.832,162.231283859022,161.84222394293954,0.8974010690840917,162.17203066689714,1.125915617434201
4.833,163.03429482092417,163.71212526721055,0.8974010690840917,163.91669994756452,1.151297532905682
4.8340000000000005,163.88143827880853,162.54198279685878,0.8974010690840917,162.8231743852099,1.1184505766369477
4.835,164.78921696728204,164.17592637395822,0.8974010690840917,164.41343179640364,1.1065945472934127
4.836,165.74065520310603,164.82728745100633,0.8974010690840917,165.05424623825806,1.079977676248271
4.837,166.68000897364286,165.7813497896723,0.8974010690840917,165.98719723818527,1.076522380070504
4.838,167.49689368267525,166.32039180514647,0.8974010690840917,166.53191370851687,1.0715785750787932
4.839,168.03775348817712,167.8661127938419,0.8974010690840917,168.05180682949646,1.0752944644662965
4.84,168.1223277108229,169.33057297856553,0.8974010690840917,169.40908400437138,1.0788840405768836
4.841,167.55176857609916,167.81226959779747,0.8974010690840917,167.8666274184987,1.0670570882389745
4.8420000000000005,166.11839226194303,166.2623465342066,0.8974010690840917,166.2851585183693,1.0610317168060281
4.843,163.6174461126625,163.80932983513875,0.8974010690840917,163.77317563574923,1.0551125178084269
4.844,159.8608546061828,159.9329654201439,0.8974010690840917,159.8180881012205,1.053735223133048
4.845,154.69276288416083,154.2104924275999,0.8974010690840917,154.08664367486026,1.038332051501107
4.846,148.00649849295556,148.8696808953558,0.8974010690840917,148.58672402809282,1.056950393713079
4.847,139.7602695974985,139.4066330249451,0.8974010690840917,139.15450681730607,1.0796460639566872
4.848,129.96489252078422,131.13558024881698,0.8974010690840917,130.88942778516187,1.0629442377153155
4.849,122.15000586519166,123.14908560027908,0.8974010690840917,122.88347600011957,1.0719275027665685
4.8500000000000005,114.5796297980402,114.55488513747484,0.8974010690840917,114.39489440047099,1.0426114465058263
4.851,107.28803425901108,109.25973305793796,0.8974010690840917,108.9893929753963,1.0480735435742796
4.852,100.26709253625492,101.24849069124976,0.8974010690840917,100.993610584272,1.0842602650016464
4.853,93.47425168229934,93.42888758956322,0.8974010690840917,93.25341390927906,1.0394612690458602
4.854,86.90276581947941,88.11351310894584,0.8974010690840917,87.83930912965488,1.0104477350811658
4.855,80.62427229210917,80.24220249309208,0.8974010690840917,80.02614269952865,1.0233432283216575
4.856,74.70357445237573,74.22549499619075,0.8974010690840917,74.02179994034884,1.0390478082779626
4.857,69.19783850373162,68.88083845182167,0.8974010690840917,68.66347892284172,1.1022370980522849
4.8580000000000005,64.16292409396708,62.940212665842665,0.8974010690840917,62.8030248126935,1.180063403546203
4.859,59.65918645705492,59.185605702554064,0.8974010690840917,59.01891090095522,1.2684500080566306
4.86,55.75642836616663,54.62369281612615,0.8974010690840917,54.5263010429164,1.3045151854810353
4.861,52.47435119133257,51.21232123416686,0.8974010690840917,51.15879683158266,1.2821324423794054
4.862,49.79943174869324,48.27212265078813,0.8974010690840917,48.32086606602905,1.2725830273424257
4.863,47.75960002429463,47.3743373776956,0.8974010690840917,47.45994495570943,1.266441242223799
4.864,46.41578009167817,46.9570227791998,0.8974010690840917,47.01345741534511,1.2689613760425984
4.865,45.84986665630343,45.58326503661465,0.8974010690840917,45.76013497180415,1.2703840876275156
4.866,46.16097949379108,47.14901531599244,0.8974010690840917,47.337844512383136,1.2497403126557955
4.867,47.46025076481979,48.29304701596242,0.8974010690840917,48.55739816844112,1.2422197423959926
4.868,49.86356130774144,51.44390031117204,0.8974010690840917,51.693069398964596,1.2152285916326417
4.869,53.48225016465132,53.592264879138696,0.8974010690840917,53.95529730464695,1.1936372907113275
4.87,58.411928115691374,58.09654364157781,0.8974010690840917,58.56386429568902,1.1834703853889281
4.871,64.72075868944665,64.83884963379097,0.8974010690840917,65.3883678326399,1.1849990601030023
4.872,72.44968052366423,73.32016463778743,0.8974010690840917,73.85142155954483,1.173561243641252
4.873,81.62594049180748,80.99321233782781,0.8974010690840917,81.614998494655,1.1847127716223815
4.874,91.81697009981852,90.97602414019768,0.8974010690840917,91.68882763138683,1.1969347742941732
4.875,102.72904495654716,102.81684479682907,0.8974010690840917,103.49880429987961,1.1458310038777275
4.876,114.03541153702226,112.89202413235954,0.8974010690840917,113.6032168879153,1.1025396753892582
4.877,125.4037638302408,122.92708865972592,0.8974010690840917,123.71564625188853,1.1609936406205357
4.878,136.527343168284,134.39946331169193,0.8974010690840917,135.17288248190906,1.2179397519616193
4.879,147.1928567156925,145.7497842483352,0.8974010690840917,146.53399275727264,1.2680731621137702
4.88,157.24050815398758,157.64360633991808,0.8974010690840917,158.25220492127087,1.253545926392865
4.881,166.5552484587184,165.15896104415745,0.8974010690840917,165.7710775498813,1.1880088299371292
4.882,175.0768146456647,173.55120216090015,0.8974010690840917,174.1447007361155,1.2572634143071861
4.883,182.6628012936906,181.24722006425296,0.8974010690840917,181.83342186276403,1.309234784563253
4.884,189.16460112645092,189.25035222274903,0.8974010690840917,189.6991571282145,1.3298784963433257
4.885,194.46143608344715,193.77898877223583,0.8974010690840917,194.203225692763,1.3175724183268376
4.886,198.43766318143884,198.90392357824615,0.8974010690840917,199.15321946300088,1.3347132302435023
4.8870000000000005,200.97401913277736,199.601519850976,0.8974010690840917,199.84922841809137,1.326987126682527
4.888,201.9620860227463,200.51562700118492,0.8974010690840917,200.7053105282277,1.3213291689907525
4.889,201.30836770661608,200.5777784892805,0.8974010690840917,200.69833432724712,1.3086402715909076
4.89,198.9418059816675,199.52593298516337,0.8974010690840917,199.50099891653406,1.2973026091628095
4.891,194.8233737512866,195.0983154143875,0.8974010690840917,194.96782093944472,1.2817234092954506
4.892,188.95692135695737,188.4671350597052,0.8974010690840917,188.25546130546005,1.2664135248735677
4.893,181.40066132254992,179.86938045237704,0.8974010690840917,179.68760684835854,1.2088191442635912
4.894,172.278472282236,172.85644936583523,0.8974010690840917,172.5337081085074,1.1797938400338996
4.8950000000000005,161.78999280376183,162.68142296972098,0.8974010690840917,162.28066912762046,1.192132215991217
4.896,150.2182777928159,151.0745074840104,0.8974010690840917,150.82409300391456,1.098482556432191
4.897,143.6960108709637,144.60061540436473,0.8974010690840917,144.35400260040788,1.0138954501035615
4.898,137.1707685256593,138.7836229488934,0.8974010690840917,138.5860028028969,0.9836075087580576
4.899,130.82680384261167,134.67352940275617,0.8974010690840917,134.3192495025591,1.0028741920147664
4.9,124.809632197949,126.590481786236,0.8974010690840917,126.26402177835911,1.0411689277972997
4.901,119.2276525106416,119.15990910840898,0.8974010690840917,118.96187502838771,1.0037176042092932
4.902,114.15573484099605,114.9573883678376,0.8974010690840917,114.69107226681943,1.0014108650833575
4.9030000000000005,109.64011814891312,108.21349181766394,0.8974010690840917,108.10713874795417,0.9999323060479959
4.904,105.70403312286092,105.7006811358626,0.8974010690840917,105.58467659706001,0.9827758902042848
4.905,102.35355186839116,102.8173718473758,0.8974010690840917,102.68770191218027,0.9964287151079527
4.906,99.58325709146204,99.66644030547944,0.8974010690840917,99.54388296430221,1.0079054997729424
4.907,97.3814099488563,96.62757654563082,0.8974010690840917,96.61282545396357,1.005567658823661
4.908,95.73437292048182,96.4115043969422,0.8974010690840917,96.3535542163186,0.998485986447326
4.909,94.6301096160574,94.29684773106334,0.8974010690840917,94.23202607350649,1.0099237073397833
4.91,94.06063734773284,91.370707183094,0.8974010690840917,91.46705738672293,1.009149228831178
4.9110000000000005,94.02335230489462,92.73787511614412,0.8974010690840917,92.82293660695723,0.9998863405866453
4.912,94.52118423681378,93.33597157481285,0.8974010690840917,93.47013766731065,0.99922911489695
4.913,95.5615714708968,95.39715519354202,0.8974010690840917,95.53255484993421,0.9888810327236481
4.914,97.1542820524293,96.91861286407416,0.8974010690840917,97.11447350302275,0.9831591591424371
4.915,99.30814695843296,99.8003109477031,0.8974010690840917,99.96035043733791,0.9728811695055753
4.916,102.02682045023758,101.42986472127816,0.8974010690840917,101.6206630700527,0.9638407040137064
4.917,105.30374352197757,103.62962509880404,0.8974010690840917,103.91160479446272,0.9654642959998693
4.918,109.11656048304488,107.76948137315576,0.8974010690840917,108.08668382808862,0.9793393138445655
4.9190000000000005,113.42132537850776,113.14407927045669,0.8974010690840917,113.42734518840194,0.9744216284828993
4.92,118.1469309705247,117.60550568447648,0.8974010690840917,117.95711253896611,0.9820180366300532
4.921,124.65245021664514,124.21137894786256,0.8974010690840917,124.56305263179168,1.0015115010348066
4.922,130.81236202036013,130.66056336797698,0.8974010690840917,130.93689772118185,0.9832645902223326
4.923,136.36659671679936,134.93565316640715,0.8974010690840917,135.25329796807608,0.9807505495310869
4.924,141.089878224088,140.3273014626334,0.8974010690840917,140.5749642685517,0.9839098680402576
4.925,144.79323915426102,143.2720105049435,0.8974010690840917,143.54762461847292,0.9819910084558232
4.926,147.32427259111228,146.5435756767989,0.8974010690840917,146.72580681421462,0.9804944864423412
4.9270000000000005,148.56671831774085,147.9728096938598,0.8974010690840917,148.11296841851302,0.974418382188012
4.928,148.43988774151313,148.81993096687836,0.8974010690840917,148.8819842701974,0.9744454812015095
4.929,146.89831794603728,147.51175902629566,0.8974010690840917,147.50323826506494,0.9793077509843227
4.93,143.93192064671834,144.13457151896816,0.8974010690840917,144.08517244920193,0.9842153813827307
4.931,139.56676285197605,139.77026809573633,0.8974010690840917,139.66854353792354,0.9889605426023659
4.932,133.86648691183746,134.17787798831725,0.8974010690840917,133.99819703054817,1.0100015851847208
4.933,126.934250973558,126.58192481272349,0.8974010690840917,126.36464692866105,1.0416234095568002
4.934,118.91494853365856,117.84861787414307,0.8974010690840917,117.6116179830348,1.0684680730995721
4.9350000000000005,109.9973497674918,108.4030833568626,0.8974010690840917,108.19526525834546,1.0739087417583741
4.936,100.41570053645152,100.3324890696396,0.8974010690840917,100.06503319980176,1.099190802480243
4.937,90.4502219444368,90.42560539259834,0.8974010690840917,90.19088156531744,1.142805882662412
4.938,80.42788850989318,81.94923716848935,0.8974010690840917,81.6621232183573,1.19206195646056
4.939,70.73308353042968,72.07590938852582,0.8974010690840917,71.80296062920789,1.2711367931288782
4.94,61.78739601984845,62.30638078020028,0.8974010690840917,62.10272822723098,1.3329448379067552
4.941,54.04214740765059,54.60374627539304,0.8974010690840917,54.490554458884375,1.3562344709378509
4.942,47.94696540180887,48.853847455860674,0.8974010690840917,48.80615875445327,1.429748250530013
4.9430000000000005,43.96708898884194,44.6678012792379,0.8974010690840917,44.75103445573848,1.4129023412852932
4.944,42.47682266618628,43.61852827034356,0.8974010690840917,43.72044925867051,1.3717012964318585
4.945,41.63479911134496,42.64473685413266,0.8974010690840917,42.819210702979994,1.3254230270764253
4.946,42.10797530237545,42.89948933182927,0.8974010690840917,43.109963220065985,1.2518997793650974
4.947,43.739609995941024,43.16836458881724,0.8974010690840917,43.53803972352445,1.1848466315682162
4.948,46.37972790210617,46.70611227747525,0.8974010690840917,47.09231869007676,1.132059041625464
4.949,49.925776493083305,49.97181666203137,0.8974010690840917,50.405735035780374,1.1359122210332548
4.95,54.36678105192105,54.15557792083635,0.8974010690840917,54.64245975709671,1.1404926739341743
4.9510000000000005,59.71964331652253,59.42050361154693,0.8974010690840917,59.96531456267726,1.1285513266286011
4.952,66.01203888683743,65.56441556880488,0.8974010690840917,66.14572499025167,1.1256372859554344
4.953,73.29232215953883,72.52653649329862,0.8974010690840917,73.18758131609992,1.1224977856860985
4.954,81.60801682893242,81.30145877064743,0.8974010690840917,82.03375666629044,1.136547485977608
4.955,91.00061339680629,91.94339007524218,0.8974010690840917,92.63303584381492,1.1133799054345221
4.956,101.50323203853128,101.0449961471281,0.8974010690840917,101.83345389663702,1.1125441773473108
4.957,113.12921931578144,112.4290513575766,0.8974010690840917,113.23387777516886,1.152305876417883
4.958,125.85915468962531,124.00127442312768,0.8974010690840917,124.96898740933283,1.2507760162286676
4.9590000000000005,139.62733897018035,140.08867023031237,0.8974010690840917,140.99699738722074,1.3481783730944377
4.96,154.30838958730666,154.83994007429078,0.8974010690840917,155.74605558191152,1.377931546814086
4.961,169.70470681705268,169.32744737405878,0.8974010690840917,170.29628437008108,1.4792557179508452
4.962,185.53573386103855,185.8030970677448,0.8974010690840917,186.71737130134457,1.5843967269774841
4.963,201.4301000332515,200.43728137952655,0.8974010690840917,201.36476983071586,1.6634393171013768
4.964,216.9218920880048,215.9709234617277,0.8974010690840917,216.81973763023012,1.760859861373591
4.965,231.4524190135338,229.91173463496813,0.8974010690840917,230.72791521666932,1.8404730758185774
4.966,244.37888874879965,243.4996525990885,0.8974010690840917,244.16540494095779,1.8990372987648272
4.9670000000000005,254.99086718187948,253.8256898412931,0.8974010690840917,254.3860251961931,1.9366038992565155
4.968,262.5310827721038,261.97305418752774,0.8974010690840917,262.2225776429564,1.9432511400638723
4.969,263.0916046796209,262.2650453490044,0.8974010690840917,262.37899956223384,1.9181794698785148
4.97,260.433865864253,259.77161429251856,0.8974010690840917,259.7575904517941,1.8261299398172386
4.971,254.96340172236089,255.22321929356588,0.8974010690840917,255.02605879007626,1.7105706164204069
4.972,247.13860230798505,246.82995128435775,0.8974010690840917,246.556838035569,1.5858146917156757
4.973,237.41490506478112,237.45301568397687,0.8974010690840917,237.08577979984938,1.4692334093868185
4.974,226.21465262665163,226.45530819895689,0.8974010690840917,225.99131721053897,1.3896671649529841
4.9750000000000005,213.91470316511715,213.5764187652109,0.8974010690840917,213.1319595050461,1.2809351337741686
4.976,200.84903143723903,202.3711371739396,0.8974010690840917,201.78932895409375,1.2244158508517047
4.977,187.31844789961025,188.4864559502549,0.8974010690840917,187.8813587919309,1.2577109264598294
4.978,173.51269513118308,174.1063015853009,0.8974010690840917,173.5374061427595,1.2446169813479309
4.979,159.52191088678958,160.60187330616046,0.8974010690840917,159.96403040420358,1.2671035863164186
4.98,145.40897459929798,144.8489317086009,0.8974010690840917,144.28357883679482,1.2665812931066216
4.981,131.22253862425987,131.23459367178282,0.8974010690840917,130.62788226555196,1.248321918882795
4.982,117.0309631263122,116.56454923222236,0.8974010690840917,115.98577004021436,1.2684980867067421
4.9830000000000005,102.92666570192554,102.58323583104556,0.8974010690840917,102.02583771221093,1.2771355774057516
4.984,89.03173096509691,89.26981131100456,0.8974010690840917,88.70769126235419,1.319325875878048
4.985,75.49180736652907,75.6320525254487,0.8974010690840917,75.10234632136338,1.3867624318368716
4.986,62.49142053033171,63.15658616298176,0.8974010690840917,62.61346836003675,1.4886316555502481
4.987,50.26901218055696,50.02707687442913,0.8974010690840917,49.604169960019924,1.5926233440734592
4.988,39.09676292663266,39.72042848204036,0.8974010690840917,39.3007991304813,1.7000628454313196
4.989,29.27010506930125,29.17832256863306,0.8974010690840917,28.861638284888688,1.7521828358090432
4.99,21.052245997674945,20.416046021095628,0.8974010690840917,20.223417223139396,1.7706324076762532
4.9910000000000005,14.698395529840568,14.23229629187098,0.8974010690840917,14.13211900859908,1.7592207841912995
4.992,10.453866079884476,10.06223471449982,0.8974010690840917,9.839403718008406,1.7290289412765996
4.993,1.394731190366187,0.926089559527766,0.8974010690840917,0.9806543083880637,1.6982809742725342
4.994,0.0,-0.9972881857528196,0.8974010690840917,-0.7928091610656413,1.5791822029354603
4.995,0.0,-0.3139964054331727,0.8974010690840917,-0.10821371342860911,1.4720568375685685
4.996,0.0,-1.0902496002371258,0.8974010690840917,-0.8386413533944163,1.4610169427578084
4.997,0.0,-1.2424980269117043,0.8974010690840917,-0.9495918875903556,1.4787364735736268
4.998,0.0,-0.7609524155934668,0.8974010690840917,-0.466018628933755,1.510512111554659
4.999,0.0,-0.6083267126291663,0.8974010690840917,-0.12469935336101359,1.5471464994459494
5.0,4.199100692454124,4.133036529751907,0.8974010690840917,4.722068208051769,1.5690246220309487
5.001,12.758066274081004,11.668713769832944,0.8974010690840917,12.377512047733283,1.5364959874697615
5.002,23.037889252602284,21.505784016405805,0.8974010690840917,22.349835250678137,1.5025711127319568
5.003,34.85067315560532,34.19231541918836,0.8974010690840917,35.09796510374193,1.452609597591549
5.004,47.99982689441393,47.56974373302438,0.8974010690840917,48.581621056306616,1.4280024515458345
5.005,62.274325373698375,63.69266697699989,0.8974010690840917,64.66353853899211,1.3626307464554999
5.006,77.42020307289765,78.18345267457693,0.8974010690840917,79.1935381926076,1.2836935391437818
5.007,93.11760560681572,93.13193570962314,0.8974010690840917,94.1849431644176,1.3064971257608595
5.008,109.0052972468861,108.5569865329194,0.8974010690840917,109.68135048064737,1.417770894515667
5.009,124.69192752455324,125.7397990343008,0.8974010690840917,126.77862374559237,1.5323319457676496
5.01,139.7554321472297,140.25674873110063,0.8974010690840917,141.22908230019874,1.622177055928371
5.011,153.74538064321467,152.99531152754133,0.8974010690840917,153.90149427650132,1.6789206159095775
5.0120000000000005,166.26445368614145,164.50266457794717,0.8974010690840917,165.3998324953422,1.6835371421422984
5.013,176.97958354471396,176.40914360125367,0.8974010690840917,177.15594818572114,1.650414034448838
5.014,185.56467217573493,184.78681894354503,0.8974010690840917,185.4345571976471,1.57093099163411
5.015,191.710279247946,191.2205783418545,0.8974010690840917,191.7251994314742,1.4822363913232115
5.016,195.14232553098185,195.00660888857325,0.8974010690840917,195.3416479419779,1.385759488966541
5.017,195.88415222443015,194.8758477756312,0.8974010690840917,195.20111328323304,1.2864811020102167
5.018,194.8648877055459,195.51430258250005,0.8974010690840917,195.66033498726867,1.2899780368124225
5.019,192.40401919241876,191.9686726211667,0.8974010690840917,192.09299018745602,1.2787773896607426
5.0200000000000005,188.82174021908,188.43517084704663,0.8974010690840917,188.55514898269504,1.2531964492223122
5.021,184.4335844494236,185.4427553697853,0.8974010690840917,185.4331532307287,1.227220232761702
5.022,179.5421887280107,179.89620478413926,0.8974010690840917,179.90990175676262,1.1921034423288388
5.023,174.4194123270712,175.52833729505087,0.8974010690840917,175.48321979990402,1.1433261589740058
5.024,169.29410245562593,170.78506507100076,0.8974010690840917,170.72499471922995,1.1148226286989804
5.025,164.34763406887376,165.9733053037847,0.8974010690840917,165.87858493992985,1.0797268495492343
5.026,159.7208739338828,160.83803223652947,0.8974010690840917,160.75566428703962,1.0408117392243132
5.027,155.51688989671004,156.2446523963063,0.8974010690840917,156.16886163320783,1.0166767715702787
5.0280000000000005,151.77166869507124,151.84698768452898,0.8974010690840917,151.80031600697157,0.9983556610169639
5.029,148.45468353525072,148.49266761542648,0.8974010690840917,148.5019508502618,0.9761958398694232
5.03,145.4948583202132,147.12319487272757,0.8974010690840917,147.0164661094462,0.9651584396585817
5.031,142.82589905288893,143.22263187655858,0.8974010690840917,143.1674246062709,0.9745669420845865
5.032,140.31216227144262,140.56302395370443,0.8974010690840917,140.5315665032497,0.9883695938465382
5.033,137.74941514427877,138.52257671039035,0.8974010690840917,138.42884085273755,1.02516588729185
5.034,134.92932073996815,134.66698410180885,0.8974010690840917,134.62437654788786,1.0570385550492016
5.035,131.66023988538004,132.209709807527,0.8974010690840917,132.09789080828028,1.0278324309637157
5.0360000000000005,127.8575634986676,128.17117490716942,0.8974010690840917,128.00061608673857,1.0071296581751052
5.037,123.49839618074952,122.92901911902074,0.8974010690840917,122.83673775838864,0.9749635022067678
5.038,118.5886533856001,120.02236376782888,0.8974010690840917,119.8103879009979,0.9672049352371559
5.039,113.20381803730464,114.11412538553782,0.8974010690840917,113.83235307955185,1.019851240111175
5.04,107.46317966923552,106.53342778984975,0.8974010690840917,106.46637690117872,1.001060701844882
5.041,106.2321807090755,104.80155904394432,0.8974010690840917,104.81198328773958,0.9671108452948928
5.042,106.09504796035932,104.6414736169415,0.8974010690840917,104.73339449584654,0.9626483150957199
5.043,106.91859746655916,106.27027684683108,0.8974010690840917,106.34780178823382,0.9608177780206277
5.0440000000000005,108.52608312438616,107.65713445074684,0.8974010690840917,107.78532449819953,0.9448552547236326
5.045,110.68246086034787,109.8451941765735,0.8974010690840917,110.03744450643902,0.9454891361007043
5.046,113.11392118842748,113.7074454708163,0.8974010690840917,113.82022990847123,0.9521519004471901
5.047,115.53699156824416,115.26669379836537,0.8974010690840917,115.38999863934012,0.9619277105349253
5.048,117.69612249951037,117.12646377623624,0.8974010690840917,117.27376142609707,0.9612490438720249
5.049,119.41975626475094,119.71595192859606,0.8974010690840917,119.80391256572753,0.9501933454471374
5.05,120.58661170810682,120.4533513484033,0.8974010690840917,120.53192264280969,0.9327672414531596
5.051,121.11809935832376,121.3389531707068,0.8974010690840917,121.3682779043308,0.9322116697404456
5.0520000000000005,120.96189442841931,121.25274590932132,0.8974010690840917,121.24877429064718,0.9462810981898141
5.053,120.09147928676896,120.2337357676777,0.8974010690840917,120.2453845302074,0.9775115135806979
5.054,118.50969624753137,119.72237641263663,0.8974010690840917,119.65959875682435,1.0198645969912679
5.055,116.23237217757628,117.12105575831376,0.8974010690840917,117.0952244952858,1.0110219214619016
5.056,113.22099376302288,115.21632422794816,0.8974010690840917,115.07152510354298,1.0050829966463173
5.057,109.45092058447548,109.44410672482938,0.8974010690840917,109.40364720299175,1.0011502032028217
5.058,104.9342131158827,105.96280205995168,0.8974010690840917,105.86575991388419,0.9882752502331388
5.059,99.7520453338513,100.69180473511028,0.8974010690840917,100.58602711671428,1.0146794010719395
5.0600000000000005,94.07571360096011,94.9811455576266,0.8974010690840917,94.8638242460973,1.040126516527032
5.061,88.15063605519558,89.07978707803811,0.8974010690840917,88.92459015934509,1.0919456868670823
5.062,82.3050282171023,82.11814460155989,0.8974010690840917,82.04168871193617,1.1675593357332337
5.063,76.9546547475417,77.01102189684917,0.8974010690840917,77.00101824581294,1.2404483627829184
5.064,72.55540211059173,73.73558572026592,0.8974010690840917,73.86637077054141,1.3225701054367658
5.065,74.7331216277863,74.62272933919704,0.8974010690840917,74.87489797737689,1.3887615494424628
5.066,78.28067866149183,78.17400134052623,0.8974010690840917,78.46204428385693,1.4449284310805472
5.067,83.08844841944247,82.14348438093535,0.8974010690840917,82.55342995997405,1.498515516495396
5.0680000000000005,89.04211185069866,88.763268791077,0.8974010690840917,89.23106174358988,1.5281825679408654
5.069,95.9987435618814,96.33677155212692,0.8974010690840917,96.85484397737306,1.3757301463167406
5.07,103.70453187908126,103.9957864290136,0.8974010690840917,104.55841253225934,1.2494797003756548
5.071,111.90161222712852,112.18398419172868,0.8974010690840917,112.77364060434337,1.145277853636931
5.072,120.3480319185575,120.25556757008285,0.8974010690840917,120.88470875124169,1.0762498485480592
5.073,128.81784253164355,128.58225886639076,0.8974010690840917,129.21506673371937,1.0508130053412839
5.074,137.09972291507063,136.81650473521026,0.8974010690840917,137.490673421339,1.07603881451416
5.075,144.99475729577262,145.78645345037344,0.8974010690840917,146.34039341580967,1.1006682436125967
5.0760000000000005,152.31891279053755,150.96576960643674,0.8974010690840917,151.57902385464268,1.1110607189373778
5.077,158.9530613199269,158.19309590020308,0.8974010690840917,158.76145538443336,1.1565829071205045
5.078,164.80351835078312,163.89083907602176,0.8974010690840917,164.40988707066808,1.1817916662144932
5.079,169.74960406437697,168.73715681240105,0.8974010690840917,169.16857918267976,1.252923221289436
5.08,173.62937786065996,171.50855552338257,0.8974010690840917,171.97072705979588,1.340584349297508
5.081,176.27681915042814,175.66353293217884,0.8974010690840917,176.03423492953712,1.4439549348646323
5.082,177.53707422313582,177.89089131627247,0.8974010690840917,178.09101233977586,1.5288227012466216
5.083,177.27306107742342,175.8151887126875,0.8974010690840917,176.04377290255246,1.5988363064179392
5.0840000000000005,175.37391049138552,174.8766989607168,0.8974010690840917,175.0214830388459,1.6720449042239918
5.085,171.78608309554147,172.23366696370442,0.8974010690840917,172.1967476027423,1.5398736349318805
5.086,166.62674113269628,166.17997310491808,0.8974010690840917,166.12559163567136,1.3993559240221194
5.087,160.08626672677235,160.87208458215883,0.8974010690840917,160.66009312457967,1.2809735511444722
5.088,152.41383158604276,152.48974531219994,0.8974010690840917,152.4454161386439,1.1346266795683804
5.089,149.12675074265192,149.70263388976417,0.8974010690840917,149.56368910447893,1.0394616369996115
5.09,145.6136307594867,144.77932604530855,0.8974010690840917,144.73119334401733,0.979685849808094
5.091,142.04636534430134,142.79070204131324,0.8974010690840917,142.58685303031783,0.9632191746203456
5.0920000000000005,138.5602878602934,136.88235207664889,0.8974010690840917,136.79753932613727,0.9675111173411235
5.093,135.17548039326311,134.1506553101235,0.8974010690840917,134.07740007655164,0.9471882654987
5.094,131.896268500494,131.56654982585772,0.8974010690840917,131.49407214649764,0.9431661075320177
5.095,128.7355424984536,129.38342578669338,0.8974010690840917,129.29144609892933,0.9426703175048391
5.096,125.7006772280052,126.80723491885908,0.8974010690840917,126.7300635170958,0.9441885601650806
5.097,122.82499893587853,125.1814211166767,0.8974010690840917,125.0177544300798,0.9701856887276241
5.098,120.18243480870191,121.55522877796312,0.8974010690840917,121.42263918314501,1.0211896169810328
5.099,117.8535180038075,118.94115114923468,0.8974010690840917,118.81466555131942,1.0683307324050169
5.1000000000000005,115.92038252648106,115.5047568747412,0.8974010690840917,115.4075594994793,1.147675825261558
5.101,114.468224791294,112.97380211145476,0.8974010690840917,112.95728002813134,1.2124158027707066
5.102,113.58590504648784,111.8742514804802,0.8974010690840917,111.94892861045757,1.2845444536438524
5.103,113.36547415980748,112.91611910157089,0.8974010690840917,112.9622463523356,1.283642586620615
5.104,113.83384299128946,112.22069669510071,0.8974010690840917,112.37303909366226,1.2017448015029144
5.105,114.92492612245351,113.80150221209804,0.8974010690840917,113.98146696427354,1.1148241382115966
5.106,116.56805840547048,115.2699103574235,0.8974010690840917,115.54279518993468,1.0485510774042939
5.107,118.69123761426025,118.77096094652477,0.8974010690840917,119.04538101601236,0.9900870352857051
5.1080000000000005,121.2180741631516,121.49177050158032,0.8974010690840917,121.76472572301294,0.9543445610151509
5.109,124.06430616614624,124.39625189408208,0.8974010690840917,124.66352262238436,0.9397042974421279
5.11,127.13423421006236,126.74036541467324,0.8974010690840917,127.0733323335713,0.9530428206925897
5.111,130.342445015961,130.44349952946715,0.8974010690840917,130.72091411138086,0.9550559086602628
5.112,133.65007162138704,133.05055708351372,0.8974010690840917,133.40126855355595,0.9659802375062296
5.113,137.8831931925481,137.8109275814899,0.8974010690840917,138.15872702943568,0.9912013033881544
5.114,141.82712928666328,142.33961315986716,0.8974010690840917,142.60045321833806,0.9856473625561587
5.115,145.3743546282036,144.6879647143603,0.8974010690840917,144.9528149184924,0.9826608175891646
5.1160000000000005,148.4265242932345,147.32945765600942,0.8974010690840917,147.67732626325537,1.0101146241545595
5.117,150.88149387867722,152.3798051716889,0.8974010690840917,152.58120589786682,1.0542155992060314
5.118,152.59769416779093,153.571048590465,0.8974010690840917,153.69396957537555,1.1009304113936293
5.119,153.4199019426399,152.5653636272299,0.8974010690840917,152.7184192167244,1.1607251111857197
5.12,153.20327995729838,152.37993330324372,0.8974010690840917,152.47672630318644,1.2317408881348688
5.121,151.8160343002791,150.57417181158223,0.8974010690840917,150.62244227692844,1.29926608933804
5.122,149.14210426195058,147.51264390484218,0.8974010690840917,147.53918175555137,1.3515057188814548
5.123,145.08474154110004,144.39456710943952,0.8974010690840917,144.31432637978992,1.4004098513129257
5.124,139.57105387500488,139.29232465229202,0.8974010690840917,139.11942459664016,1.461738819146918
5.125,132.57833153822074,131.88513181740828,0.8974010690840917,131.6599213144309,1.3299800893599232
5.126,124.24312051156949,124.2247840506646,0.8974010690840917,123.86076907781954,1.236283154550944
5.127,114.75986222655386,113.7047650176808,0.8974010690840917,113.37043287484735,1.1518525524450558
5.128,104.3640071949787,104.74652774476246,0.8974010690840917,104.3192845236178,1.1061070452005184
5.129,93.33556211714831,93.89014043521308,0.8974010690840917,93.3855033167553,1.1600780874029368
5.13,82.00129361596814,81.48418989170541,0.8974010690840917,81.05224288898641,1.2028338652031252
5.131,70.73475816805284,71.28133807940654,0.8974010690840917,70.80865345642013,1.2788891588339655
5.132,59.95329918769746,59.70034563365182,0.8974010690840917,59.31224081771301,1.3870451414431155
5.133,50.09332138575597,50.48484951110314,0.8974010690840917,50.14020749602227,1.4397540904562685
5.134,41.59344852787714,42.216949877272974,0.8974010690840917,41.93631496956298,1.5579985547380164
5.135,34.93893484081694,35.460664345708395,0.8974010690840917,35.24792839771864,1.6750750033990163
5.136,30.609582095920643,30.008325263519254,0.8974010690840917,29.857321192462877,1.7929726854331005
5.1370000000000005,26.620515480353845,25.519554362190533,0.8974010690840917,25.546811772178827,1.896408737813752
5.138,24.16600732328648,25.12116330124659,0.8974010690840917,25.115003619391548,1.9847234778203326
5.139,23.196444241350576,23.09393031392969,0.8974010690840917,23.21094145000648,2.0855527261469993
5.14,23.667249413645703,23.54517143687993,0.8974010690840917,23.765974148189773,2.1543682181385435
5.141,25.551463087472985,25.437519710654108,0.8974010690840917,25.708673612982878,2.1224695028851683
5.142,28.7710203312828,27.490949182395035,0.8974010690840917,27.965447948945556,1.9730989524855098
5.143,33.196135837830695,33.39023533664701,0.8974010690840917,33.8574167271864,1.8053264709649122
5.144,38.73532498493107,37.76161822632593,0.8974010690840917,38.387409737059976,1.653725738196732
5.1450000000000005,45.33698884041782,45.15110079389696,0.8974010690840917,45.85600791648025,1.5206189474612426
5.146,52.98526096685805,53.8576578103895,0.8974010690840917,54.5359426358299,1.3569777557135847
5.147,61.692365009089045,60.68327367445212,0.8974010690840917,61.49869058322508,1.2448463383077677
5.148,71.48795123829422,70.35349909117929,0.8974010690840917,71.19342395968508,1.1739778439460933
5.149,82.40709434801515,79.78224101446841,0.8974010690840917,80.79674768088543,1.1953448469269181
5.15,94.51774864373569,93.78768177040055,0.8974010690840917,94.78497961691592,1.2473048773156143
5.151,107.89648466071294,107.38569612092952,0.8974010690840917,108.48890621290576,1.2967173098555673
5.152,122.57112665188296,123.95858233782177,0.8974010690840917,125.02329152008929,1.3630135348700076
5.1530000000000005,138.50170196347432,139.83475137003336,0.8974010690840917,140.89284163984908,1.3918603107803038
5.154,155.56211005586175,155.48002507338686,0.8974010690840917,156.5803729533063,1.4764738833428734
5.155,173.523578446906,172.2865156509494,0.8974010690840917,173.44607924240123,1.617816101041855
5.156,192.04120734831085,190.63976446853596,0.8974010690840917,191.80117877500487,1.7612080605204632
5.157,210.64313092505847,209.0006731503475,0.8974010690840917,210.13656138081856,1.9085907805479752
5.158,228.6987725377679,227.2660348818615,0.8974010690840917,228.34159282366537,2.105661260328963
5.159,245.41456408336325,244.4639720115793,0.8974010690840917,245.4629882722834,2.3000489997616804
5.16,259.8886686255688,260.5012382575155,0.8974010690840917,261.15051889644485,2.4285502825380267
5.1610000000000005,266.84938526183794,267.47188161595966,0.8974010690840917,267.87966003601093,2.5014062411628686
5.162,270.3928921711037,268.5874086651508,0.8974010690840917,269.0013989668153,2.582391821833152
5.163,270.6862629818537,271.3472353243906,0.8974010690840917,271.44000493771574,2.506430150190778
5.164,268.04909244910965,267.0198406566563,0.8974010690840917,267.06723201061925,2.330750488528322
5.165,262.8681028741992,263.265677173953,0.8974010690840917,263.10627547065286,2.169026835925273
5.166,255.5252816646724,255.3052385098661,0.8974010690840917,255.00621874938787,2.003277414872054
5.167,246.3815039313302,244.88600368401868,0.8974010690840917,244.54770229014,1.8017892533480138
5.168,235.76574511696103,235.01318863877705,0.8974010690840917,234.56561597139435,1.6174418972379525
5.1690000000000005,223.9693478924912,223.57144696209423,0.8974010690840917,223.05942481645747,1.4590109777122342
5.17,211.2388917161192,211.7813527626651,0.8974010690840917,211.17692677185138,1.413457773652231
5.171,197.7017317909404,198.13550205840284,0.8974010690840917,197.4677502387913,1.423980811400704
5.172,183.4040962605016,183.19411770719535,0.8974010690840917,182.54032603026437,1.362104774557125
5.173,168.40505177674362,169.55336156934212,0.8974010690840917,168.78088285341425,1.3422384377448155
5.174,152.7819315657422,152.8627341688585,0.8974010690840917,152.086519763695,1.366034770248875
5.175,136.6195569026605,136.15303854790207,0.8974010690840917,135.37790111790773,1.3432449605185548
5.176,120.04892843243331,120.44867569883505,0.8974010690840917,119.63614919240422,1.3949644321873214
5.1770000000000005,103.26954756240114,103.6424682458082,0.8974010690840917,102.81825515552089,1.5337561519832155
5.178,86.52250608490279,86.50278765341739,0.8974010690840917,85.72761805392096,1.6772163513339988
5.179,70.0909679833976,70.92338919042629,0.8974010690840917,70.12812056856166,1.8517040982879858
5.18,54.30529250707872,54.60532312268001,0.8974010690840917,53.909926257946054,2.0437262949239443
5.181,39.54466709219251,40.90464288374604,0.8974010690840917,40.20867507645843,2.220690798384052
5.182,26.234312004997733,25.81342731374267,0.8974010690840917,25.279966033347485,2.349699451199705
5.183,14.773613753963376,14.111241870110618,0.8974010690840917,13.737817395762521,2.2742645072726475
5.184,5.492828939983738,4.914490359261585,0.8974010690840917,4.662812491021102,2.2077802021520903
5.1850000000000005,0.0,-2.122580374906533,0.8974010690840917,-1.999636553540478,2.10263891637953
5.186,0.0,0.2761569324470407,0.8974010690840917,0.36258473732670476,1.9445745158414305
5.187,0.0,0.0230069552407847,0.8974010690840917,0.1685099045789093,1.8147670185720677
5.188,0.0,-0.2993296266628391,0.8974010690840917,-0.15551464822093836,1.6972848275510173
5.189,0.0,-2.1351631005064964,0.8974010690840917,-1.8867591613191292,1.6051754673616592
5.19,0.0,-2.4103992300833,0.8974010690840917,-2.062244744640786,1.6201289332849782
5.191,0.0,-0.4270421466878211,0.8974010690840917,-0.077799614363981,1.5909437952445737
5.192,0.0,0.7607179133195832,0.8974010690840917,1.0339910689163834,1.5722127305853333
5.1930000000000005,0.0,-0.6283739288090846,0.8974010690840917,-0.20337256901441492,1.5682906472413218
5.194,0.0,1.3244946314625743,0.8974010690840917,1.6678488705170902,1.5446026741160679
5.195,0.0,0.4579109634874179,0.8974010690840917,0.8661246093497115,1.5359700955124955
5.196,0.0,0.3531623777843684,0.8974010690840917,1.2235702617839328,1.569717244828211
5.197,12.629455131730523,13.063079487003447,0.8974010690840917,14.098571534036019,1.6326420804527153
5.198,28.134482602155856,29.66510393264306,0.8974010690840917,30.738602963633546,1.5414239209158185
5.199,45.43369416236996,46.46854443686445,0.8974010690840917,47.65385783758075,1.460826112996255
5.2,64.16940670516676,65.22784907217977,0.8974010690840917,66.43480270831314,1.4479548742551895
5.2010000000000005,83.92251928629983,83.89135698090416,0.8974010690840917,85.17825533729687,1.509855324985382
5.202,104.20811119813122,104.2077724266675,0.8974010690840917,105.53089925809974,1.6619844882209551
5.203,124.47302204366582,125.07679115140188,0.8974010690840917,126.34978872882796,1.8104077631140976
5.204,144.09787625004665,144.62135657185908,0.8974010690840917,145.8363926077405,1.965048948488734
5.205,162.40488983046146,162.86351236520514,0.8974010690840917,163.99521643571128,2.142017331661465
5.206,178.6821775430985,178.96595896575604,0.8974010690840917,179.94717882052697,2.157169405381448
5.207,192.29846700414208,192.00347597863595,0.8974010690840917,192.83980123953677,2.098236973284414
5.208,202.68242994634883,202.27024391996423,0.8974010690840917,202.83079059410542,2.005150364642775
5.2090000000000005,207.3588616367764,205.72895269565856,0.8974010690840917,206.24640699937152,1.8855023435726979
5.21,209.16135678221207,209.2942048671524,0.8974010690840917,209.60223417331756,1.779320777735949
5.211,208.45044694910115,208.5485405336056,0.8974010690840917,208.71965450071272,1.6496492428425598
5.212,205.6400292327538,205.4056047106436,0.8974010690840917,205.528395570242,1.5033318968796765
5.213,201.16816610846405,202.6790254190338,0.8974010690840917,202.67380792433667,1.3796996093110852
5.214,195.46976027275568,197.60645863878835,0.8974010690840917,197.43988777522932,1.3443583432339603
5.215,188.91292222917355,188.5264754316431,0.8974010690840917,188.43753028422148,1.2710255488800346
5.216,181.8008166050473,182.8321342612529,0.8974010690840917,182.67984142064748,1.2094957069284125
5.2170000000000005,174.3963513730694,175.76400557371332,0.8974010690840917,175.5444694239632,1.1840243835852902
5.218,166.91739183534693,167.50700447018,0.8974010690840917,167.29486821746647,1.142942200429462
5.219,159.53523498935525,159.91552657540078,0.8974010690840917,159.71521518375502,1.085369230670063
5.22,152.38365285329283,153.23582134838588,0.8974010690840917,152.98481297873536,1.0424055680601063
5.221,145.58857610064757,145.79197750676454,0.8974010690840917,145.5799934817336,1.0186401525568174
5.222,139.2430036906672,139.28022143532291,0.8974010690840917,139.04368650441046,1.0139502524571427
5.223,133.41111130253117,132.1430310776581,0.8974010690840917,132.01257204488462,1.0053067532319766
5.224,128.1085557587007,127.81945942104416,0.8974010690840917,127.65930895246693,0.9926907017944465
5.2250000000000005,123.28183913109972,122.27467255817012,0.8974010690840917,122.13507004147,1.0153459488765113
5.226,118.87883989308943,117.63202610587751,0.8974010690840917,117.57530938665998,0.9944073656856394
5.227,114.82546006328364,115.24776189716836,0.8974010690840917,115.10312388834316,0.9954796010126515
5.228,111.05275082908555,110.06333198192829,0.8974010690840917,110.0086122084614,0.98596718625804
5.229,107.47164509500809,107.15758938925292,0.8974010690840917,107.11758452467205,0.9592600414357232
5.23,104.01326474497505,104.27259779253644,0.8974010690840917,104.2243373525334,0.9691859027267369
5.231,100.69090357238252,101.43974989202282,0.8974010690840917,101.36512309497468,0.9692951907739435
5.232,97.53426133778252,97.33595506887332,0.8974010690840917,97.35593470680864,0.9795791721730384
5.2330000000000005,97.32682068726176,96.02050954396448,0.8974010690840917,96.15883426174555,0.9672181168977294
5.234,98.58547658479056,97.56527437178268,0.8974010690840917,97.77802943738051,0.9776829165863359
5.235,101.22501358924902,100.94266204926863,0.8974010690840917,101.1354940033746,0.9705278408550458
5.236,105.11012660929782,103.13254952972908,0.8974010690840917,103.4527814181585,0.976497243779293
5.237,110.06048618964049,108.74691896500146,0.8974010690840917,109.11475160121556,1.001754079946745
5.238,115.86529347840664,115.39849479979286,0.8974010690840917,115.73482159492806,0.9944591239590986
5.239,122.28421459955251,121.0901894372348,0.8974010690840917,121.5045713054908,1.0057049119235346
5.24,129.0508741109557,128.76380046301847,0.8974010690840917,129.15774270464,1.0327318383582451
5.2410000000000005,135.90021454501723,135.95230238717627,0.8974010690840917,136.3292494240039,1.0349617659709662
5.242,142.5831270165118,142.80013419625465,0.8974010690840917,143.1252794588889,1.0320037491521843
5.243,148.8509810649795,147.9660291289896,0.8974010690840917,148.32381138807136,1.027350029406906
5.244,154.48124906998828,154.2262173698661,0.8974010690840917,154.52410169685803,1.0256946231885333
5.245,159.2674229548712,158.8241063423377,0.8974010690840917,159.12823190673976,1.0155721964145077
5.246,163.00629174723815,163.92287250707304,0.8974010690840917,164.05956525321432,0.9792742490861615
5.247,165.5343198337834,164.8259791156333,0.8974010690840917,164.96198962697102,0.9595581719880181
5.248,166.67876362393753,165.43847415401848,0.8974010690840917,165.59021456665403,0.9657169635176598
5.249,166.25457543216015,166.26939960118358,0.8974010690840917,166.2839587596182,0.9614470911060509
5.25,164.13322694526707,163.50511121839924,0.8974010690840917,163.48181337419086,0.9762414036796544
5.251,160.21331305794962,159.96814325966002,0.8974010690840917,159.90392417667493,0.9915243179704305
5.252,154.43484429063767,155.3990429519776,0.8974010690840917,155.17288437726083,1.0404698730953112
5.253,146.80812944982006,146.52890889124856,0.8974010690840917,146.29474033911413,1.0903347585823486
5.254,137.4349907820896,137.30781696728886,0.8974010690840917,137.02935187731973,1.092676852969885
5.255,126.54222134660084,127.2408557823604,0.8974010690840917,126.82756635358616,1.1484902506990091
5.256,114.48434629503774,113.96801285153434,0.8974010690840917,113.92732737814245,1.045328669982133
5.257,110.02327414257005,111.88149220523393,0.8974010690840917,111.74990601928315,0.996887511303465
5.258,106.0837613092032,107.28824506468251,0.8974010690840917,107.15489607630289,1.0759110863481143
5.259,102.79002178070655,102.89972509581074,0.8974010690840917,102.86701742586628,1.1401377456406032
5.26,100.24161264275664,101.37994032059808,0.8974010690840917,101.34569707648535,1.2031618506371464
5.261,98.51640684563404,99.28573287416933,0.8974010690840917,99.30754471711782,1.2889758829191467
5.2620000000000005,97.67312282621349,98.5735929829432,0.8974010690840917,98.63116798083728,1.3005932030896992
5.263,97.69052446909382,98.2153285072001,0.8974010690840917,98.3273485086407,1.2343960057768997
5.264,98.45264135024536,98.5163807390833,0.8974010690840917,98.67767723956028,1.1470754482180598
5.265,99.81051286481542,99.17170110441684,0.8974010690840917,99.48233529518171,1.0793632767912862
5.266,101.60735382681769,103.30749680065556,0.8974010690840917,103.54022195149324,1.0103700531252926
5.267,103.68023791780276,104.80977762013362,0.8974010690840917,105.0965322902122,0.9614837706787716
5.268,105.86191209375104,107.345733631831,0.8974010690840917,107.60135858671306,0.9356412038057857
5.269,107.98321040444112,108.18470187799754,0.8974010690840917,108.49063337456201,0.9326775543786265
5.2700000000000005,109.92932335554438,110.41314385397489,0.8974010690840917,110.72495705774857,0.9390955472980904
5.271,111.64166188614934,113.08633694171536,0.8974010690840917,113.31604045630053,0.9330830930047845
5.272,113.06894013834412,113.66147404824768,0.8974010690840917,113.8896183497398,0.9290403764222774
5.273,114.15935405634356,113.97582991026346,0.8974010690840917,114.23630404880628,0.929676274793144
5.274,114.86695491644215,115.24327960450124,0.8974010690840917,115.46460560907862,0.9289569694334575
5.275,115.1647160661198,115.22516187832882,0.8974010690840917,115.46365923348782,0.9283003842946591
5.276,115.0321695045914,115.70693715003156,0.8974010690840917,115.89924180294777,0.9331535102630982
5.277,114.44093494185358,114.74042837903536,0.8974010690840917,114.91648473374144,0.9526421954242296
5.2780000000000005,113.36849084023616,113.14078816989004,0.8974010690840917,113.35055446943365,0.9776055179450791
5.279,111.82096458460072,112.41977641037028,0.8974010690840917,112.55575893282766,1.0154108463522353
5.28,109.83384732063462,109.77669127285056,0.8974010690840917,110.04350612185922,0.9938483638957744
5.281,110.70246515335208,111.64519272647809,0.8974010690840917,111.83410543645648,0.9679015686050106
5.282,112.1138182110806,111.62113742700828,0.8974010690840917,111.9137232613323,0.9487774261235319
5.283,114.03489623120169,114.86087659077336,0.8974010690840917,115.08993236282672,0.966453859779016
5.284,116.33117353063253,116.5206192529239,0.8974010690840917,116.79503034123441,0.970229554923084
5.285,118.87581460852532,119.50747958691856,0.8974010690840917,119.70139851038034,0.9486887821357103
5.2860000000000005,121.62623672417216,120.52686573735284,0.8974010690840917,120.85650530230768,0.9461450378514321
5.287,124.53499981277696,125.57239941184216,0.8974010690840917,125.75864692800253,0.9465020360925882
5.288,127.5287827947428,126.46568190553364,0.8974010690840917,126.74343671844731,0.9392954605322582
5.289,130.53781164924237,130.5351075815175,0.8974010690840917,130.78743772213585,0.9559010001678638
5.29,133.48828582036063,133.99108647490002,0.8974010690840917,134.2127352104378,0.953764449598288
5.291,136.30134217018613,135.9943928883317,0.8974010690840917,136.18948322389235,0.9495456422999332
5.292,138.9188020841049,137.15950040047252,0.8974010690840917,137.46160141054025,0.9608064215626666
5.293,141.2921122725159,141.28315494578035,0.8974010690840917,141.5130552735549,0.9759796901975644
5.2940000000000005,143.37506684411426,143.68922364748568,0.8974010690840917,143.88375176334534,0.9704646108017164
5.295,145.1200162428406,145.30464437288177,0.8974010690840917,145.45148023426984,0.969092715018325
5.296,146.47525298523283,145.76938754583713,0.8974010690840917,145.96687014478272,0.9712955666324888
5.297,147.38407826954014,147.72684625767974,0.8974010690840917,147.835997971806,0.9742681327890119
5.298,147.7858832619048,147.54436812346432,0.8974010690840917,147.66626268610182,0.969253717600847
5.299,147.6193675654291,148.33199541775383,0.8974010690840917,148.3695389773,0.9700904290907681
5.3,146.82778911012295,146.99180066449375,0.8974010690840917,147.04492831831055,0.9668617539373499
5.301,145.36590801425777,146.24264728391228,0.8974010690840917,146.2661659533617,0.965680419119378
5.3020000000000005,143.20806569186232,144.54370346062254,0.8974010690840917,144.45667382634247,0.9734917113550178
5.303,140.35664394107846,139.98630577120204,0.8974010690840917,139.94287190611533,0.9740601210441632
5.304,136.85069494989295,136.50566216976327,0.8974010690840917,136.52624557983043,0.9494168373719669
5.305,134.59806553491447,134.8173970405596,0.8974010690840917,134.82032079898525,0.9393235190082404
5.306,132.5003896632357,132.58154461189775,0.8974010690840917,132.5735518894843,0.9406686622777035
5.307,130.6492921459935,129.8392995391504,0.8974010690840917,129.86191420479173,0.9378257999598555
5.308,129.09206509815328,128.01558064098828,0.8974010690840917,128.07680152308276,0.9309617413297344
5.309,127.8451841681336,127.45489060641218,0.8974010690840917,127.45070919904857,0.9331865263091136
5.3100000000000005,126.87558134289296,124.97562802917491,0.8974010690840917,125.05474325204932,0.9358147018199644
5.311,126.1021825176466,124.61518762430072,0.8974010690840917,124.7317308984988,0.9467208688783987
5.312,125.40790258472607,125.1975728476382,0.8974010690840917,125.21399573396481,0.9428304662490778
5.313,124.72715586185105,123.52458353991402,0.8974010690840917,123.62632653768061,0.9454609590103866
5.314,123.97656695153796,124.08913002501724,0.8974010690840917,124.12095003540183,0.9411233482641755
5.315,123.08224472771352,123.1854668553253,0.8974010690840917,123.20388835219686,0.9413996269799558
5.316,121.9666502612085,121.87509111105749,0.8974010690840917,121.85720066963063,0.9369046977935456
5.317,120.57239708232234,119.84602935564465,0.8974010690840917,119.86914716202467,0.93350221275731
5.3180000000000005,118.8472695226196,118.78542700299586,0.8974010690840917,118.78485401338276,0.9336618594758241
5.319,116.74341859341403,116.98164846389156,0.8974010690840917,116.89507845070581,0.9505343550358432
5.32,114.21808382747427,112.37240545361048,0.8974010690840917,112.39348154397868,0.955576637283781
5.321,111.2329918242064,110.63348876182874,0.8974010690840917,110.60751616835029,0.9515575335126859
5.322,107.76924628511824,108.02123087079498,0.8974010690840917,107.92672763420393,0.9715258487707742
5.323,103.83622674662472,103.50731029174726,0.8974010690840917,103.41521261498275,0.993039792009884
5.324,99.46746341169668,98.66770479296,0.8974010690840917,98.60087496851908,0.995626865726904
5.325,94.7216039753474,94.49058451785868,0.8974010690840917,94.39640429580308,1.0015363381557896
5.3260000000000005,89.69990038462714,89.26161941474845,0.8974010690840917,89.15282896012208,1.0296804462791378
5.327,84.56335452340946,83.18131276216478,0.8974010690840917,83.18641724166616,1.0356937957230772
5.328,79.52998164135981,80.31555254072775,0.8974010690840917,80.22747030496403,1.0721052691268707
5.329,75.19130618052563,75.15942975982094,0.8974010690840917,75.1919398232725,1.1231729300474245
5.33,71.33257316014988,73.12991072273354,0.8974010690840917,73.09428697824193,1.19048659405405
5.331,68.0252877351183,69.47263308017011,0.8974010690840917,69.45681759884322,1.2451095563264885
5.332,65.31286522918356,65.71687966065294,0.8974010690840917,65.79113604573185,1.269512447426449
5.333,63.21524717044276,63.8427708925194,0.8974010690840917,63.94927276619858,1.2802465452769636
5.3340000000000005,61.75306041972309,62.27371530551234,0.8974010690840917,62.45450783241542,1.2435416013462992
5.335,60.91944810633338,62.36340021191638,0.8974010690840917,62.5551231251388,1.203384121223072
5.336,60.71700720628412,62.00184733453025,0.8974010690840917,62.221040488752706,1.1680706107165284
5.337,61.16079425829346,61.99538554291453,0.8974010690840917,62.268189106715646,1.131353582178092
5.338,62.28247049251399,62.73690032074453,0.8974010690840917,63.082976923707136,1.109556120947976
5.339,64.13549202039819,65.31363113416502,0.8974010690840917,65.68179747320065,1.0984411949174728
5.34,66.79639209960925,68.38678037221237,0.8974010690840917,68.76619127492148,1.075547743649112
5.341,70.34560795760919,71.10116855868885,0.8974010690840917,71.55250608576925,1.0680634827970386
5.3420000000000005,74.8555930895562,75.74615440247824,0.8974010690840917,76.2286685082777,1.0527794670707584
5.343,80.38390334089596,80.4122961548771,0.8974010690840917,80.94686401342942,1.0467358719675481
5.344,86.98193774965966,85.99059790084657,0.8974010690840917,86.6058273917728,1.0728188950139483
5.345,94.69868496461832,93.414818566582,0.8974010690840917,94.17538844663346,1.151702268702691
5.346,103.55630606155252,105.12281137988656,0.8974010690840917,105.80095900839278,1.1627600728797969
5.347,113.5057944938267,114.54114139941294,0.8974010690840917,115.27103191650382,1.1330414998554772
5.348,124.41210778098954,125.2644698927926,0.8974010690840917,125.98352014043235,1.1260814975153257
5.349,136.0439832942485,135.52908448505377,0.8974010690840917,136.3263017831607,1.1351188967295922
5.3500000000000005,148.0604627130822,147.3527162723371,0.8974010690840917,148.21621116398987,1.2170380497580384
5.351,160.01009651837498,160.75631232719618,0.8974010690840917,161.5664525965151,1.2974197793209803
5.352,171.3691678444673,172.55598206917838,0.8974010690840917,173.2796720316043,1.3360382503313635
5.353,182.00520642454768,181.6094714499056,0.8974010690840917,182.32626954392626,1.403151873189097
5.354,191.4802681698804,190.5984278978489,0.8974010690840917,191.29805903816558,1.4727131968821165
5.355,199.72518121851897,199.4835906311144,0.8974010690840917,200.06975785431337,1.5122321312882077
5.356,206.72474377551328,205.91118615323884,0.8974010690840917,206.4930908179986,1.5249772987439683
5.357,212.5065990884524,212.8035905822818,0.8974010690840917,213.22854599396734,1.5230853959460013
5.3580000000000005,217.11505278765037,216.5177551587816,0.8974010690840917,216.98302856087597,1.526428551551566
5.359,220.58735114085405,221.85750262478425,0.8974010690840917,222.155380624898,1.5422936556067153
5.36,222.9379259860769,223.580146294464,0.8974010690840917,223.8653046808026,1.5446402595480697
5.361,224.1493186972516,225.851914609,0.8974010690840917,226.0154611797267,1.5772639491595923
5.362,224.16193474979684,225.62412897776227,0.8974010690840917,225.68436783895936,1.6017567362331686
5.363,222.8799328616116,223.56941629818505,0.8974010690840917,223.52845590642372,1.6285091602310453
5.364,220.1845342552845,219.13897830004055,0.8974010690840917,219.1349109783186,1.623335281395986
5.365,215.94297743539005,216.3064922891288,0.8974010690840917,216.15961293274853,1.5441074817160636
5.3660000000000005,210.0687642695152,210.57810087522225,0.8974010690840917,210.26589114380232,1.4700521755291636
5.367,202.5001136551712,201.229408760093,0.8974010690840917,200.90873771754926,1.406675766638146
5.368,193.15817450291703,192.27774923441277,0.8974010690840917,191.8846904422089,1.2861329802812023
5.369,182.013848490609,182.39656473467016,0.8974010690840917,181.8544453586514,1.2759226162446329
5.37,169.05831776111597,168.71378952231595,0.8974010690840917,168.1084749400636,1.2823057884010265
5.371,154.3367486989548,154.20409076328636,0.8974010690840917,153.49983846065265,1.3172742088910196
5.372,137.94904033837508,137.1901789588568,0.8974010690840917,136.47049064187902,1.3681730447815166
5.373,120.0699223072737,119.93336778680003,0.8974010690840917,119.14317426317783,1.4259858262407503
5.3740000000000006,100.98877975765691,101.19670460306818,0.8974010690840917,100.38710974073152,1.5081951375573373
5.375,81.11174128934773,81.88632215209344,0.8974010690840917,81.02959563379972,1.6121597603188291
5.376,60.98842032358513,61.5274590997745,0.8974010690840917,60.862684557466196,1.6330416527237666
5.377,45.32070911258316,46.16313585305897,0.8974010690840917,45.550041333609464,1.625224794868229
5.378,31.65796538936476,31.579951643337814,0.8974010690840917,31.08618632133276,1.6823253109854146
5.379,20.186907390358986,19.955822646151613,0.8974010690840917,19.640334650615006,1.7139908672599016
5.38,11.02417618042702,12.844636737724963,0.8974010690840917,12.497490654394085,1.7975684213646805
5.381,4.23405675850222,4.309516839049928,0.8974010690840917,4.114496536192045,1.8615508237979663
5.382,0.0,-1.1155447122771545,0.8974010690840917,-1.076385852930509,1.8559147398974079
5.383,0.0,-0.9013471820884612,0.8974010690840917,-0.8502506511562227,1.8143872196725834
5.384,0.0,-1.5213334226986754,0.8974010690840917,-1.3983467345724334,1.7375949486160436
5.385,0.0,-1.4876023189243457,0.8974010690840917,-1.208462190402944,1.6289475755231404
5.386,3.2651472505841923,1.43617870806432,0.8974010690840917,1.880237300675713,1.5062177192830042
5.3870000000000005,8.617843794246511,7.60417023863015,0.8974010690840917,8.114708490193433,1.444450748402196
5.388,15.445042220613844,14.867683011679269,0.8974010690840917,15.446957919096599,1.4072929425338923
5.389,23.644673613235312,23.74823158732055,0.8974010690840917,24.35584208929313,1.383706588779398
5.39,33.13835327206547,33.03020064627083,0.8974010690840917,33.71351917800471,1.3295956524355088
5.391,43.82899803729116,43.49564129583495,0.8974010690840917,44.268888850287176,1.334110565711563
5.392,55.62853048232043,56.04965625764105,0.8974010690840917,56.86092858773021,1.3322389233651033
5.393,68.43319156040587,69.38572368792137,0.8974010690840917,70.17917788753476,1.2706270273884588
5.394,82.09496364885595,81.45577360656107,0.8974010690840917,82.362918022544,1.2531574994099512
5.3950000000000005,96.41406782385349,96.23054265145852,0.8974010690840917,97.15282436639522,1.2720028276678714
5.396,111.1483306365287,110.8019685869086,0.8974010690840917,111.75365005786684,1.27340443486152
5.397,126.01039031137728,125.74988657742831,0.8974010690840917,126.65794014352785,1.273323899298169
5.398,140.66526992954988,139.1688621753192,0.8974010690840917,140.11545295641906,1.3021237608832448
5.399,154.73134324832972,153.51146288637446,0.8974010690840917,154.37055388315866,1.3356093488475476
5.4,167.78560902142124,165.67209164087703,0.8974010690840917,166.60431726993255,1.398710265522361
5.401,180.8307128180429,179.99011870889694,0.8974010690840917,180.79359745783722,1.4629576248275407
5.402,192.1994852309521,191.3080172995318,0.8974010690840917,192.07969194820606,1.517304501513257
5.4030000000000005,201.6812272503092,201.7620752491702,0.8974010690840917,202.37141158789387,1.6179700153331704
5.404,209.09498743019387,208.04806481868803,0.8974010690840917,208.60256977713533,1.7194924959640303
5.405,214.3133042161812,213.16951225221888,0.8974010690840917,213.64987821960807,1.8320514658737603
5.406,217.25936402378343,217.24108545075296,0.8974010690840917,217.57131015903954,1.9310043399716756
5.407,217.90255540104909,218.3443874561204,0.8974010690840917,218.53573216112804,1.8983386782964724
5.408,216.3294513763903,216.70417366908413,0.8974010690840917,216.75971744105038,1.7679984650865213
5.409,212.71946138463147,212.58618100334505,0.8974010690840917,212.5165952533102,1.6315085619016565
5.41,207.27212425849865,206.1700481795888,0.8974010690840917,206.0772289134279,1.4737333857288002
5.4110000000000005,200.1990435475217,200.5207669351411,0.8974010690840917,200.30612038154237,1.3461442107618666
5.412,191.72312150948352,192.4251403441004,0.8974010690840917,192.06716699906616,1.2667139252820894
5.413,182.07983772824224,181.3784446266345,0.8974010690840917,181.05327628638037,1.1788818849835767
5.414,171.5075753567324,171.78508261002722,0.8974010690840917,171.35189440137935,1.1704057197297006
5.415,160.1749266412192,159.68463271988944,0.8974010690840917,159.3185235622937,1.1493333407336017
5.416,148.2463120528195,150.2110632566657,0.8974010690840917,149.76204321998057,1.1263848864862798
5.417,135.92051358428282,139.03268789113076,0.8974010690840917,138.4766181532639,1.185011557182702
5.418,123.45682581399602,125.3266148903622,0.8974010690840917,124.77737396518084,1.223151486241175
5.4190000000000005,111.17186050146374,112.11865918379874,0.8974010690840917,111.6333708044598,1.2066907380509955
5.42,99.419036505053,100.29083988066871,0.8974010690840917,99.83625900876933,1.2042235642387984
5.421,88.58373501097137,89.0986539451637,0.8974010690840917,88.732987344896,1.2170177929924475
5.422,79.09799928210936,80.04001455118113,0.8974010690840917,79.72559840082947,1.2737764518025834
5.423,71.44262540022396,72.67794725789943,0.8974010690840917,72.42182265104333,1.3625400945449262
5.424,66.09592999461395,66.64612849682483,0.8974010690840917,66.56375257327964,1.447935871970214
5.425,65.3785497633086,65.1715875361116,0.8974010690840917,65.23672190026129,1.4602658849933556
5.426,66.8031958962162,66.720180892347,0.8974010690840917,66.79527314234781,1.4682366126828637
5.4270000000000005,70.17646997662662,67.8823317549528,0.8974010690840917,68.1777480418444,1.3686325003229758
5.428,75.20281116095566,73.77756723859858,0.8974010690840917,74.16635410447746,1.284329419992275
5.429,81.55238886427216,81.44252725799915,0.8974010690840917,81.82527752937392,1.1829007253469364
5.43,88.9094991769755,87.92719684878065,0.8974010690840917,88.35086736414556,1.0908160421773967
5.431,96.95818697860264,95.0390879228867,0.8974010690840917,95.57161950519337,1.0705103430699736
5.432,105.40611279735636,104.63307016549186,0.8974010690840917,105.10583705149831,1.0480417680433207
5.433,114.01398367172312,111.75670242036118,0.8974010690840917,112.30277721913315,1.0389975090225383
5.434,122.59652860663,120.75852196813804,0.8974010690840917,121.34269736155656,1.086131020087821
5.4350000000000005,131.0083296113122,131.05407085636278,0.8974010690840917,131.57400749043916,1.09316235531513
5.436,139.11389353929718,139.87098763387766,0.8974010690840917,140.3151133855268,1.061705177108432
5.437,146.77603048778823,146.34596985243513,0.8974010690840917,146.81596471862102,1.065868736057205
5.438,153.85685984429168,153.88870466246166,0.8974010690840917,154.3300652747458,1.1029051864816286
5.439,160.21360040139317,160.84475381953604,0.8974010690840917,161.16998135493512,1.1155620641458366
5.44,165.6868085896505,164.4367185979562,0.8974010690840917,164.819026181121,1.1507476822133957
5.441,170.10482665762925,169.85075408578606,0.8974010690840917,170.11382524418667,1.1962342897757186
5.442,173.3065128327881,171.96492867164582,0.8974010690840917,172.23937210411066,1.1951505138777916
5.4430000000000005,175.15746430777733,175.0777663601582,0.8974010690840917,175.23657782392596,1.2145388570702536
5.444,175.5339279968188,175.0642524764138,0.8974010690840917,175.16424463065607,1.1671037845590013
5.445,174.3592633856151,174.1052667644051,0.8974010690840917,174.12117793823543,1.1066472907429499
5.446,171.60140084839924,171.81004336993863,0.8974010690840917,171.7435742036539,1.0602504213372785
5.447,167.2593206808138,167.76570017656914,0.8974010690840917,167.6380829273126,1.032064029028143
5.448,161.36074426755982,162.49537047967803,0.8974010690840917,162.29910544914873,1.0270694274748389
5.449,155.51772997357835,155.85093991585194,0.8974010690840917,155.60913548023976,1.0373040896979266
5.45,148.3934041935047,148.0607231306306,0.8974010690840917,147.82999777771096,1.0383558495668321
5.4510000000000005,140.14627279033124,140.69802080855905,0.8974010690840917,140.4391934285081,1.0389867012894363
5.452,130.9359534695555,132.48554191025696,0.8974010690840917,132.06137896838513,1.1073516460817059
5.453,120.93107416532162,120.03363894366991,0.8974010690840917,119.77888756075737,1.1044485767947312
5.454,110.31825295011008,112.12533703561957,0.8974010690840917,111.72892358931395,1.1050475916407507
5.455,99.29534873507448,100.4643481813102,0.8974010690840917,100.08959855741386,1.1802971151446244
5.456,88.06263834818041,89.63965249808703,0.8974010690840917,89.1787387130417,1.2467387316904417
5.457,76.8243528537061,76.21877626363008,0.8974010690840917,75.87319129765211,1.2985169835786639
5.458,65.79242091335928,65.81619711112035,0.8974010690840917,65.49046551993241,1.3223692840489074
5.4590000000000005,55.208063560236326,55.79299121447076,0.8974010690840917,55.48275902241211,1.4331436444537997
5.46,45.36064535569926,46.29993882802157,0.8974010690840917,45.962421401215515,1.5874283591299403
5.461,36.568539520805885,35.53544616680281,0.8974010690840917,35.39780780519906,1.7071766783062945
5.462,29.144525200647635,29.60769581859501,0.8974010690840917,29.442630347746732,1.7899428596108233
5.463,23.379443405709907,22.51055510966282,0.8974010690840917,22.547963510617098,1.7663385907449585
5.464,19.47692956957709,19.928943261835187,0.8974010690840917,19.994497469261656,1.668842171824251
5.465,17.58362247244247,17.169395970786834,0.8974010690840917,17.44005944352051,1.570785019153945
5.466,17.823143825384747,18.9866940415466,0.8974010690840917,19.273492631010473,1.4515576759338524
5.4670000000000005,20.28532702305013,20.27317952686356,0.8974010690840917,20.70358847059648,1.3516476340864212
5.468,25.013325248073546,24.898810295107825,0.8974010690840917,25.467221106755545,1.2665124201674725
5.469,32.0034193105804,32.39964417787964,0.8974010690840917,33.02638657454523,1.259338789361028
5.47,41.24751891239072,41.0191951805419,0.8974010690840917,41.75236661712089,1.2825137305176308
5.471,52.67729010006441,52.36928091736368,0.8974010690840917,53.204890616876334,1.3183388793747413
5.472,66.111273141038,66.19487592625961,0.8974010690840917,66.87176293839437,1.2315649899321635
5.473,74.9458283243093,74.84785067768094,0.8974010690840917,75.5826693773194,1.147513958717966
5.474,84.11822829972462,84.95790006477189,0.8974010690840917,85.68119032624719,1.12319075740384
5.4750000000000005,93.3993451142843,94.25907198694384,0.8974010690840917,95.00478415001756,1.0953782570956043
5.476,102.58984142468636,104.040002392293,0.8974010690840917,104.7412938422137,1.0811238838640393
5.477,111.50259775497842,112.1957236751608,0.8974010690840917,112.91133837948598,1.1060364633136928
5.478,119.99138297189924,120.51216303859218,0.8974010690840917,121.2220037674904,1.184815304082506
5.479,127.95541199836418,128.7821152664013,0.8974010690840917,129.487463197652,1.2911321520729504
5.48,135.33042869193375,136.85211886497228,0.8974010690840917,137.47488634996617,1.3931741578779642
5.481,142.0878494150206,143.02463769336637,0.8974010690840917,143.60338786570426,1.3745088383102513
5.482,148.3160325295786,148.7837691969924,0.8974010690840917,149.30231955308858,1.3307537398703653
5.4830000000000005,154.1521259502003,153.46871580847997,0.8974010690840917,153.9890750806099,1.2780321232051455
5.484,159.72755257236807,158.91097708499572,0.8974010690840917,159.46980417093692,1.256190850684726
5.485,165.15423495294883,166.05250886570028,0.8974010690840917,166.46848402443672,1.2102153820019852
5.486,170.5122822874251,170.1827104684977,0.8974010690840917,170.62602148069598,1.1556392314252426
5.487,175.83663397316738,175.29068770840448,0.8974010690840917,175.72805128130506,1.1880135768218034
5.488,181.053978821371,180.48490437935916,0.8974010690840917,180.93683690422694,1.2209137600154842
5.489,186.02655874093543,186.4408450067593,0.8974010690840917,186.80059536549854,1.253241179262586
5.49,190.56086937562893,190.6200243339605,0.8974010690840917,190.92961575875935,1.2687877528941596
5.4910000000000005,194.42322169410411,193.55101602246663,0.8974010690840917,193.85677645470653,1.2785922460241164
5.492,197.3465550516221,197.04714298915928,0.8974010690840917,197.24557261050992,1.290355241940189
5.493,199.034990376862,198.005107877026,0.8974010690840917,198.20373785722566,1.284777404097586
5.494,199.17880598113203,199.5931554036844,0.8974010690840917,199.62440334249806,1.2686053967928186
5.495,197.490936062355,196.90556950344347,0.8974010690840917,196.90168844647462,1.1971095955045392
5.496,193.74602825639005,193.9150273086408,0.8974010690840917,193.77087922579022,1.1168387169850862
5.497,186.4640821634061,188.0717570361835,0.8974010690840917,187.77456573290448,1.0935595294073785
5.498,178.33960184079248,178.59808104739318,0.8974010690840917,178.31134956954003,1.0780009448746626
5.4990000000000006,169.8643767069156,169.86867175800336,0.8974010690840917,169.5612918559963,1.0663033408458973
5.5,161.47360136279198,160.92713046776686,0.8974010690840917,160.68549488188145,1.0506950531332782
5.501,153.45154444217553,153.74794565953505,0.8974010690840917,153.48900949854374,1.0328348699487186
5.502,145.97518069076364,146.03778972001402,0.8974010690840917,145.80220943208997,1.0303333651628774
5.503,139.15557401738502,138.78614587173476,0.8974010690840917,138.5767798683787,1.0170167310303588
5.504,133.04906534838096,131.93477153074434,0.8974010690840917,131.80988512399878,0.9880671549217446
5.505,127.66090501478664,127.24715035321414,0.8974010690840917,127.12634689441275,0.9672672413586042
5.506,122.97155308901095,122.84199892060548,0.8974010690840917,122.74249986154416,0.9623532222847672
5.507,118.96087844935384,118.66916149153624,0.8974010690840917,118.56967682710822,0.9614945082001465
5.508,115.59821674711006,114.56410242062124,0.8974010690840917,114.57146484415567,0.9491246322081849
5.509,112.82841224133944,113.5320434386836,0.8974010690840917,113.48443132864789,0.9464767241100984
5.51,110.55939511001029,110.98519440069268,0.8974010690840917,110.947983491744,0.9554242092255962
5.511,108.67028520385314,108.3464524680571,0.8974010690840917,108.29418248887177,0.9634635756057371
5.5120000000000005,107.02266816057868,104.89942466514466,0.8974010690840917,104.96792749453861,0.9539152718929677
5.513,105.447943302856,104.66541280876196,0.8974010690840917,104.71795644718773,0.9359903829697747
5.514,103.74113303637476,103.88401077452076,0.8974010690840917,103.89802974637288,0.9322627584635287
5.515,101.68159934656752,101.60461441121956,0.8974010690840917,101.62317597676113,0.9401283718560892
5.516,99.06370171765684,99.58795222002644,0.8974010690840917,99.55837996993684,0.9587969804086028
5.517,95.71190862057809,95.97527173382,0.8974010690840917,95.94468647699527,0.967828576592898
5.518,91.54119893819828,92.33026251552378,0.8974010690840917,92.19444584734615,0.9747849083781156
5.519,86.59439534209243,85.94581247793806,0.8974010690840917,85.78420582810725,1.010322877286485
5.5200000000000005,80.97253379296596,78.61990790883121,0.8974010690840917,78.47158349577839,1.043338472280626
5.521,73.35738109478075,71.74884068726308,0.8974010690840917,71.63368898910424,1.0893971460002019
5.522,66.63321373723315,66.26336031385748,0.8974010690840917,66.15717217576777,1.159444052067857
5.523,60.933914342142586,61.13270600662808,0.8974010690840917,60.98364054408771,1.2495934989498578
5.524,56.32942884088131,54.597755522710266,0.8974010690840917,54.56772496506277,1.2716145757327502
5.525,52.80258672398125,50.64713628129112,0.8974010690840917,50.75128121810188,1.2507395237569443
5.526,50.30470543693738,49.80567926954906,0.8974010690840917,49.90910116469516,1.2423005752774632
5.527,48.779733976933954,48.96427271877414,0.8974010690840917,49.07214331363542,1.2362306821851716
5.5280000000000005,48.17441477437214,47.805372564169424,0.8974010690840917,47.992277056733734,1.2392335916327242
5.529,48.446705783358496,48.60450904693006,0.8974010690840917,48.806244616566815,1.2330738267436412
5.53,49.57800841276733,48.80216960066223,0.8974010690840917,49.086443765381325,1.282978927422455
5.531,51.59721478287439,51.23611436619446,0.8974010690840917,51.568395417350104,1.3425408866730597
5.532,54.56690114458564,54.44382506311856,0.8974010690840917,54.83313940416864,1.399138293369832
5.533,58.55490875987917,58.81574705284769,0.8974010690840917,59.21084380103289,1.4429151545622947
5.534,63.62808740226034,62.837730080973046,0.8974010690840917,63.3752351497933,1.5055951703531456
5.535,69.83860894595858,70.51579417238588,0.8974010690840917,71.07172707307845,1.444496616502665
5.5360000000000005,77.14843943587263,77.82090345845052,0.8974010690840917,78.42601348175465,1.3254893717572511
5.537,85.44487580366464,85.54406832460705,0.8974010690840917,86.27072935519703,1.2354261419834534
5.538,94.56957883891174,95.5752165947326,0.8974010690840917,96.23866625088957,1.138608566813978
5.539,104.33187170606712,103.28151948980543,0.8974010690840917,104.11160374623277,1.1185288588641324
5.54,114.50876904766122,115.48862423534396,0.8974010690840917,116.26867808883922,1.1452259820000354
5.541,124.8532974386801,125.75174907343448,0.8974010690840917,126.48821761661921,1.1160332060169713
5.542,135.09423097019297,134.69069489345398,0.8974010690840917,135.50350411428718,1.1605560584324468
5.543,144.94404255186603,145.76505315270938,0.8974010690840917,146.49977123481634,1.2003816230822675
5.5440000000000005,154.10290598036653,154.96653756087372,0.8974010690840917,155.60034257076947,1.1819425658207654
5.545,161.76706377190808,161.70554335969166,0.8974010690840917,162.33245951076438,1.1914000900900548
5.546,168.77654865415474,168.57663230192097,0.8974010690840917,169.1836338057813,1.2291373389766813
5.547,175.15522432322103,175.05386080526404,0.8974010690840917,175.67611516202192,1.2882492377005
5.548,180.92824294992067,182.27114028965056,0.8974010690840917,182.72862836586114,1.3502349792926762
5.549,186.1021691032024,185.25968458202428,0.8974010690840917,185.81709366267108,1.4513503606741718
5.55,190.65709772100183,191.02045371373347,0.8974010690840917,191.47735842070017,1.5786118219968914
5.551,194.5591826314792,194.62564001966305,0.8974010690840917,194.99986426322235,1.6804673457697483
5.5520000000000005,197.7579360254792,196.2794886582253,0.8974010690840917,196.66580533549342,1.781246698015521
5.553,200.1801721338321,198.7877135797531,0.8974010690840917,199.12586487960652,1.7757610374944812
5.554,201.80289943463143,201.68041134700735,0.8974010690840917,201.93995741563282,1.709420577338754
5.555,202.63805629826413,203.73403090011823,0.8974010690840917,203.82159821932132,1.6244517849569935
5.556,202.67341967853696,202.20590875886768,0.8974010690840917,202.28160480560035,1.4987246070108138
5.557,201.87779662383812,201.6488986359475,0.8974010690840917,201.66941062172265,1.3897433069062557
5.558,200.19082707103888,200.57879566211247,0.8974010690840917,200.46156078769374,1.3460368220218517
5.559,197.48555659013928,196.22234084125392,0.8974010690840917,196.13674653226678,1.3270078758130985
5.5600000000000005,193.57917144586773,193.03785431759204,0.8974010690840917,192.88938119798266,1.2547554873386741
5.561,188.32355583931928,188.7038436568761,0.8974010690840917,188.45215651703109,1.1934119616081067
5.562,181.59301628544463,182.60695460087183,0.8974010690840917,182.2459322805639,1.1876040645867363
5.563,173.2653133684233,173.8240899961953,0.8974010690840917,173.386831436551,1.1882894582101318
5.564,163.2584458267974,163.4991414725504,0.8974010690840917,163.0212487538828,1.1826194742519638
5.565,151.55905012485312,152.17959484615326,0.8974010690840917,151.5838035256749,1.210797478854475
5.566,138.24197489360276,138.18273413610208,0.8974010690840917,137.54730259379974,1.264116212247888
5.567,123.48810079576964,123.05173777249723,0.8974010690840917,122.39340064981752,1.2994464033778668
5.5680000000000005,107.5992227430045,107.58818180198074,0.8974010690840917,107.10387945719728,1.2398780862882945
5.569,97.3117772180472,97.4666324275546,0.8974010690840917,96.99086840345454,1.188762888118579
5.57,87.85845274747105,87.35608994379037,0.8974010690840917,86.96605877698605,1.202197952949537
5.571,79.35654111206796,79.43861109794207,0.8974010690840917,79.06355998486887,1.21448098691571
5.572,71.87357285161629,71.66110240324471,0.8974010690840917,71.36542374429526,1.2370236795396636
5.573,65.43715228770223,65.92620702846432,0.8974010690840917,65.63753370090414,1.2536805621643015
5.574,60.04504928335412,59.926804058270136,0.8974010690840917,59.718223883232135,1.2774201317909228
5.575,55.674878193529565,55.736125052531776,0.8974010690840917,55.56326505622068,1.283510769687125
5.5760000000000005,52.29287137850379,51.72958201171119,0.8974010690840917,51.656456521319626,1.2922449942153023
5.577,49.86140791184869,49.90984284188999,0.8974010690840917,49.85945229853193,1.2885314670844117
5.578,48.34508302644225,48.025149945557786,0.8974010690840917,48.025385764473725,1.298192754517565
5.579,47.71979213129009,47.18826537787871,0.8974010690840917,47.28359758893707,1.293390809048517
5.58,47.98117679714039,47.63547799745077,0.8974010690840917,47.77568197962226,1.3252884831474627
5.581,49.157976237796746,49.00204291827309,0.8974010690840917,49.16193685623574,1.3424946836026936
5.582,51.28914470151396,50.32733834864536,0.8974010690840917,50.63594835947638,1.337673785289189
5.583,54.39168716279383,55.19582991004253,0.8974010690840917,55.481060795947606,1.3510128117925908
5.5840000000000005,58.509815060798445,59.165231324633936,0.8974010690840917,59.47662743613441,1.2751692027644965
5.585,63.63326500576768,62.80608738474776,0.8974010690840917,63.22873651694206,1.1756189426392638
5.586,69.68504424754224,68.13136165842914,0.8974010690840917,68.62088318319273,1.0960797764292982
5.587,76.56857207260279,74.29675181151745,0.8974010690840917,74.90435040690076,1.062360617801976
5.588,84.16910338606914,83.0523678489966,0.8974010690840917,83.64635586477758,1.070876973623959
5.589,92.42424234066084,91.54199446463186,0.8974010690840917,92.17013245305554,1.082667829301283
5.59,101.3020786152618,101.34028705225836,0.8974010690840917,101.9546270084435,1.0926561938614066
5.591,110.71624542504917,110.95640678961,0.8974010690840917,111.6055288633064,1.0950713485534673
5.5920000000000005,120.49414394466363,121.29418585685148,0.8974010690840917,121.97846213689337,1.126065085948789
5.593,132.8859570045742,132.55508414291958,0.8974010690840917,133.3061460572925,1.1912662361127735
5.594,144.9405915809049,145.7479951252838,0.8974010690840917,146.3941691094555,1.2072905833985232
5.595,156.33919037843177,155.4908272438955,0.8974010690840917,156.1508328491807,1.2024091106544281
5.596,166.81242789030603,165.43548497276566,0.8974010690840917,166.14177433879223,1.278075555957526
5.597,176.13470653583138,176.68945914770296,0.8974010690840917,177.2158288967504,1.2978726662208508
5.598,184.1252543461225,183.30018385365383,0.8974010690840917,183.7969311121485,1.2889087187448796
5.599,190.64419064125843,189.2910131196901,0.8974010690840917,189.7596533637117,1.3209412178094309
5.6000000000000005,195.5853884691589,194.6117610955,0.8974010690840917,195.00485002492465,1.3028004192003295
5.601,198.89845265928548,198.55870733600605,0.8974010690840917,198.82973720978745,1.252189745650709
5.602,200.5834438505256,200.00566584193285,0.8974010690840917,200.22914782359675,1.1703084056085433
5.603,200.6862200368208,200.95775218168723,0.8974010690840917,201.05365362465434,1.1118187945894946
5.604,199.2481639259568,199.06391405641028,0.8974010690840917,199.14600879008813,1.1165558045219897
5.605,196.25827166407845,197.23454605649695,0.8974010690840917,197.18453201883088,1.125956555093486
5.606,191.71770286001893,192.1240689280233,0.8974010690840917,192.0128277179013,1.1479231447131206
5.607,185.65090608051236,185.40066982600771,0.8974010690840917,185.1854502060908,1.1601760312492921
5.6080000000000005,178.1185932472125,176.36115972825797,0.8974010690840917,176.17632226250717,1.1457660341380749
5.609,169.21561514224473,168.67680236080676,0.8974010690840917,168.4000973262878,1.1371253062132372
5.61,159.08509428351437,158.84402696656784,0.8974010690840917,158.48351042913131,1.1765262844047975
5.611,147.9275984446507,146.8240965710796,0.8974010690840917,146.48482856514067,1.1658271475644926
5.612,136.0175677484928,135.86082883126917,0.8974010690840917,135.4759115494466,1.1486250546428918
5.613,123.70729746949652,123.79262197073412,0.8974010690840917,123.37516487518047,1.176431016365721
5.614,111.4129963364954,110.97755780115575,0.8974010690840917,110.59362860254362,1.179188660359554
5.615,99.60414673806883,99.68938887393077,0.8974010690840917,99.31580330736153,1.1782459344211937
5.6160000000000005,88.79181610165423,88.60756067221935,0.8974010690840917,88.44701676334115,1.131547115651527
5.617,83.11562314369561,83.65953280314488,0.8974010690840917,83.5080482931653,1.0939227801235174
5.618,78.89893661132334,78.89233684347157,0.8974010690840917,78.86717080401762,1.0942300999322527
5.619,76.15419606152153,77.42960580082055,0.8974010690840917,77.40047625822574,1.0917319364759484
5.62,74.84768452869298,75.85834186962173,0.8974010690840917,75.88006859462179,1.0945407729141514
5.621,74.91166409890842,75.36538944927723,0.8974010690840917,75.46622054220713,1.085246489030147
5.622,76.2560141929619,76.27206629246548,0.8974010690840917,76.43225390577501,1.0748129123008368
5.623,78.78049532310149,77.96512495758185,0.8974010690840917,78.23849976594936,1.0752485345619285
5.6240000000000006,82.37860449497312,82.42423382059489,0.8974010690840917,82.70266374670322,1.072533928323628
5.625,86.94155276116432,86.99985485969427,0.8974010690840917,87.26680458024582,1.051214056968522
5.626,92.37027687640186,90.79474506626131,0.8974010690840917,91.23564374866422,1.0612838678115115
5.627,98.55651260979992,99.23723452956963,0.8974010690840917,99.61103592644095,1.036383885206956
5.628,105.35219041834108,105.25433270031886,0.8974010690840917,105.63250958531141,0.9937780835801738
5.629,112.61523087542052,111.2630411316298,0.8974010690840917,111.76535593615404,1.026234775319658
5.63,120.17683130101744,120.0834347857128,0.8974010690840917,120.52428813010184,1.0710202012694654
5.631,127.86774156512053,126.98526208513417,0.8974010690840917,127.45934108574748,1.0942507315338679
5.632,135.54687687495488,134.67448753518448,0.8974010690840917,135.17295009751174,1.1255626063373267
5.633,143.11635830133963,143.54379573512395,0.8974010690840917,143.97193705934345,1.1220081555459347
5.634,150.49292575967922,151.0964026126283,0.8974010690840917,151.52551488770297,1.1341961552158857
5.635,157.5267359670123,158.805910891971,0.8974010690840917,159.1638277827804,1.1379768274917972
5.636,164.03743143960577,164.54517701929413,0.8974010690840917,164.87987656139117,1.1196323213366344
5.6370000000000005,169.83594355732816,169.78261208699874,0.8974010690840917,170.07189955877902,1.1197732281666262
5.638,174.6987145289235,174.01794862546416,0.8974010690840917,174.28600843105156,1.1309508390207794
5.639,178.36940121864856,177.85558130838945,0.8974010690840917,178.05800355175546,1.140896771729843
5.64,180.58144871601397,180.13363479436575,0.8974010690840917,180.28557992004485,1.1402405468647845
5.641,181.7805716072086,181.5436469776216,0.8974010690840917,181.6207910326818,1.1373158842157365
5.642,181.0634539903882,181.4785494271075,0.8974010690840917,181.4229986469963,1.1400013039136423
5.643,178.46156392627935,178.07785548432048,0.8974010690840917,178.00951198960288,1.1305838369186043
5.644,174.03942841574275,174.91660705746293,0.8974010690840917,174.69056054188678,1.1356710998692265
5.6450000000000005,167.89263261764205,167.68912608173804,0.8974010690840917,167.45764221823902,1.1308061060584347
5.646,160.1407801600351,160.77389483081743,0.8974010690840917,160.4783444155366,1.0915218256016126
5.647,150.94434872585484,152.80656989463662,0.8974010690840917,152.42630586763093,1.0855709773010074
5.648,140.4960502215962,143.18883902496128,0.8974010690840917,142.69682033204245,1.128959051284089
5.649,129.03500682049398,131.08864317462988,0.8974010690840917,130.55913163615142,1.213248021114923
5.65,116.81591022686106,118.10501613023276,0.8974010690840917,117.52444554044145,1.3073913721772177
5.651,104.0703212033951,103.35924155319358,0.8974010690840917,102.89345438617791,1.3342742417011257
5.652,91.00581469498334,91.58434192604322,0.8974010690840917,91.08955757981313,1.3428716885168674
5.6530000000000005,77.84096650575987,78.87901830092176,0.8974010690840917,78.36496584576743,1.4071297509334997
5.654,64.80850604572124,64.83186588160466,0.8974010690840917,64.37104847169408,1.4669864400951216
5.655,52.18111586327648,51.83468553835049,0.8974010690840917,51.444507675203695,1.488058098732162
5.656,40.272814180310576,40.403466635534194,0.8974010690840917,40.08520249221336,1.507653137936675
5.657,29.43296825355891,30.51474937497088,0.8974010690840917,30.17883822157845,1.5631124931206324
5.658,20.03882939845117,20.16095457957833,0.8974010690840917,20.020333366411183,1.5914127621258858
5.659,12.48595721559171,14.719034190935446,0.8974010690840917,14.557048786651894,1.6038032065488008
5.66,7.168718007564635,8.1293846233343,0.8974010690840917,8.146933926142465,1.627057606207498
5.6610000000000005,4.458402059798416,5.55948047062701,0.8974010690840917,5.705847528265837,1.6223977704809776
5.662,4.685036394365696,5.897485929685209,0.8974010690840917,6.191836521182451,1.6144019501759563
5.663,8.108903101061188,9.51249051722976,0.8974010690840917,9.950142971720336,1.5962369420957574
5.664,14.883272744621166,16.4288340260077,0.8974010690840917,16.74737924798755,1.4954126410487085
5.665,18.553323803048656,18.386429036333286,0.8974010690840917,18.809671131448663,1.4129130637389575
5.666,23.72119562473289,22.19973398892993,0.8974010690840917,22.784043869043334,1.3341718560480973
5.667,30.065938905599864,29.62839922900936,0.8974010690840917,30.27950366056669,1.271912383794633
5.668,37.30340677663878,38.50786082902676,0.8974010690840917,39.06537461330311,1.1851091122775852
5.6690000000000005,45.22643523677763,44.43956946557998,0.8974010690840917,45.12246695284132,1.124757759575292
5.67,53.68235206649257,52.63119487611185,0.8974010690840917,53.33842138959847,1.1186892255888583
5.671,62.58540213825833,60.981622970870106,0.8974010690840917,61.76605834762417,1.115414142561635
5.672,71.89555200517322,71.11828621301578,0.8974010690840917,71.90553999332974,1.1268709222030633
5.673,81.6328599121729,81.20887033536026,0.8974010690840917,82.01482780670497,1.1237367917461303
5.674,91.8483370240754,91.76238811216774,0.8974010690840917,92.51178011910305,1.099859834979245
5.675,102.61152585908334,100.57412379487988,0.8974010690840917,101.50112941055272,1.1457844198374114
5.676,113.9810727152269,114.10721447287004,0.8974010690840917,114.95671463394831,1.1921859332288556
5.6770000000000005,125.9880909109045,125.2719607142494,0.8974010690840917,126.16685006041625,1.1921953016381326
5.678,138.61806217320537,137.64166865765364,0.8974010690840917,138.5272684505836,1.2436866970604978
5.679,151.80740572210007,149.61115831971318,0.8974010690840917,150.57505337850984,1.3245987414130258
5.68,165.43592702285872,164.01518365786754,0.8974010690840917,164.9862717714936,1.451070592932354
5.681,179.30535477709086,179.21970087238665,0.8974010690840917,180.12963723048753,1.55030368394479
5.682,193.12512776462933,193.18996793548965,0.8974010690840917,194.08804010789515,1.652990475180568
5.683,206.5227800715006,207.2609632134701,0.8974010690840917,208.1076910805848,1.7440893527177324
5.684,219.07188338415915,221.082685301458,0.8974010690840917,221.72829317285627,1.7433557144391516
5.6850000000000005,230.31126740204505,230.0985283488795,0.8974010690840917,230.7485220776402,1.7543753083090705
5.686,239.70709424938656,239.52678079662843,0.8974010690840917,240.10102230570905,1.7681637615021863
5.687,246.68731832791127,247.63000091161229,0.8974010690840917,248.01428722580062,1.6903398484603842
5.688,250.6897170383048,251.8238779080476,0.8974010690840917,251.91043259389696,1.5750587043469364
5.689,247.5545437323952,248.7704046657962,0.8974010690840917,248.70944166374898,1.5781096709503395
5.69,241.716190998223,241.8859784487321,0.8974010690840917,241.74275180527673,1.5659076287360194
5.691,233.63894748866335,233.735779960602,0.8974010690840917,233.56466914178495,1.5223937965279428
5.692,223.7996188305151,225.5437542235809,0.8974010690840917,225.16964819478372,1.5308375701097192
5.6930000000000005,212.64677898399103,212.2101445011429,0.8974010690840917,211.8780401453879,1.4978188670227726
5.694,200.5902467348497,200.80563837492429,0.8974010690840917,200.39646998513345,1.4180102216128014
5.695,188.0034221747942,188.27605024813195,0.8974010690840917,187.80677037363287,1.3874076180766837
5.696,175.21946073307396,174.37876309078365,0.8974010690840917,173.94265850425876,1.317066902206453
5.697,162.52966133794882,161.74682238866328,0.8974010690840917,161.30422388424614,1.2244891417898867
5.698,150.18132206871772,149.86302709157164,0.8974010690840917,149.39728426890656,1.1794147325963917
5.699,138.37811115391767,137.71864107253643,0.8974010690840917,137.31750798400688,1.1338748697421275
5.7,127.28112575341798,127.73611099990056,0.8974010690840917,127.30275334761171,1.1179272961626834
5.7010000000000005,117.00143754555316,117.33234504184982,0.8974010690840917,116.8982609866863,1.1443768467945146
5.702,107.57935107973562,106.56943395356416,0.8974010690840917,106.24494964834696,1.1171267339236481
5.703,98.9796488075512,98.31050684589852,0.8974010690840917,97.99853841713329,1.087708618670292
5.704,91.1489653988144,90.2618920614408,0.8974010690840917,89.97147372677297,1.0807986784614607
5.705,84.0165705876733,82.38186083599552,0.8974010690840917,82.15996494178026,1.0710024273099419
5.706,77.52551727937245,76.38060581550462,0.8974010690840917,76.19492045355312,1.0528869315766247
5.707,71.62761627446693,71.64103160628423,0.8974010690840917,71.44858235852347,1.0716008537036465
5.708,66.30726109035766,66.63662445645026,0.8974010690840917,66.4457886010969,1.111746223112598
5.7090000000000005,61.56945057927977,61.71700139764618,0.8974010690840917,61.63886015264555,1.1445410487639074
5.71,57.4407348972941,59.81948065787144,0.8974010690840917,59.62953553049129,1.1899224288100503
5.711,53.96352100111197,54.35686503484734,0.8974010690840917,54.247192400109725,1.2569484982181152
5.712,51.18339787710127,50.50200668294034,0.8974010690840917,50.346735774244806,1.2950499663417974
5.713,43.33582801261496,44.58057219831292,0.8974010690840917,44.39509969763663,1.360096635447816
5.714,37.22996389001729,37.34977685919928,0.8974010690840917,37.19339255680821,1.4172915788473943
5.715,32.85478235824472,30.39951821035622,0.8974010690840917,30.491566584493015,1.4126989854084082
5.716,30.147342741472627,29.307420006898507,0.8974010690840917,29.354338071429236,1.392375002849275
5.7170000000000005,29.007841071467965,25.80720820436194,0.8974010690840917,26.04090572642,1.4064841776288015
5.718,29.31142537056661,27.048851692851404,0.8974010690840917,27.372960185967187,1.3681143375343814
5.719,30.89565745458654,30.457584494728398,0.8974010690840917,30.768203559380325,1.2648606104716371
5.72,33.553739730378325,32.71454828261468,0.8974010690840917,33.08900281892198,1.1618379392127558
5.721,37.071477803322125,35.68730927528434,0.8974010690840917,36.171077663983304,1.0955068730327069
5.722,41.24598357203793,41.333256868495006,0.8974010690840917,41.75757377689806,1.0289726871225102
5.723,45.90640405052784,44.85703844371899,0.8974010690840917,45.36651867118132,1.0372312303184605
5.724,50.99628639035308,50.833961522895926,0.8974010690840917,51.363470102718715,1.073169236810064
5.7250000000000005,56.51451339389062,57.15635395941708,0.8974010690840917,57.68756977159711,1.0959583829599484
5.726,62.46962502383951,63.714510099039735,0.8974010690840917,64.22393311859992,1.1120467772248466
5.727,68.87324893228254,69.84530086615936,0.8974010690840917,70.33613208620626,1.114734249041505
5.728,75.73300245864107,74.91802283681535,0.8974010690840917,75.53866973961927,1.1409273026858895
5.729,83.01549952291808,83.45067508555337,0.8974010690840917,84.06334440137884,1.1355223538012031
5.73,90.63046895042925,91.42212263670216,0.8974010690840917,92.06196192534684,1.0997685684791936
5.731,98.44693174509835,100.1352198269568,0.8974010690840917,100.76933994269535,1.0727942790499345
5.732,106.29626126867636,108.61569252863907,0.8974010690840917,109.19951187821123,1.0322798537524258
5.7330000000000005,113.9919038673306,115.17920569793584,0.8974010690840917,115.75376464068296,1.0067071733229909
5.734,121.33871366364323,121.11412073155311,0.8974010690840917,121.73606866720561,1.0205269405213844
5.735,128.1395708746799,128.11626830471008,0.8974010690840917,128.70075725478426,1.0309445669986057
5.736,134.203404051311,134.24778237502676,0.8974010690840917,134.7237357467102,0.9948371234239978
5.737,137.7195179063877,137.6369146532182,0.8974010690840917,138.11989395365495,0.9703689363067413
5.738,140.63786280951473,141.07661038608637,0.8974010690840917,141.47729954406995,0.9510707053222082
5.739,143.133548303073,142.47529153402735,0.8974010690840917,142.914129825005,0.9440668654335567
5.74,145.38065221019937,145.5403854940248,0.8974010690840917,145.88501093108638,0.9476500142890735
5.7410000000000005,147.49551109245323,146.13138056159283,0.8974010690840917,146.5943242229915,0.9724547071798975
5.742,149.55108700823592,149.71695447893035,0.8974010690840917,150.1430190663707,1.0278760824352302
5.743,151.5996919594649,152.64793763491727,0.8974010690840917,153.0668088956962,1.078472588181492
5.744,153.68892490118276,155.72714624919342,0.8974010690840917,156.01558190191852,1.1240532688524727
5.745,155.859719613073,155.38900825245923,0.8974010690840917,155.74143822930964,1.162837745852504
5.746,158.13303593102626,157.00339409996806,0.8974010690840917,157.41127422670607,1.187344950181277
5.747,160.53443662899255,160.34582070417864,0.8974010690840917,160.69925433210017,1.166637190809601
5.748,163.10221202173,162.8223457189328,0.8974010690840917,163.14552738729734,1.1279578948324518
5.7490000000000006,165.84865575418718,165.21235840426513,0.8974010690840917,165.5287948949527,1.1133033864794375
5.75,168.73149006897836,167.48452059735172,0.8974010690840917,167.82130980453266,1.110640239615076
5.751,171.64767513569026,170.6946597889488,0.8974010690840917,170.94788327989792,1.1206745121928414
5.752,174.4365773931087,171.9320365279929,0.8974010690840917,172.261293079533,1.1319369472900416
5.753,176.90133458646633,175.1287003738026,0.8974010690840917,175.39884058594527,1.156095042965587
5.754,178.80537411185833,177.02216934544603,0.8974010690840917,177.2620393802561,1.2087838844818346
5.755,179.84685834767828,178.59684234804263,0.8974010690840917,178.7914754548438,1.2838120481306885
5.756,179.6951899741611,179.63422063398434,0.8974010690840917,179.71619360136498,1.3597729306603734
5.757000000000001,178.03000651549732,178.1686310129851,0.8974010690840917,178.1856982340979,1.425348957663232
5.758,174.56082896733173,175.59339740530743,0.8974010690840917,175.48276410995354,1.4889685874508418
5.759,169.0484899727509,170.23048350027227,0.8974010690840917,170.00841715467294,1.5463944927307443
5.76,161.343946561754,162.48167477228327,0.8974010690840917,162.23868280100606,1.4238966382200344
5.761,156.01159901676635,155.09102553874612,0.8974010690840917,154.93209770819018,1.25210877235087
5.7620000000000005,150.18366114851497,151.08611621284757,0.8974010690840917,150.80904294794956,1.1530219482775705
5.763,144.0968061985916,144.15808628236627,0.8974010690840917,143.92281644796896,1.069220787044968
5.764,137.95559971607182,139.31302221462,0.8974010690840917,138.9819975423062,1.020649509910837
5.765,131.93106528620643,132.29277918043684,0.8974010690840917,132.0149404445011,1.001447297568647
5.766,126.16172811201972,127.6043359408868,0.8974010690840917,127.27113839731236,1.0098749000229452
5.767,120.74825083378856,121.39371095819683,0.8974010690840917,121.09274036201916,1.0241165058942938
5.768,115.67928892128722,115.79374471329707,0.8974010690840917,115.54059807006016,1.0064542640544853
5.769,110.89424205378018,111.1915670103512,0.8974010690840917,110.97598417633439,0.9998055303192556
5.7700000000000005,106.35935917875727,107.37132475518446,0.8974010690840917,107.12851656719656,1.024715096001442
5.771,102.07823952611268,102.85122678965728,0.8974010690840917,102.63497126341188,1.0891251852750292
5.772,98.097710726017,99.3658608789913,0.8974010690840917,99.103831504146,1.16626298098831
5.773,94.47484324256442,94.1227348334271,0.8974010690840917,93.93844538219928,1.259273136423078
5.774,91.27340750341706,90.27177494798386,0.8974010690840917,90.1822581870383,1.3384801470078262
5.775,88.56625584288645,88.53330035455792,0.8974010690840917,88.39992057539038,1.429163250051042
5.776,86.43667818992986,85.17969193373924,0.8974010690840917,85.13381626244808,1.5370108264240334
5.777,84.97853305933435,83.87498887095394,0.8974010690840917,83.87041174872567,1.6203152626048893
5.7780000000000005,84.29496979809358,82.8492013295154,0.8974010690840917,82.9265760808115,1.7053417837716054
5.779,84.48115096819168,83.18762927436245,0.8974010690840917,83.36474601574558,1.6134084182258221
5.78,85.52309909564472,85.04487945102187,0.8974010690840917,85.23238886223822,1.4889012915234523
5.781,87.36797695885517,86.12745114729321,0.8974010690840917,86.45742074383935,1.3733340196573076
5.782,89.96072810955422,89.8084634116133,0.8974010690840917,90.12929946402853,1.2587342105238728
5.783,93.23957024805992,92.39951926078804,0.8974010690840917,92.8160017151598,1.167601985179695
5.784,97.13107274976036,97.16566706650408,0.8974010690840917,97.6323923508239,1.0910896757232282
5.785,104.07353263369444,102.55066719673316,0.8974010690840917,103.17521334496469,1.066261232434671
5.7860000000000005,111.68712261842,111.8350975636206,0.8974010690840917,112.40103162056548,1.046267370552856
5.787,119.66217221426012,118.7638139445046,0.8974010690840917,119.41796251862077,1.045448278082641
5.788,127.73355930287808,127.62930591378876,0.8974010690840917,128.24053127940775,1.0778372567117296
5.789,135.6739665656967,135.51497036406496,0.8974010690840917,136.11042065589342,1.1192229635507174
5.79,143.23276934917857,142.7573503912608,0.8974010690840917,143.32915573842013,1.1955114235921007
5.791,150.16785626583174,149.3799406076759,0.8974010690840917,149.95133143035463,1.299101847483504
5.792,156.25536086805477,156.12985515307156,0.8974010690840917,156.6040119009436,1.4051980697085966
5.793,161.28886017804135,160.30594074004813,0.8974010690840917,160.77921048381359,1.50468818257701
5.7940000000000005,165.07879530325997,164.97959914369412,0.8974010690840917,165.32254236111027,1.6144217397702423
5.795,167.4591766474557,166.54158097829634,0.8974010690840917,166.8430559611387,1.5732979108113392
5.796,168.37808826113485,167.97681159737624,0.8974010690840917,168.17928666094608,1.473447293602286
5.797,167.8639383529608,167.75331671144903,0.8974010690840917,167.8719548854785,1.3659561750933968
5.798,165.96259689521116,166.3307523909084,0.8974010690840917,166.3428065155116,1.268801170262327
5.799,162.74018525493494,162.6911114680674,0.8974010690840917,162.6076401001291,1.1756303401646429
5.8,158.2870352406314,157.41181060459945,0.8974010690840917,157.32788106778148,1.0852034564110362
5.801,152.72241949184823,152.87229204962415,0.8974010690840917,152.70613263585656,1.0282571122487192
5.8020000000000005,146.1948809559297,146.5038855008766,0.8974010690840917,146.27640631847615,1.037745349524564
5.803,138.8279082636832,138.7410339534654,0.8974010690840917,138.5030909383305,1.0414945746211803
5.804,130.7608561292691,131.0337477989417,0.8974010690840917,130.78272131609756,1.0410251896191793
5.805,122.19660873639911,122.66722720170144,0.8974010690840917,122.35117684514822,1.0714419563845623
5.806,113.38999394479146,112.72276244412495,0.8974010690840917,112.46897060348621,1.0767320752475342
5.807,104.64557180250073,104.84132025971216,0.8974010690840917,104.62564259629923,1.0535072665706147
5.808,96.31243820425252,98.1957740547616,0.8974010690840917,97.96968041591462,1.064041457613148
5.809,91.11575037511236,91.49182188775625,0.8974010690840917,91.33569636715528,1.0715998281422539
5.8100000000000005,86.71351552570368,86.35948085536289,0.8974010690840917,86.31530481220392,1.0584984318912143
5.811,83.12177473693534,84.23743606305949,0.8974010690840917,84.15104719653759,1.059946003641613
5.812,80.33557832852082,80.79180866199479,0.8974010690840917,80.77385271065376,1.0735271726182556
5.813,78.33758217908519,79.04475602325994,0.8974010690840917,79.01748624595889,1.0747374440276851
5.814,77.10575014013887,76.56996222126112,0.8974010690840917,76.62948029156591,1.0766039976925257
5.815,76.619778463102,75.80716609753141,0.8974010690840917,75.93590286069167,1.0732804631985349
5.816,76.8659852335152,76.7371898023296,0.8974010690840917,76.90572380324028,1.0684069020780378
5.817,77.84051076638221,78.5842739953201,0.8974010690840917,78.72038111465052,1.0559347862852366
5.8180000000000005,79.55075482726153,79.29316074595417,0.8974010690840917,79.44252668026796,1.0446913330103773
5.819,82.01503716371504,79.8087516829528,0.8974010690840917,80.13390734390063,1.0408037737842106
5.82,85.26051469648574,84.31084221108078,0.8974010690840917,84.6295021188524,1.0360660956053274
5.821,89.31942836025041,88.28985625416543,0.8974010690840917,88.63254127191482,1.0181248584085174
5.822,94.2237918633017,92.75950581219196,0.8974010690840917,93.21163965077905,1.0337915396170052
5.823,99.99868017400578,100.46696180789912,0.8974010690840917,100.9170339823366,1.0505014752478212
5.824,106.65433317648784,108.2780637362373,0.8974010690840917,108.70636699918383,1.0315384758039978
5.825,114.17736418223636,115.55626271074632,0.8974010690840917,116.0253461474864,1.032244141564013
5.8260000000000005,122.5214564309161,123.93465510226096,0.8974010690840917,124.44228134362004,1.0532727166200386
5.827,131.59804337862013,132.61442195286406,0.8974010690840917,133.12674779371014,1.0726503713296205
5.828,141.2675971609066,141.59986684613352,0.8974010690840917,142.13403855940373,1.1061358879808902
5.829,151.3322867725062,151.14967165899213,0.8974010690840917,151.6952341599374,1.1483684095219067
5.83,161.53090109630622,160.65562140935424,0.8974010690840917,161.22353066337104,1.1983362036902205
5.831,171.53704451836336,170.87968692967956,0.8974010690840917,171.44315375202748,1.2590973920943231
5.832,180.96168161589245,180.82166959765203,0.8974010690840917,181.31645790159666,1.2908291649809411
5.833,189.48303591772128,188.95016184932365,0.8974010690840917,189.35959606920008,1.3002375681128808
5.8340000000000005,196.276183031648,195.0569142514273,0.8974010690840917,195.4071175678938,1.3118931319471554
5.835,201.2362042074124,199.96789736877383,0.8974010690840917,200.26262136662925,1.32983924697036
5.836,204.3098156945784,203.6053433378345,0.8974010690840917,203.77500494507353,1.3326789942610147
5.837,205.48483695797225,204.2307216853396,0.8974010690840917,204.37954729144283,1.3198094554511548
5.838,204.7807124120633,205.166627360238,0.8974010690840917,205.14417209739304,1.313836403884347
5.839,202.2406744579397,202.1018704000901,0.8974010690840917,202.02476465102978,1.2973633073689184
5.84,197.92591509346465,197.99752797650856,0.8974010690840917,197.80275673137535,1.2735787386411408
5.841,191.9119443132547,191.48327202523728,0.8974010690840917,191.25704119093388,1.2413465872992488
5.8420000000000005,184.28715557141905,184.7420741046673,0.8974010690840917,184.40928086099632,1.2186937350570437
5.843,175.153487741498,175.56308859076844,0.8974010690840917,175.16470197976827,1.206454252786692
5.844,164.62896315802823,165.2559591289153,0.8974010690840917,164.70662622935072,1.23543921520982
5.845,152.85178557212743,151.07174072325424,0.8974010690840917,150.63020273723959,1.203467872491333
5.846,139.98559366607356,140.25743671075446,0.8974010690840917,139.71431007067528,1.173947836207364
5.847,126.22537993126066,126.86722342077508,0.8974010690840917,126.21694692119956,1.2707052132453083
5.848,111.80349813261518,110.7960011105973,0.8974010690840917,110.2128130424626,1.3104384899107482
5.849,96.99509501148518,96.52452967508484,0.8974010690840917,95.89366454124588,1.3428749414846652
5.8500000000000005,82.12221651528687,81.0202531568994,0.8974010690840917,80.47721664546184,1.3885790881873865
5.851,67.55576282130406,67.54821557961971,0.8974010690840917,66.99083345780636,1.4343463973824258
5.852,53.71441113860504,53.71792222471194,0.8974010690840917,53.19379429897189,1.5135602132550048
5.853,41.05960643355286,40.40665912156323,0.8974010690840917,40.00168705163923,1.553159039562302
5.854,30.085757501291056,29.97063338886818,0.8974010690840917,29.61422754301373,1.5841393670770636
5.855,21.305907663415468,20.46784574822008,0.8974010690840917,20.285761086327785,1.6201361506555156
5.856,15.243803404171205,15.27425566563948,0.8974010690840917,15.118440017454628,1.6656179230086035
5.857,8.460040201302633,10.105235151719338,0.8974010690840917,9.94167997785959,1.789498256879777
5.8580000000000005,3.856033698968077,4.629578622298702,0.8974010690840917,4.580076165565534,1.9141151544545376
5.859,1.4713388622030692,1.596612656222998,0.8974010690840917,1.68810982559713,1.955153916468858
5.86,1.2734874012229795,1.5079937728435162,0.8974010690840917,1.6949786947354424,1.8824482048493458
5.861,3.136354398613207,2.5363025343121315,0.8974010690840917,2.866542248342977,1.7596716777951233
5.862,6.883522104371295,6.323317978119759,0.8974010690840917,6.84364166183332,1.6515718723450743
5.863,12.344874482377437,14.403079397243827,0.8974010690840917,14.890393218431775,1.5449524180490524
5.864,19.388963611977545,20.465844545360337,0.8974010690840917,21.07044039544181,1.4094462777462313
5.865,27.87785291573761,28.658172538200184,0.8974010690840917,29.3057509834136,1.3352964068819053
5.8660000000000005,37.70330648801617,37.07516670578545,0.8974010690840917,37.84414603807216,1.2502933480926994
5.867,48.74586351201202,47.21850863240475,0.8974010690840917,48.117734014165706,1.2748912095634217
5.868,60.9305479980599,60.68552858230438,0.8974010690840917,61.53975068777942,1.2834121619330536
5.869,74.22060468447111,72.84563652163727,0.8974010690840917,73.8315443889956,1.2824455938425887
5.87,88.51627014741653,88.34719494017553,0.8974010690840917,89.31375497349134,1.297591582009265
5.871,103.66906582185952,102.9548383630984,0.8974010690840917,103.9994450788583,1.3014936265074006
5.872,119.47135355989988,119.14699297855856,0.8974010690840917,120.17421175869934,1.336109877890287
5.873,135.65844927069494,134.8336397055042,0.8974010690840917,135.90593919882028,1.3861985400150274
5.8740000000000006,151.90674324973756,151.60555462069647,0.8974010690840917,152.62861617825652,1.4452123157826844
5.875,167.83163153336494,167.26519909705846,0.8974010690840917,168.24778496965126,1.4842496608081723
5.876,182.9896099338129,181.94339389187624,0.8974010690840917,182.91653903957567,1.554469881639509
5.877,196.885467473711,196.8688158298432,0.8974010690840917,197.6967601951733,1.6003002784186386
5.878,208.98541885272556,208.0053968111511,0.8974010690840917,208.78791416794036,1.6239695259248186
5.879,218.7368187461442,218.18713047995263,0.8974010690840917,218.83271247988955,1.6565022454279408
5.88,225.59477983675325,225.1383027657142,0.8974010690840917,225.6990903585627,1.6666815726841866
5.881,230.79913157389623,230.56067461018637,0.8974010690840917,230.99387247383166,1.6758254838904914
5.882000000000001,233.4181493843019,233.3408997709978,0.8974010690840917,233.65816201647212,1.6695529132901754
5.883,233.70676549853533,233.748232036786,0.8974010690840917,233.97436045352427,1.653206650773079
5.884,231.95824090348555,232.5060163293104,0.8974010690840917,232.5790585259742,1.6256717644903922
5.885,228.4785003339008,228.1417123880011,0.8974010690840917,228.21660366438465,1.5761086513090787
5.886,223.5649690371561,224.8304661605017,0.8974010690840917,224.77616499598255,1.5350160163006121
5.8870000000000005,217.4902438348796,218.8945881934277,0.8974010690840917,218.7725921637733,1.4874577844855006
5.888,210.4905944321771,212.11162961535223,0.8974010690840917,211.88543853850805,1.437237240388281
5.889,202.75905486373023,203.4443323404849,0.8974010690840917,203.2346879342914,1.3632814223143184
5.89,194.4427156540851,196.18519884010377,0.8974010690840917,195.87598850703495,1.3066518792536699
5.891,185.64374698175573,186.9427162362381,0.8974010690840917,186.57189353190597,1.2767842269760807
5.892,176.42471493231636,176.59254128032336,0.8974010690840917,176.26996830680795,1.2015995971002527
5.893,166.8284307907106,167.932089204589,0.8974010690840917,167.55494585011868,1.1311491468489552
5.894,156.8954079821873,158.35601991338032,0.8974010690840917,157.85044111351115,1.1458372444797986
5.8950000000000005,146.6771088718592,145.6668313830927,0.8974010690840917,145.2932391579656,1.1261595353872038
5.896,136.17990650434058,136.7636102816704,0.8974010690840917,136.29784401137542,1.1145933945424262
5.897,125.39746772415046,125.36383446864605,0.8974010690840917,124.94715534243412,1.1670445990553988
5.898,114.3705517399152,115.5133691670267,0.8974010690840917,114.98494076288057,1.2305849860540383
5.899,103.15481563431018,102.42971889699348,0.8974010690840917,101.99841744135071,1.2666304429836144
5.9,91.79356622090896,91.53690546450464,0.8974010690840917,91.12611390601606,1.2310353396461593
5.901,80.35665308584417,80.63517439270557,0.8974010690840917,80.15297506696768,1.2705938348125694
5.902,68.9915097781875,67.56293180673542,0.8974010690840917,67.21955087230083,1.2751473790506294
5.9030000000000005,57.92855851387904,57.84025694128103,0.8974010690840917,57.506163598819924,1.2599073724354781
5.904,47.50303722982558,48.162992722773325,0.8974010690840917,47.86545983486502,1.304061842582669
5.905,39.66320602898229,39.16365850112257,0.8974010690840917,39.003923518551574,1.34012842410512
5.906,34.29640396678221,33.82520009380037,0.8974010690840917,33.806374711297764,1.3563729498009587
5.907,31.36645961279937,31.691229972036904,0.8974010690840917,31.725837121186032,1.3929171967872984
5.908,30.7576809695876,30.49633217127493,0.8974010690840917,30.64268112735099,1.4078703817218081
5.909,32.27150131487056,31.973498949594116,0.8974010690840917,32.214653280750454,1.3909915029437612
5.91,35.64974454448105,35.46756878429775,0.8974010690840917,35.787661771922586,1.364108711086325
5.9110000000000005,40.60638902791342,40.44448846054827,0.8974010690840917,40.830068970638884,1.3274706687400328
5.912,46.84255206727545,46.44720606716079,0.8974010690840917,46.92821545434962,1.2946239648283382
5.913,54.05744989531678,54.35618410010121,0.8974010690840917,54.86609268381896,1.2587859585364045
5.914,61.95683679815282,62.67806612793834,0.8974010690840917,63.189202035355244,1.204106869365063
5.915,70.2592458798583,70.60958991996792,0.8974010690840917,71.15948708408412,1.1583306402773312
5.916,78.7004313058899,79.08391451832468,0.8974010690840917,79.59639018520927,1.1017401967990417
5.917,87.03644489798647,85.8223728543725,0.8974010690840917,86.41332514749946,1.0713794613643053
5.918,95.04577796118409,94.11461773803453,0.8974010690840917,94.71224194578464,1.0636350475916712
5.9190000000000005,102.53097012552564,102.1345906230887,0.8974010690840917,102.71008962289532,1.0343391942310542
5.92,109.32003701063962,109.13018563887604,0.8974010690840917,109.64698465224933,0.9975586272560286
5.921,115.2680021667468,114.21713354976649,0.8974010690840917,114.77055498661396,0.988126097016019
5.922,120.25873897333705,119.98923839005592,0.8974010690840917,120.46133216132235,0.9804979092292181
5.923,124.20620606726966,123.73817025200924,0.8974010690840917,124.13801874487991,0.9629210344463305
5.924,127.04514231317498,125.4925016818134,0.8974010690840917,125.95122811323441,0.9757944224349261
5.925,128.72817951648173,129.08516071314034,0.8974010690840917,129.43026298335565,0.998313251908503
5.926,129.2399503949587,129.6966283694599,0.8974010690840917,129.9576626116535,1.0059679513009183
5.9270000000000005,128.62232003596975,128.25068581737938,0.8974010690840917,128.52238368397204,0.9924916779143705
5.928,127.0054449263014,127.57464612624791,0.8974010690840917,127.88756191693489,0.9778570897568649
5.929,128.74177455423788,128.50183864735072,0.8974010690840917,128.8338794598655,0.9748060176986241
5.93,130.00578050142985,130.33117181902685,0.8974010690840917,130.61949337501912,0.9703765925341272
5.931,130.81000342294098,131.04500759134132,0.8974010690840917,131.33741805526535,0.9528073225086271
5.932,131.2004721509055,132.50258220735836,0.8974010690840917,132.7146987066945,0.9355965018887707
5.933,131.25928782617692,132.2667929109725,0.8974010690840917,132.48936828048826,0.9316114054633801
5.934,131.04601933416387,132.5412506572381,0.8974010690840917,132.7213440841059,0.9343690972707397
5.9350000000000005,130.5939742053303,131.62470211623253,0.8974010690840917,131.8394435964854,0.9333426636327934
5.936,129.9457366903706,132.06467976980176,0.8974010690840917,132.19164292419163,0.9392512645332176
5.937,129.14265027220154,130.00742785600002,0.8974010690840917,130.17140997465114,0.9432260039699374
5.938,128.23750089139094,128.78577040241407,0.8974010690840917,128.9432799260476,0.9380533897452412
5.939,127.2980451690086,127.70170118915348,0.8974010690840917,127.85358407525585,0.9349651746171617
5.94,126.39538292404018,126.83672326966614,0.8974010690840917,127.01940076357438,0.9336441165951898
